---------------------------------------------------------------------------------------------------------------------------------------------------------------------
      name:  <unnamed>
       log:  C:\Users\Equipo\Downloads\11_taller.log
  log type:  text
 opened on:  26 Mar 2026, 04:22:19

. do "C:\Users\Equipo\OneDrive\Desktop\proyecto\4Medio ambiente- innovacion\3. Estrategia empirica\3. Modelos\talleres por tema - teoria econometrica\11taller_Panel_
> IV.do"

. **# Capitulo 11
. 
. 
. *******************************************************************************
. ****************************** VI-EF & VI-RE **********************************
. *******************************************************************************
. /*
> TALLER: RE-IV (Wooldridge 11.2) con "airfare" 
> 
> Modelo:
>   lpassen_it = b1*ldist_it + b2*ldistsq_it + b3*lfare_it + c_i + u_it
>   lfare_it endógena
>   Instrumento excluido: concern_it
>   Exógenas: ldist_it, ldistsq_it (también son instrumentos)
> */
. 
. 
. clear all

. set more off

. 
. bcuse airfare, clear

Contains data from http://fmwww.bc.edu/ec-p/data/wooldridge/airfare.dta
 Observations:         4,596                  
    Variables:            16                  24 Jan 2013 11:00
---------------------------------------------------------------------------------------------------------------------------------------------------------------------
Variable      Storage   Display    Value
    name         type    format    label      Variable label
---------------------------------------------------------------------------------------------------------------------------------------------------------------------
year            int     %9.0g                 1997, 1998, 1999, 2000
origin          str21   %21s                  flight's origin
destin          str24   %24s                  flight's destination
id              int     %9.0g                 route identifier
dist            int     %9.0g                 distance, in miles
passen          int     %9.0g                 avg. passengers per day
fare            int     %9.0g                 avg. one-way fare, $
bmktshr         float   %9.0g                 fraction market, biggest carrier
ldist           float   %9.0g                 log(distance)
y98             byte    %9.0g                 =1 if year == 1998
y99             byte    %9.0g                 =1 if year == 1999
y00             byte    %9.0g                 =1 if year == 2000
lfare           float   %9.0g                 log(fare)
ldistsq         float   %9.0g                 ldist^2
concen          float   %9.0g                 = bmktshr
lpassen         float   %9.0g                 log(passen)
---------------------------------------------------------------------------------------------------------------------------------------------------------------------
Sorted by: id  year

Panel variable: id (strongly balanced)
 Time variable: year, 1997 to 2000
         Delta: 1 unit

. 
. xtset id year

Panel variable: id (strongly balanced)
 Time variable: year, 1997 to 2000
         Delta: 1 unit

. sort id year

. 
. *------------------------------------------------------------*
. * Especificación 
. *------------------------------------------------------------*
. local y     "lpassen"

. local exog  "ldist ldistsq"

. local endog "lfare"

. local zexcl "concen"

. 
. * Chequeo mínimo
. foreach v in id year `y' `exog' `endog' `zexcl' {
  2.     cap confirm variable `v'
  3.     if _rc {
  4.         di as error "Falta la variable: `v'. (Revisá nombres en la base)."
  5.         exit 198
  6.     }
  7. }

. 
. 
. xtivreg `y' `exog' (`endog' = `zexcl'), re

G2SLS random-effects IV regression              Number of obs     =      4,596
Group variable: id                              Number of groups  =      1,149

R-squared:                                      Obs per group:
     Within  = 0.2852                                         min =          4
     Between = 0.0488                                         avg =        4.0
     Overall = 0.0559                                         max =          4

                                                Wald chi2(3)      =      27.72
corr(u_i, X) = 0 (assumed)                      Prob > chi2       =     0.0000

------------------------------------------------------------------------------
     lpassen | Coefficient  Std. err.      z    P>|z|     [95% conf. interval]
-------------+----------------------------------------------------------------
       lfare |  -1.306227   .3669373    -3.56   0.000    -2.025411   -.5870434
       ldist |  -2.130415    .778286    -2.74   0.006    -3.655827   -.6050025
     ldistsq |   .1892713    .063801     2.97   0.003     .0642236    .3143189
       _cons |    18.3696   3.310968     5.55   0.000     11.88022    24.85898
-------------+----------------------------------------------------------------
     sigma_u |  .94936396
     sigma_e |  .16608808
         rho |  .97030259   (fraction of variance due to u_i)
------------------------------------------------------------------------------
Endogenous: lfare
Exogenous:  ldist ldistsq concen

. estimates store REIV_base

. 
.  scalar lambda_xt_base = e(theta)

.     di as txt "lambda = " %9.6f lambda_xt_base
lambda =  0.912859

.         
. **# RE-IV: directo con xtivreg
. 
. *------------------------------------------------------------*
. * A) RE-IV directo (GIV bajo estructura RE)
. *------------------------------------------------------------*
. 
. ** reproduce primera columna del cuadro del manual:
. xtreg lpassen lfare ldist ldistsq i.year, re

Random-effects GLS regression                   Number of obs     =      4,596
Group variable: id                              Number of groups  =      1,149

R-squared:                                      Obs per group:
     Within  = 0.4507                                         min =          4
     Between = 0.0501                                         avg =        4.0
     Overall = 0.0606                                         max =          4

                                                Wald chi2(6)      =    2787.70
corr(u_i, X) = 0 (assumed)                      Prob > chi2       =     0.0000

------------------------------------------------------------------------------
     lpassen | Coefficient  Std. err.      z    P>|z|     [95% conf. interval]
-------------+----------------------------------------------------------------
       lfare |  -1.102457   .0219557   -50.21   0.000     -1.14549   -1.059425
       ldist |  -1.970735   .6474435    -3.04   0.002    -3.239701   -.7017694
     ldistsq |   .1709783   .0489368     3.49   0.000     .0750639    .2668928
             |
        year |
       1998  |    .045209   .0060291     7.50   0.000     .0333922    .0570259
       1999  |   .1005163   .0060546    16.60   0.000     .0886495    .1123831
       2000  |   .1896112   .0063639    29.79   0.000     .1771382    .2020843
             |
       _cons |    17.0064   2.132516     7.97   0.000     12.82675    21.18606
-------------+----------------------------------------------------------------
     sigma_u |  .84258129
     sigma_e |  .14295339
         rho |  .97202045   (fraction of variance due to u_i)
------------------------------------------------------------------------------

. xtreg lpassen lfare ldist ldistsq i.year, re vce(cluster id)

Random-effects GLS regression                   Number of obs     =      4,596
Group variable: id                              Number of groups  =      1,149

R-squared:                                      Obs per group:
     Within  = 0.4507                                         min =          4
     Between = 0.0501                                         avg =        4.0
     Overall = 0.0606                                         max =          4

                                                Wald chi2(6)      =     536.65
corr(u_i, X) = 0 (assumed)                      Prob > chi2       =     0.0000

                                 (Std. err. adjusted for 1,149 clusters in id)
------------------------------------------------------------------------------
             |               Robust
     lpassen | Coefficient  std. err.      z    P>|z|     [95% conf. interval]
-------------+----------------------------------------------------------------
       lfare |  -1.102457   .1017355   -10.84   0.000    -1.301855   -.9030596
       ldist |  -1.970735   .7039586    -2.80   0.005    -3.350469   -.5910018
     ldistsq |   .1709783   .0535889     3.19   0.001     .0659459    .2760107
             |
        year |
       1998  |    .045209   .0048069     9.41   0.000     .0357877    .0546304
       1999  |   .1005163   .0062197    16.16   0.000      .088326    .1127067
       2000  |   .1896112   .0092013    20.61   0.000     .1715771    .2076454
             |
       _cons |    17.0064    2.38227     7.14   0.000     12.33724    21.67557
-------------+----------------------------------------------------------------
     sigma_u |  .84258129
     sigma_e |  .14295339
         rho |  .97202045   (fraction of variance due to u_i)
------------------------------------------------------------------------------

. xtreg lpassen lfare ldist ldistsq i.year, re vce(cluster id) theta

Random-effects GLS regression                   Number of obs     =      4,596
Group variable: id                              Number of groups  =      1,149

R-squared:                                      Obs per group:
     Within  = 0.4507                                         min =          4
     Between = 0.0501                                         avg =        4.0
     Overall = 0.0606                                         max =          4

                                                Wald chi2(6)      =     536.65
corr(u_i, X) = 0 (assumed)                      Prob > chi2       =     0.0000
theta        = .91547297

                                 (Std. err. adjusted for 1,149 clusters in id)
------------------------------------------------------------------------------
             |               Robust
     lpassen | Coefficient  std. err.      z    P>|z|     [95% conf. interval]
-------------+----------------------------------------------------------------
       lfare |  -1.102457   .1017355   -10.84   0.000    -1.301855   -.9030596
       ldist |  -1.970735   .7039586    -2.80   0.005    -3.350469   -.5910018
     ldistsq |   .1709783   .0535889     3.19   0.001     .0659459    .2760107
             |
        year |
       1998  |    .045209   .0048069     9.41   0.000     .0357877    .0546304
       1999  |   .1005163   .0062197    16.16   0.000      .088326    .1127067
       2000  |   .1896112   .0092013    20.61   0.000     .1715771    .2076454
             |
       _cons |    17.0064    2.38227     7.14   0.000     12.33724    21.67557
-------------+----------------------------------------------------------------
     sigma_u |  .84258129
     sigma_e |  .14295339
         rho |  .97202045   (fraction of variance due to u_i)
------------------------------------------------------------------------------

. ** reproduce tercera columna del cuadro del manual:
. xtivreg lpassen ldist ldistsq (lfare = concen) i.year, re

G2SLS random-effects IV regression              Number of obs     =      4,596
Group variable: id                              Number of groups  =      1,149

R-squared:                                      Obs per group:
     Within  = 0.4075                                         min =          4
     Between = 0.0542                                         avg =        4.0
     Overall = 0.0641                                         max =          4

                                                Wald chi2(6)      =     231.10
corr(u_i, X) = 0 (assumed)                      Prob > chi2       =     0.0000

------------------------------------------------------------------------------
     lpassen | Coefficient  Std. err.      z    P>|z|     [95% conf. interval]
-------------+----------------------------------------------------------------
       lfare |  -.5078761    .229698    -2.21   0.027     -.958076   -.0576763
       ldist |  -1.504805   .6933147    -2.17   0.030    -2.863677   -.1459336
     ldistsq |   .1176012   .0546255     2.15   0.031     .0105373    .2246652
             |
        year |
       1998  |   .0307363   .0086054     3.57   0.000     .0138699    .0476027
       1999  |   .0796548     .01038     7.67   0.000     .0593104    .0999992
       2000  |   .1325795   .0229831     5.77   0.000     .0875335    .1776255
             |
       _cons |   13.29643   2.626949     5.06   0.000     8.147708    18.44516
-------------+----------------------------------------------------------------
     sigma_u |  .94920686
     sigma_e |  .16964171
         rho |  .96904799   (fraction of variance due to u_i)
------------------------------------------------------------------------------
Endogenous: lfare
Exogenous:  ldist ldistsq 1998.year 1999.year 2000.year concen

. xtivreg lpassen ldist ldistsq (lfare = concen) i.year, re vce(cluster id)

G2SLS random-effects IV regression              Number of obs     =      4,596
Group variable: id                              Number of groups  =      1,149

R-squared:                                      Obs per group:
     Within  = 0.4075                                         min =          4
     Between = 0.0542                                         avg =        4.0
     Overall = 0.0641                                         max =          4


                                                Wald chi2(6)      =     125.15
corr(u_i, X) = 0 (assumed)                      Prob > chi2       =     0.0000

                                 (Std. err. adjusted for 1,149 clusters in id)
------------------------------------------------------------------------------
             |               Robust
     lpassen | Coefficient  std. err.      z    P>|z|     [95% conf. interval]
-------------+----------------------------------------------------------------
       lfare |  -.5078761   .4984509    -1.02   0.308    -1.484822    .4690697
       ldist |  -1.504805   .7842235    -1.92   0.055    -3.041855    .0322444
     ldistsq |   .1176012   .0671018     1.75   0.080    -.0139159    .2491184
             |
        year |
       1998  |   .0307363    .013596     2.26   0.024     .0040885     .057384
       1999  |   .0796548   .0208758     3.82   0.000     .0387389    .1205707
       2000  |   .1325795   .0507288     2.61   0.009     .0331528    .2320062
             |
       _cons |   13.29643   3.779494     3.52   0.000     5.888762    20.70411
-------------+----------------------------------------------------------------
     sigma_u |  .94920686
     sigma_e |  .16964171
         rho |  .96904799   (fraction of variance due to u_i)
------------------------------------------------------------------------------
Endogenous: lfare
Exogenous:  ldist ldistsq 1998.year 1999.year 2000.year concen

. xtivreg lpassen ldist ldistsq (lfare = concen) i.year, re vce(cluster id) theta

G2SLS random-effects IV regression              Number of obs     =      4,596
Group variable: id                              Number of groups  =      1,149

R-squared:                                      Obs per group:
     Within  = 0.4075                                         min =          4
     Between = 0.0542                                         avg =        4.0
     Overall = 0.0641                                         max =          4


                                                Wald chi2(6)      =     125.15
corr(u_i, X) = 0 (assumed)                      Prob > chi2       =     0.0000
theta        = .91099494

                                 (Std. err. adjusted for 1,149 clusters in id)
------------------------------------------------------------------------------
             |               Robust
     lpassen | Coefficient  std. err.      z    P>|z|     [95% conf. interval]
-------------+----------------------------------------------------------------
       lfare |  -.5078761   .4984509    -1.02   0.308    -1.484822    .4690697
       ldist |  -1.504805   .7842235    -1.92   0.055    -3.041855    .0322444
     ldistsq |   .1176012   .0671018     1.75   0.080    -.0139159    .2491184
             |
        year |
       1998  |   .0307363    .013596     2.26   0.024     .0040885     .057384
       1999  |   .0796548   .0208758     3.82   0.000     .0387389    .1205707
       2000  |   .1325795   .0507288     2.61   0.009     .0331528    .2320062
             |
       _cons |   13.29643   3.779494     3.52   0.000     5.888762    20.70411
-------------+----------------------------------------------------------------
     sigma_u |  .94920686
     sigma_e |  .16964171
         rho |  .96904799   (fraction of variance due to u_i)
------------------------------------------------------------------------------
Endogenous: lfare
Exogenous:  ldist ldistsq 1998.year 1999.year 2000.year concen

. 
. /* que es lo que hace el comando xtivreg:
>                 1) Si bien Stata nos muestra una sola salida, por detras hace dos etapas. 
>                    Primero, realiza una regresion POOL-2SLS y extra las varianzas de los componentes
>                    de heterogeneidad inobservale, y la varianza idiosincratica. 
>                    Con ello, arma una matriz de pesos W, y la arma con una estructura particular: la estructura RE.
>                    Para ello utiliza las dos varianzas anteriores estimadas. 
>                    Una vez que tiene la estimacion de W, esto es, con la forma RE, lo que hace es pasar a la segunda etapa.
>                 2) En la segunda etapa, estima el mismo modelo, pero ya no sera por POOL-2SLS, sino que, al utilizar a
>                    W con esta estructura como ponderacion, lo que hace es estimar por un estimador GIV.
>                    Este estimador GIV, que usa este W particular (estructura RE), es el estimador GIV=RE-IV.
>                    
> * El instrumentos entra tanto en la primera etapa, como en la segunda cuando ya se impone la estructura RE en la matriz W.
>   la primera etapa es necesaria para obtener los componentes de varianza del componente de error RE. 
>   la segunda etapa es aplicar el GIV particular y asi obtiene el famoso estimador RE-IV.
> 
> */
. 
. **# RE-IV: transformacion quasi-demeaning y luego aplico 2SLS
. 
. *------------------------------------------------------------*
. * B) RE-IV alternativo: por transformacion quasi-demeaned.
. * partimos de un modelo RE-IV. 
. * (no es correcto partir de un modelo RE, tenemos que partir de un modelo RE-IV para que 
. *  los componentes de varianza estimados, y lambda, surjan sin endogeneidad)
. * Pero hacer lo anterior "manual" es tedioso, y llevaria bastante codigo de stata, 
. * asi que mejor usar directamente, otra vez, el comando xtivreg para ayudarnos a ahorrar pasos. 
. * Una vez estimamos ese modelo, podemos extraer lo que precisamos.
. * extraemos sus componentes de varianza y la lambda. 
. * generamos las variables quasi-demeaned
. * segunda etapa: estimo la especificacion quasi-demeaned por POOL-2SLS 
. *
. *------------------------------------------------------------*
. 
. xtivreg lpassen ldist ldistsq i.year (lfare = concen), re 

G2SLS random-effects IV regression              Number of obs     =      4,596
Group variable: id                              Number of groups  =      1,149

R-squared:                                      Obs per group:
     Within  = 0.4075                                         min =          4
     Between = 0.0542                                         avg =        4.0
     Overall = 0.0641                                         max =          4

                                                Wald chi2(6)      =     231.10
corr(u_i, X) = 0 (assumed)                      Prob > chi2       =     0.0000

------------------------------------------------------------------------------
     lpassen | Coefficient  Std. err.      z    P>|z|     [95% conf. interval]
-------------+----------------------------------------------------------------
       lfare |  -.5078761    .229698    -2.21   0.027     -.958076   -.0576763
       ldist |  -1.504805   .6933147    -2.17   0.030    -2.863677   -.1459336
     ldistsq |   .1176012   .0546255     2.15   0.031     .0105373    .2246652
             |
        year |
       1998  |   .0307363   .0086054     3.57   0.000     .0138699    .0476027
       1999  |   .0796548     .01038     7.67   0.000     .0593104    .0999992
       2000  |   .1325795   .0229831     5.77   0.000     .0875335    .1776255
             |
       _cons |   13.29643   2.626949     5.06   0.000     8.147708    18.44516
-------------+----------------------------------------------------------------
     sigma_u |  .94920686
     sigma_e |  .16964171
         rho |  .96904799   (fraction of variance due to u_i)
------------------------------------------------------------------------------
Endogenous: lfare
Exogenous:  ldist ldistsq 1998.year 1999.year 2000.year concen

. 
. scalar sigma_c2 = (e(sigma_u))^2   // Var(c_i)

. scalar sigma_u2 = (e(sigma_e))^2   // Var(u_it)

. 
. bys id: gen int Ti = _N

. gen double theta_i = 1 - sqrt( sigma_u2 / (sigma_u2 + Ti*sigma_c2) )

. 
. * medias por id
. bys id: egen double mean_lpassen = mean(lpassen)

. bys id: egen double mean_ldist   = mean(ldist)

. bys id: egen double mean_ldistsq = mean(ldistsq)

. bys id: egen double mean_lfare   = mean(lfare)

. bys id: egen double mean_concen = mean(concen)

. bys id: egen double mean_y98     = mean(y98)

. bys id: egen double mean_y99     = mean(y99)

. bys id: egen double mean_y00     = mean(y00)

. 
. * transformadas
. gen double q_lpassen = lpassen - theta_i*mean_lpassen

. gen double q_ldist   = ldist   - theta_i*mean_ldist

. gen double q_ldistsq = ldistsq - theta_i*mean_ldistsq

. gen double q_lfare   = lfare   - theta_i*mean_lfare

. gen double q_concen = concen - theta_i*mean_concen

. gen double q_y98     = y98     - theta_i*mean_y98

. gen double q_y99     = y99     - theta_i*mean_y99

. gen double q_y00     = y00     - theta_i*mean_y00

. 
. * intercepto quasi-demeaned: 1~ = 1 - theta_i
. gen double cons_q = 1 - theta_i

. 
. ivregress 2sls q_lpassen cons_q q_ldist q_ldistsq q_y98 q_y99 q_y00 (q_lfare = q_concen), nocons

Instrumental-variables 2SLS regression            Number of obs   =      4,596
                                                  Wald chi2(7)    =   53930.64
                                                  Prob > chi2     =     0.0000
                                                  Root MSE        =     .15668

------------------------------------------------------------------------------
   q_lpassen | Coefficient  Std. err.      z    P>|z|     [95% conf. interval]
-------------+----------------------------------------------------------------
     q_lfare |  -.5078761    .229523    -2.21   0.027     -.957733   -.0580192
      cons_q |   13.29643   2.624948     5.07   0.000      8.15163    18.44124
     q_ldist |  -1.504805   .6927865    -2.17   0.030    -2.862642   -.1469687
   q_ldistsq |   .1176012   .0545839     2.15   0.031     .0106188    .2245836
       q_y98 |   .0307363   .0085989     3.57   0.000     .0138828    .0475898
       q_y99 |   .0796548   .0103721     7.68   0.000     .0593259    .0999837
       q_y00 |   .1325795   .0229656     5.77   0.000     .0875679    .1775912
------------------------------------------------------------------------------
Endogenous: q_lfare
Exogenous:  cons_q q_ldist q_ldistsq q_y98 q_y99 q_y00 q_concen

. estimates store RE2SLS_quasi

. 
. *--------------------------------------------------------------------------------
. ** ahora el mismo RE-IV alternativo pero con errores estandar robustos
. 
. xtivreg lpassen ldist ldistsq i.year (lfare = concen), re vce(cluster id)

G2SLS random-effects IV regression              Number of obs     =      4,596
Group variable: id                              Number of groups  =      1,149

R-squared:                                      Obs per group:
     Within  = 0.4075                                         min =          4
     Between = 0.0542                                         avg =        4.0
     Overall = 0.0641                                         max =          4


                                                Wald chi2(6)      =     125.15
corr(u_i, X) = 0 (assumed)                      Prob > chi2       =     0.0000

                                 (Std. err. adjusted for 1,149 clusters in id)
------------------------------------------------------------------------------
             |               Robust
     lpassen | Coefficient  std. err.      z    P>|z|     [95% conf. interval]
-------------+----------------------------------------------------------------
       lfare |  -.5078761   .4984509    -1.02   0.308    -1.484822    .4690697
       ldist |  -1.504805   .7842235    -1.92   0.055    -3.041855    .0322444
     ldistsq |   .1176012   .0671018     1.75   0.080    -.0139159    .2491184
             |
        year |
       1998  |   .0307363    .013596     2.26   0.024     .0040885     .057384
       1999  |   .0796548   .0208758     3.82   0.000     .0387389    .1205707
       2000  |   .1325795   .0507288     2.61   0.009     .0331528    .2320062
             |
       _cons |   13.29643   3.779494     3.52   0.000     5.888762    20.70411
-------------+----------------------------------------------------------------
     sigma_u |  .94920686
     sigma_e |  .16964171
         rho |  .96904799   (fraction of variance due to u_i)
------------------------------------------------------------------------------
Endogenous: lfare
Exogenous:  ldist ldistsq 1998.year 1999.year 2000.year concen

. 
. scalar sigma_c2r = (e(sigma_u))^2   // Var(c_i)

. scalar sigma_u2r = (e(sigma_e))^2   // Var(u_it)

. 
. bys id: gen int Tir = _N

. gen double theta_ir = 1 - sqrt( sigma_u2r / (sigma_u2r + Tir*sigma_c2r) )

. 
. * transformadas
. gen double q_lpassenr = lpassen - theta_ir*mean_lpassen

. gen double q_ldistr   = ldist   - theta_ir*mean_ldist

. gen double q_ldistsqr = ldistsq - theta_ir*mean_ldistsq

. gen double q_lfarer   = lfare   - theta_ir*mean_lfare

. gen double q_concenr = concen - theta_ir*mean_concen

. gen double q_y98r     = y98     - theta_ir*mean_y98

. gen double q_y99r     = y99     - theta_ir*mean_y99

. gen double q_y00r     = y00     - theta_ir*mean_y00

. 
. * intercepto quasi-demeaned: 1~ = 1 - theta_i
. gen double cons_qr = 1 - theta_ir

. 
. ivregress 2sls q_lpassenr cons_qr q_ldistr q_ldistsqr q_y98r q_y99r q_y00r (q_lfarer = q_concenr), nocons vce(cluster id)

Instrumental-variables 2SLS regression            Number of obs   =      4,596
                                                  Wald chi2(7)    =   61893.33
                                                  Prob > chi2     =     0.0000
                                                  Root MSE        =     .15668

                                 (Std. err. adjusted for 1,149 clusters in id)
------------------------------------------------------------------------------
             |               Robust
  q_lpassenr | Coefficient  std. err.      z    P>|z|     [95% conf. interval]
-------------+----------------------------------------------------------------
    q_lfarer |  -.5078761   .4979085    -1.02   0.308    -1.483759    .4680067
     cons_qr |   13.29643   3.775381     3.52   0.000     5.896822    20.69604
    q_ldistr |  -1.504805   .7833702    -1.92   0.055    -3.040183    .0305721
  q_ldistsqr |   .1176012   .0670288     1.75   0.079    -.0137728    .2489753
      q_y98r |   .0307363   .0135812     2.26   0.024     .0041175    .0573551
      q_y99r |   .0796548   .0208531     3.82   0.000     .0387835    .1205262
      q_y00r |   .1325795   .0506737     2.62   0.009      .033261    .2318981
------------------------------------------------------------------------------
Endogenous: q_lfarer
Exogenous:  cons_qr q_ldistr q_ldistsqr q_y98r q_y99r q_y00r q_concenr

. estimates store RE2SLS_quasi_rob

. 
. summ theta_ir theta_i

    Variable |        Obs        Mean    Std. dev.       Min        Max
-------------+---------------------------------------------------------
    theta_ir |      4,596    .9109949           0   .9109949   .9109949
     theta_i |      4,596    .9109949           0   .9109949   .9109949

. 
. 
. **# RE-IV: Prueba de exogeneidad 
. 
. *------------------------------- PRUEBAS -----------------------------------------
. 
. /****************************************************************************************
> ACLARACIÓN: ¿qué es y_it2 y y_it3 en cada prueba RE-IV?
> 
> Hay dos pruebas distintas, y por eso la "partición" cambia:
> 
> (1) Test de exogeneidad (Control Function, eqs. 11.19–11.21)
>     Pregunta: "¿puedo tratar cierta variable como EXÓGENA bajo RE?"
>     - y_it3 = bloque "en duda" (la variable cuya exogeneidad testeo).
>     - y_it2 = endógenas "aceptadas" (que ya trato como endógenas y para las que tengo
>              instrumentos excluidos).
>     En nuestra aplicación:
>       y_it3 = lfare   (queremos testear si lfare es exógena o endógena)
>       y_it2 = -       (no hay otras endógenas aparte de lfare, así que este bloque es nulo)
>     El test se basa en: H0: rho = 0 (coeficiente del residuo de la forma reducida).
> 
> (2) Test de sobreidentificación (Overid, eqs. 11.22–11.23)
>     Pregunta: "DADO que una variable es endógena y la instrumento, ¿son válidos (exogenos) los
>               instrumentos EXCEDENTES?"
>     - En esta prueba NO existe y_it3 (se omite).
>     - y_it2 = vector de endógenas instrumentadas.
>     En nuestra aplicación:
>       y_it2 = lfare   (ahora lfare se trata como endógena instrumentada)
>       y_it3 = (omitido)
>     Condición clave: para poder hacer overid se necesita sobreidentificación.
>       Con 1 endógena (lfare), necesito al menos 2 instrumentos excluidos.
>       Si solo tengo concen -> justo identificado -> no hay overid.
>       Si agrego origin y/o destin (instrumentos adicionales) -> sí hay overid y el test tiene sentido.
> ****************************************************************************************/
. 
. 
. *------------------------ (1) Prueba de exogeneidad sobre lfare ----------------------
. 
. * lpassen = (cons + ldist + ldistsq + y98  + y99  + y00)*delta + (lfare)*gamma + c + u      (11.19)
. * nota: en este caso no tenemos variables que vayan en y_it2*alpha. 
. *       en ese vector irian otras variables que consideremos endogenas, y para las que tambien contemos con al menos un instrumento no trivial, y para las cuales n
> o nos interesa evaluar su exogeneidad.
. *       Entonces, las que van en y_it2 son endogenas que no nos interesa evaluar.
. *       Mientras que, las que van en y_it3 son la o las endogenas que nos interesa evaluar su exogeneidad. 
. *       En este caso, solo hay una endogena, y nos interesa evaluarla, por lo tanto, tenemos una en y_it3 y no tenemos ninguna en y_it2.
.  
. * (1) Reduced form para lfare: podés usar pooled OLS o RE (11.20)
. xtreg lfare ldist ldistsq y98 y99 y00 concen, re

Random-effects GLS regression                   Number of obs     =      4,596
Group variable: id                              Number of groups  =      1,149

R-squared:                                      Obs per group:
     Within  = 0.1348                                         min =          4
     Between = 0.4176                                         avg =        4.0
     Overall = 0.4030                                         max =          4

                                                Wald chi2(6)      =    1360.42
corr(u_i, X) = 0 (assumed)                      Prob > chi2       =     0.0000

------------------------------------------------------------------------------
       lfare | Coefficient  Std. err.      z    P>|z|     [95% conf. interval]
-------------+----------------------------------------------------------------
       ldist |  -.8520921   .2464836    -3.46   0.001    -1.335191   -.3689931
     ldistsq |   .0974604   .0186358     5.23   0.000     .0609348     .133986
         y98 |   .0224743   .0044544     5.05   0.000     .0137438    .0312047
         y99 |   .0366898   .0044528     8.24   0.000     .0279626    .0454171
         y00 |    .098212   .0044576    22.03   0.000     .0894752    .1069487
      concen |   .2089935   .0265297     7.88   0.000     .1569962    .2609907
       _cons |   6.222005   .8099666     7.68   0.000       4.6345     7.80951
-------------+----------------------------------------------------------------
     sigma_u |  .31933841
     sigma_e |  .10651186
         rho |  .89988885   (fraction of variance due to u_i)
------------------------------------------------------------------------------

. * (2) Residuo de la reduced form (composite residual)
. * En xtreg, 'ue' es el residual compuesto (efecto + idiosincrático)
. predict double vhat_lfare, ue

. * (3) estimamos ecuacion ampliada por RE-IV:
. xtivreg lpassen ldist ldistsq y98 y99 y00 vhat_lfare (lfare = concen), re vce(cluster id)

G2SLS random-effects IV regression              Number of obs     =      4,596
Group variable: id                              Number of groups  =      1,149

R-squared:                                      Obs per group:
     Within  = 0.4527                                         min =          4
     Between = 0.0482                                         avg =        4.0
     Overall = 0.0586                                         max =          4


                                                Wald chi2(7)      =     536.13
corr(u_i, X) = 0 (assumed)                      Prob > chi2       =     0.0000

                                 (Std. err. adjusted for 1,149 clusters in id)
------------------------------------------------------------------------------
             |               Robust
     lpassen | Coefficient  std. err.      z    P>|z|     [95% conf. interval]
-------------+----------------------------------------------------------------
       lfare |  -.5730295   .3677607    -1.56   0.119    -1.293827    .1477683
       ldist |  -1.555861   .7411213    -2.10   0.036    -3.008432   -.1032902
     ldistsq |   .1234502   .0604714     2.04   0.041     .0049285    .2419719
         y98 |   .0323222   .0105111     3.08   0.002     .0117208    .0529236
         y99 |   .0819408   .0158675     5.16   0.000     .0508411    .1130404
         y00 |    .138829   .0375328     3.70   0.000      .065266     .212392
  vhat_lfare |  -.5357665   .4068049    -1.32   0.188    -1.333089    .2615565
       _cons |   13.70297   3.158715     4.34   0.000        7.512    19.89393
-------------+----------------------------------------------------------------
     sigma_u |  .83903588
     sigma_e |  .14269446
         rho |  .97188941   (fraction of variance due to u_i)
------------------------------------------------------------------------------
Endogenous: lfare
Exogenous:  ldist ldistsq y98 y99 y00 vhat_lfare concen

. * Wald test de H0: rho=0  (si rechazás, lfare NO es exógena)
. test vhat_lfare

 ( 1)  vhat_lfare = 0

           chi2(  1) =    1.73
         Prob > chi2 =    0.1878

. 
. /*Conclusion: no se rechaza la hipotesis nula, por lo tanto, no rechazamos que lfare sea exogena.
>               No confundirse, este resultado lo que nos sugiere es que no es necesario implementar una estrategia IV.
>                           Lo siguiente seria elegir entre RE o FE para esta especificacion. (o incluso POLS!)
>                           Eso dependera de si los c_i se correlacionan o no con los regresores, conceptualmente hablando.
>                           Formalmente podemos usar el test de hausman para acompañar en la decision. 
>                           O la version robusta con Mundlak. 
> */
. 
. *La prueba anterior la deberiamos hacer SIEMPRE. 
. 
. **# RE-IV: Prueba de sobreidentificacion
. 
. *------------------------ (2) Prueba de sobreidentificacion (precisamos mas de un instrumento para lfare) ----------------------
. 
. * vamos a hacer de cuenta que el test anterior dio que lfare era endogena (aunque nos dio que no rechaza su exogeneidad) para poder mostrar el test.
. * Entonces tiene sentido instrumentarla, y supongamos que tenemos mas de un instrumnento.
. * necesito por lo menos un instruemento externo mas.
. 
. describe

Contains data from http://fmwww.bc.edu/ec-p/data/wooldridge/airfare.dta
 Observations:         4,596                  
    Variables:            50                  24 Jan 2013 11:00
---------------------------------------------------------------------------------------------------------------------------------------------------------------------
Variable      Storage   Display    Value
    name         type    format    label      Variable label
---------------------------------------------------------------------------------------------------------------------------------------------------------------------
year            int     %9.0g                 1997, 1998, 1999, 2000
origin          str21   %21s                  flight's origin
destin          str24   %24s                  flight's destination
id              int     %9.0g                 route identifier
dist            int     %9.0g                 distance, in miles
passen          int     %9.0g                 avg. passengers per day
fare            int     %9.0g                 avg. one-way fare, $
bmktshr         float   %9.0g                 fraction market, biggest carrier
ldist           float   %9.0g                 log(distance)
y98             byte    %9.0g                 =1 if year == 1998
y99             byte    %9.0g                 =1 if year == 1999
y00             byte    %9.0g                 =1 if year == 2000
lfare           float   %9.0g                 log(fare)
ldistsq         float   %9.0g                 ldist^2
concen          float   %9.0g                 = bmktshr
lpassen         float   %9.0g                 log(passen)
_est_REIV_base  byte    %8.0g                 esample() from estimates store
Ti              int     %8.0g                 
theta_i         double  %10.0g                
mean_lpassen    double  %10.0g                
mean_ldist      double  %10.0g                
mean_ldistsq    double  %10.0g                
mean_lfare      double  %10.0g                
mean_concen     double  %10.0g                
mean_y98        double  %10.0g                
mean_y99        double  %10.0g                
mean_y00        double  %10.0g                
q_lpassen       double  %10.0g                
q_ldist         double  %10.0g                
q_ldistsq       double  %10.0g                
q_lfare         double  %10.0g                
q_concen        double  %10.0g                
q_y98           double  %10.0g                
q_y99           double  %10.0g                
q_y00           double  %10.0g                
cons_q          double  %10.0g                
_est_RE2SLS_q~i byte    %8.0g                 esample() from estimates store
Tir             int     %8.0g                 
theta_ir        double  %10.0g                
q_lpassenr      double  %10.0g                
q_ldistr        double  %10.0g                
q_ldistsqr      double  %10.0g                
q_lfarer        double  %10.0g                
q_concenr       double  %10.0g                
q_y98r          double  %10.0g                
q_y99r          double  %10.0g                
q_y00r          double  %10.0g                
cons_qr         double  %10.0g                
_est_RE2SLS_q~b byte    %8.0g                 esample() from estimates store
vhat_lfare      double  %10.0g                u[id] + e[id,t]
---------------------------------------------------------------------------------------------------------------------------------------------------------------------
Sorted by: id  year
     Note: Dataset has changed since last saved.

. ** solo dos posibles extras: origin o destin
. 
. /****************************************************************************************
> TEST DE SOBREIDENTIFICACIÓN (RE-IV) — 3 etapas (Wooldridge 11.2)
> Endógena:   lfare
> Exógenas:   ldist ldistsq y98 y99 y00
> Instrumentos excluidos: concen  origin  
> Idea: con 1 endógena y 2 instrumentos excluidos => Q1=2-1=1 restricción overid
> ****************************************************************************************/
. 
. encode origin, gen(origin_id)

. 
. ********************************************************************************
. * (0) Estimar RE-IV con instrumentos excedentes (concen + origin) y obtener theta
. ********************************************************************************
. 
. xtivreg lpassen ldist ldistsq y98 y99 y00 (lfare = concen origin_id), re

G2SLS random-effects IV regression              Number of obs     =      4,596
Group variable: id                              Number of groups  =      1,149

R-squared:                                      Obs per group:
     Within  = 0.4078                                         min =          4
     Between = 0.0542                                         avg =        4.0
     Overall = 0.0641                                         max =          4

                                                Wald chi2(6)      =     225.95
corr(u_i, X) = 0 (assumed)                      Prob > chi2       =     0.0000

------------------------------------------------------------------------------
     lpassen | Coefficient  Std. err.      z    P>|z|     [95% conf. interval]
-------------+----------------------------------------------------------------
       lfare |  -.5089372   .1955274    -2.60   0.009    -.8921639   -.1257104
       ldist |  -1.505637   .6402845    -2.35   0.019    -2.760571   -.2507022
     ldistsq |   .1176965   .0501409     2.35   0.019     .0194222    .2159708
         y98 |   .0307621   .0082197     3.74   0.000     .0146519    .0468723
         y99 |    .079692   .0095904     8.31   0.000     .0608953    .0984888
         y00 |   .1326813   .0199162     6.66   0.000     .0936463    .1717163
       _cons |   13.30305    2.38055     5.59   0.000     8.637262    17.96885
-------------+----------------------------------------------------------------
     sigma_u |  .85957694
     sigma_e |  .16964171
         rho |   .9625112   (fraction of variance due to u_i)
------------------------------------------------------------------------------
Endogenous: lfare
Exogenous:  ldist ldistsq y98 y99 y00 concen origin_id

. scalar theta = e(theta)

. 
. * residual estructural uhat = y - X*b  (del modelo RE-IV)
. predict double xb_reiv, xb

. gen double uhat = lpassen - xb_reiv

. 
. * Quasi-demeaning (usar theta)
. *     ddot(a_it) = a_it - theta * mean_i(a_it)
. foreach v in lpassen lfare ldist ldistsq y98 y99 y00 concen origin_id uhat{
  2.     bys id: egen double m_`v' = mean(`v')
  3.     gen double ddot_`v' = `v' - theta*m_`v'
  4. }

. 
. * constante quasi-demeaned: 1* = 1 - theta  (la agregamos como variable y luego nocons para que el modelo no ponga su constante por defecto)
. capture drop cons_q

. gen double cons_q = 1 - theta

. 
. ********************************************************************************
. * (1) ETAPA (i): primera etapa (sobre datos quasi-demeaned) para lfare
. *     produce ddot_lfare_hat
. ********************************************************************************
. reg ddot_lfare cons_q ddot_ldist ddot_ldistsq ddot_y98 ddot_y99 ddot_y00 ddot_concen ddot_origin_id, nocons

      Source |       SS           df       MS      Number of obs   =     4,596
-------------+----------------------------------   F(8, 4588)      =  15282.52
       Model |  1160.42084         8  145.052605   Prob > F        =    0.0000
    Residual |  43.5465797     4,588  .009491408   R-squared       =    0.9638
-------------+----------------------------------   Adj R-squared   =    0.9638
       Total |  1203.96742     4,596  .261959839   Root MSE        =    .09742

--------------------------------------------------------------------------------
    ddot_lfare | Coefficient  Std. err.      t    P>|t|     [95% conf. interval]
---------------+----------------------------------------------------------------
        cons_q |   6.779294   1.246067     5.44   0.000     4.336404    9.222184
    ddot_ldist |  -.9923134   .3786165    -2.62   0.009    -1.734584    -.250043
  ddot_ldistsq |   .1085497   .0286291     3.79   0.000     .0524229    .1646766
      ddot_y98 |   .0227016   .0040712     5.58   0.000     .0147202    .0306831
      ddot_y99 |   .0364945   .0040695     8.97   0.000     .0285164    .0444726
      ddot_y00 |   .0979327   .0040745    24.04   0.000     .0899447    .1059207
   ddot_concen |   .1835382   .0258585     7.10   0.000      .132843    .2342334
ddot_origin_id |  -.0027802   .0006242    -4.45   0.000    -.0040039   -.0015565
--------------------------------------------------------------------------------

. predict double ddot_lfare_hat, xb

. 
. ********************************************************************************
. * (2) ETAPA (ii): "depurar" instrumento adicional ddot_origin_id respecto de
. *     (ddot_z1, ddot_lfare_hat) y obtener residuo ddot_rhat
. ********************************************************************************
. reg ddot_origin_id cons_q ddot_ldist ddot_ldistsq ddot_y98 ddot_y99 ddot_y00 ddot_lfare_hat, nocons

      Source |       SS           df       MS      Number of obs   =     4,596
-------------+----------------------------------   F(7, 4589)      =   2679.79
       Model |  70567.8376         7  10081.1197   Prob > F        =    0.0000
    Residual |  17263.4212     4,589  3.76191354   R-squared       =    0.8034
-------------+----------------------------------   Adj R-squared   =    0.8031
       Total |  87831.2588     4,596  19.1103696   Root MSE        =    1.9396

--------------------------------------------------------------------------------
ddot_origin_id | Coefficient  Std. err.      t    P>|t|     [95% conf. interval]
---------------+----------------------------------------------------------------
        cons_q |   839.7745   28.74476    29.21   0.000     783.4209    896.1281
    ddot_ldist |  -133.8237   7.731333   -17.31   0.000    -148.9809   -118.6666
  ddot_ldistsq |   13.53485    .605443    22.36   0.000     12.34789    14.72181
      ddot_y98 |   2.497054    .099251    25.16   0.000     2.302474    2.691634
      ddot_y99 |   3.599344    .115802    31.08   0.000     3.372316    3.826371
      ddot_y00 |   9.839974   .2404848    40.92   0.000     9.368508    10.31144
ddot_lfare_hat |  -102.5862   2.360962   -43.45   0.000    -107.2148   -97.95754
--------------------------------------------------------------------------------

. predict double ddot_rhat, resid

. 
. ********************************************************************************
. * (3) ETAPA (iii): ecuación auxiliar (11.23) y Wald robusto (cluster id)
. *     ddot_uhat = eta*ddot_rhat + error
. ********************************************************************************
. reg ddot_uhat ddot_rhat, vce(cluster id)

Linear regression                               Number of obs     =      4,596
                                                F(1, 1148)        =       0.04
                                                Prob > F          =     0.8362
                                                R-squared         =     0.0000
                                                Root MSE          =     .16054

                                 (Std. err. adjusted for 1,149 clusters in id)
------------------------------------------------------------------------------
             |               Robust
   ddot_uhat | Coefficient  std. err.      t    P>|t|     [95% conf. interval]
-------------+----------------------------------------------------------------
   ddot_rhat |   -.000369   .0017841    -0.21   0.836    -.0038695    .0031315
       _cons |   4.76e-13   .0024465     0.00   1.000    -.0048001    .0048001
------------------------------------------------------------------------------

. 
. * H0: eta = 0  -> si rechazás, el instrumento extra (origin) no pasa overid
. test ddot_rhat

 ( 1)  ddot_rhat = 0

       F(  1,  1148) =    0.04
            Prob > F =    0.8362

. 
. /* conclusion: no se rechaza la hipotesis nula. 
>                            no hay evidencia de que origin_id sea inválido como instrumento adicional
>                            (es decir, no hay evidencia de correlación con el error compuesto, bajo la especificación IV-RE que usamos). 
>                            Este es un ejemplo didactico. (Seguramente si bien parece ser exogena, es posible que no sea relevante para explicar lfare, que es la ot
> ra condicion que debe verificarse en un buen instrumento).
> */
. 
. 
. /****************************************************************************************
> ACLARACIÓN 
> 
> 1) Aunque "xtivreg, re" aplica internamente la transformación RE para estimar, cuando hacemos:
>        "predict xb_reiv, xb" los valores predichos xb_reiv estan en NIVELES (escala original) 
>            y por ende los residuos "uhat = y - xb_reiv" tambien.
>    Recién después nosotros construimos: ddot_uhat = uhat - theta*mean_i(uhat)
>    Eso es UNA sola transformación quasi-demeaned aplicada al residuo.
> 
> 2) En el test de sobreidentificación (ec. 11.23), el residuo debe venir del RE-IV
>    El objeto del test es:  ddot(uhat), donde uhat = y - x'*b_hat
>    y b_hat debe ser el estimador RE-IV (xtivreg, re), porque estamos testeando la validez
>    de instrumentos "extra" bajo ese modelo IV-RE.
>    Si en cambio usaramos uhat de un POLS (que trata lfare como exógena), el residuo incorpora
>    endogeneidad y el test deja de corresponder a la definición teórica.
> 
> 3) Ojo con la interpretación: este test NO evalúa relevancia
>    El test de sobreidentificación evalúa VALIDEZ/EXOGENEIDAD del instrumento extra
>    (si está correlacionado con el error).
>         
> ****************************************************************************************/
. 
. 
. **# RE-IV: Relevancia y Validez de los IV 
. 
. *--------------------------------- RELEVANCIA DE LOS INSTRUMENTOS (RE-IV) ------------------------------------
. 
. xtivreg lpassen ldist ldistsq y98 y99 y00 (lfare = concen origin_id), re vce(cluster id) first

First-stage G2SLS regression
                                                 Number of obs    =      4,596
                                                 Wald chi(7)      =       1238
                                                 Prob > chi2      =     0.0000

                                 (Std. err. adjusted for 1,149 clusters in id)
------------------------------------------------------------------------------
             |               Robust
       lfare | Coefficient  std. err.      z    P>|z|     [95% conf. interval]
-------------+----------------------------------------------------------------
       ldist |  -.9923134   .2670285    -3.72   0.000     -1.51568   -.4689471
     ldistsq |   .1085497   .0197894     5.49   0.000     .0697632    .1473363
         y98 |   .0227016   .0041567     5.46   0.000     .0145547    .0308485
         y99 |   .0364945   .0051299     7.11   0.000     .0264401    .0465489
         y00 |   .0979327   .0055126    17.77   0.000     .0871282    .1087373
      concen |   .1835382   .0461224     3.98   0.000       .09314    .2739365
   origin_id |  -.0027802   .0003968    -7.01   0.000    -.0035579   -.0020025
       _cons |   6.779294   .8976215     7.55   0.000     5.019988      8.5386
------------------------------------------------------------------------------

G2SLS random-effects IV regression              Number of obs     =      4,596
Group variable: id                              Number of groups  =      1,149

R-squared:                                      Obs per group:
     Within  = 0.4078                                         min =          4
     Between = 0.0542                                         avg =        4.0
     Overall = 0.0641                                         max =          4


                                                Wald chi2(6)      =     121.22
corr(u_i, X) = 0 (assumed)                      Prob > chi2       =     0.0000

                                 (Std. err. adjusted for 1,149 clusters in id)
------------------------------------------------------------------------------
             |               Robust
     lpassen | Coefficient  std. err.      z    P>|z|     [95% conf. interval]
-------------+----------------------------------------------------------------
       lfare |  -.5089372   .3576098    -1.42   0.155     -1.20984    .1919653
       ldist |  -1.505637   .7378883    -2.04   0.041    -2.951871   -.0594023
     ldistsq |   .1176965   .0597323     1.97   0.049     .0006232    .2347697
         y98 |   .0307621   .0103386     2.98   0.003     .0104989    .0510253
         y99 |    .079692   .0160506     4.97   0.000     .0482335    .1111506
         y00 |   .1326813   .0370666     3.58   0.000     .0600321    .2053305
       _cons |   13.30305   3.107452     4.28   0.000     7.212559    19.39355
-------------+----------------------------------------------------------------
     sigma_u |  .85957694
     sigma_e |  .16964171
         rho |   .9625112   (fraction of variance due to u_i)
------------------------------------------------------------------------------
Endogenous: lfare
Exogenous:  ldist ldistsq y98 y99 y00 concen origin_id

. 
. /*Cuidado: estat firststage/ estat endogenous/ estat overid
>         Esos estat ... son postestimation de ivregress, no de xtivreg. 
>         En la documentación oficial, estat endogenous, estat firststage y estat overid están definidos para ivregress (2SLS/GMM/LIML), incluyendo las versiones rob
> ustas cuando usás VCE robusta/cluster. 
>         Entonces, si querés exactamente esos estadísticos "tipo estat ..." en tu contexto RE-IV, la vía limpia es:
>         
>         1-Hacés tu quasi-demeaning con λ.
>         2-Estimás el 2SLS pooled sobre las variables quasi-demeaned con ivregress 2sls ... , vce(cluster id).
>         3- Ahí sí corrés los estat.
> */
. 
. drop m_lpassen ddot_lpassen m_lfare ddot_lfare m_ldist ddot_ldist m_ldistsq ddot_ldistsq m_y98 ddot_y98 m_y99 ddot_y99 m_y00 ddot_y00 m_concen ddot_concen m_origin
> _id ddot_origin_id cons_q

. 
. xtivreg lpassen ldist ldistsq y98 y99 y00 (lfare = concen origin_id), re

G2SLS random-effects IV regression              Number of obs     =      4,596
Group variable: id                              Number of groups  =      1,149

R-squared:                                      Obs per group:
     Within  = 0.4078                                         min =          4
     Between = 0.0542                                         avg =        4.0
     Overall = 0.0641                                         max =          4

                                                Wald chi2(6)      =     225.95
corr(u_i, X) = 0 (assumed)                      Prob > chi2       =     0.0000

------------------------------------------------------------------------------
     lpassen | Coefficient  Std. err.      z    P>|z|     [95% conf. interval]
-------------+----------------------------------------------------------------
       lfare |  -.5089372   .1955274    -2.60   0.009    -.8921639   -.1257104
       ldist |  -1.505637   .6402845    -2.35   0.019    -2.760571   -.2507022
     ldistsq |   .1176965   .0501409     2.35   0.019     .0194222    .2159708
         y98 |   .0307621   .0082197     3.74   0.000     .0146519    .0468723
         y99 |    .079692   .0095904     8.31   0.000     .0608953    .0984888
         y00 |   .1326813   .0199162     6.66   0.000     .0936463    .1717163
       _cons |   13.30305    2.38055     5.59   0.000     8.637262    17.96885
-------------+----------------------------------------------------------------
     sigma_u |  .85957694
     sigma_e |  .16964171
         rho |   .9625112   (fraction of variance due to u_i)
------------------------------------------------------------------------------
Endogenous: lfare
Exogenous:  ldist ldistsq y98 y99 y00 concen origin_id

. scalar theta = e(theta)

. foreach v in lpassen lfare ldist ldistsq y98 y99 y00 concen origin_id{
  2.     bys id: egen double m_`v' = mean(`v')
  3.     gen double ddot_`v' = `v' - theta*m_`v'
  4. }

. 
. capture drop cons_q

. gen double cons_q = 1 - theta

. 
. *ivregress 2sls  ddot_lpassen cons_q ddot_ldist ddot_ldistsq ddot_y98 ddot_y99 ddot_y00 (ddot_lfare = ddot_concen ddot_origin_id), nocons vce(cluster id) 
. *ivregress 2sls  ddot_lpassen cons_q ddot_ldist ddot_ldistsq ddot_y98 ddot_y99 ddot_y00 (ddot_lfare = ddot_concen ddot_origin_id), nocons vce(cluster id) first
. ivreg2 ddot_lpassen cons_q ddot_ldist ddot_ldistsq ddot_y98 ddot_y99 ddot_y00 (ddot_lfare = ddot_concen ddot_origin_id), nocons cluster(id)

IV (2SLS) estimation
--------------------

Estimates efficient for homoskedasticity only
Statistics robust to heteroskedasticity and clustering on id

Number of clusters (id) =         1149                Number of obs =     4596
                                                      F(  7,  1148) =  8796.64
                                                      Prob > F      =   0.0000
Total (centered) SS     =  161.4900798                Centered R2   =   0.2668
Total (uncentered) SS   =  1766.107082                Uncentered R2 =   0.9330
Residual SS             =  118.4033832                Root MSE      =    .1605

------------------------------------------------------------------------------
             |               Robust
ddot_lpassen | Coefficient  std. err.      z    P>|z|     [95% conf. interval]
-------------+----------------------------------------------------------------
  ddot_lfare |  -.5089372   .3572207    -1.42   0.154    -1.209077    .1912026
      cons_q |   13.30305   3.104071     4.29   0.000     7.219186    19.38692
  ddot_ldist |  -1.505637   .7370854    -2.04   0.041    -2.950298    -.060976
ddot_ldistsq |   .1176965   .0596674     1.97   0.049     .0007506    .2346423
    ddot_y98 |   .0307621   .0103273     2.98   0.003      .010521    .0510033
    ddot_y99 |    .079692   .0160331     4.97   0.000     .0482677    .1111164
    ddot_y00 |   .1326813   .0370263     3.58   0.000     .0601112    .2052514
------------------------------------------------------------------------------
Underidentification test (Kleibergen-Paap rk LM statistic):             59.339
                                                   Chi-sq(2) P-val =    0.0000
------------------------------------------------------------------------------
Weak identification test (Cragg-Donald Wald F statistic):               35.552
                         (Kleibergen-Paap rk Wald F statistic):         33.047
Stock-Yogo weak ID test critical values: 10% maximal IV size             19.93
                                         15% maximal IV size             11.59
                                         20% maximal IV size              8.75
                                         25% maximal IV size              7.25
Source: Stock-Yogo (2005).  Reproduced by permission.
NB: Critical values are for Cragg-Donald F statistic and i.i.d. errors.
------------------------------------------------------------------------------
Hansen J statistic (overidentification test of all instruments):         0.043
                                                   Chi-sq(1) P-val =    0.8361
------------------------------------------------------------------------------
Instrumented:         ddot_lfare
Included instruments: cons_q ddot_ldist ddot_ldistsq ddot_y98 ddot_y99 ddot_y00
Excluded instruments: ddot_concen ddot_origin_id
------------------------------------------------------------------------------

. ivreg2 ddot_lpassen cons_q ddot_ldist ddot_ldistsq ddot_y98 ddot_y99 ddot_y00 (ddot_lfare = ddot_concen ddot_origin_id), nocons cluster(id) first

First-stage regressions
-----------------------


First-stage regression of ddot_lfare:

Statistics robust to heteroskedasticity and clustering on id
Number of obs =                   4596
Number of clusters (id) =         1149
--------------------------------------------------------------------------------
               |               Robust
    ddot_lfare | Coefficient  std. err.      t    P>|t|     [95% conf. interval]
---------------+----------------------------------------------------------------
   ddot_concen |   .1835382   .0461224     3.98   0.000     .0931161    .2739603
ddot_origin_id |  -.0027802   .0003968    -7.01   0.000    -.0035581   -.0020023
        cons_q |   6.779294   .8976215     7.55   0.000     5.019524    8.539064
    ddot_ldist |  -.9923134   .2670285    -3.72   0.000    -1.515818    -.468809
  ddot_ldistsq |   .1085497   .0197894     5.49   0.000      .069753    .1473465
      ddot_y98 |   .0227016   .0041567     5.46   0.000     .0145526    .0308507
      ddot_y99 |   .0364945   .0051299     7.11   0.000     .0264375    .0465516
      ddot_y00 |   .0979327   .0055126    17.77   0.000     .0871253    .1087401
--------------------------------------------------------------------------------
F test of excluded instruments:
  F(  2,  1148) =    33.05
  Prob > F      =   0.0000
Sanderson-Windmeijer multivariate F test of excluded instruments:
  F(  2,  1148) =    33.05
  Prob > F      =   0.0000



Summary results for first-stage regressions
-------------------------------------------

                                           (Underid)            (Weak id)
Variable     | F(  2,  1148)  P-val | SW Chi-sq(  2) P-val | SW F(  2,  1148)
ddot_lfare   |      33.05    0.0000 |       66.25   0.0000 |       33.05

NB: first-stage test statistics cluster-robust

Stock-Yogo weak ID F test critical values for single endogenous regressor:
                                   10% maximal IV size             19.93
                                   15% maximal IV size             11.59
                                   20% maximal IV size              8.75
                                   25% maximal IV size              7.25
Source: Stock-Yogo (2005).  Reproduced by permission.
NB: Critical values are for i.i.d. errors only.

Underidentification test
Ho: matrix of reduced form coefficients has rank=K1-1 (underidentified)
Ha: matrix has rank=K1 (identified)
Kleibergen-Paap rk LM statistic          Chi-sq(2)=59.34    P-val=0.0000

Weak identification test
Ho: equation is weakly identified
Cragg-Donald Wald F statistic                                      35.55
Kleibergen-Paap Wald rk F statistic                                33.05

Stock-Yogo weak ID test critical values for K1=1 and L1=2:
                                   10% maximal IV size             19.93
                                   15% maximal IV size             11.59
                                   20% maximal IV size              8.75
                                   25% maximal IV size              7.25
Source: Stock-Yogo (2005).  Reproduced by permission.
NB: Critical values are for Cragg-Donald F statistic and i.i.d. errors.

Weak-instrument-robust inference
Tests of joint significance of endogenous regressors B1 in main equation
Ho: B1=0 and orthogonality conditions are valid
Anderson-Rubin Wald test           F(2,1148)=      1.11     P-val=0.3291
Anderson-Rubin Wald test           Chi-sq(2)=      2.23     P-val=0.3278
Stock-Wright LM S statistic        Chi-sq(2)=      2.32     P-val=0.3140

NB: Underidentification, weak identification and weak-identification-robust
    test statistics cluster-robust

Number of clusters             N_clust  =       1149
Number of observations               N  =       4596
Number of regressors                 K  =          7
Number of endogenous regressors      K1 =          1
Number of instruments                L  =          8
Number of excluded instruments       L1 =          2

IV (2SLS) estimation
--------------------

Estimates efficient for homoskedasticity only
Statistics robust to heteroskedasticity and clustering on id

Number of clusters (id) =         1149                Number of obs =     4596
                                                      F(  7,  1148) =  8796.64
                                                      Prob > F      =   0.0000
Total (centered) SS     =  161.4900798                Centered R2   =   0.2668
Total (uncentered) SS   =  1766.107082                Uncentered R2 =   0.9330
Residual SS             =  118.4033832                Root MSE      =    .1605

------------------------------------------------------------------------------
             |               Robust
ddot_lpassen | Coefficient  std. err.      z    P>|z|     [95% conf. interval]
-------------+----------------------------------------------------------------
  ddot_lfare |  -.5089372   .3572207    -1.42   0.154    -1.209077    .1912026
      cons_q |   13.30305   3.104071     4.29   0.000     7.219186    19.38692
  ddot_ldist |  -1.505637   .7370854    -2.04   0.041    -2.950298    -.060976
ddot_ldistsq |   .1176965   .0596674     1.97   0.049     .0007506    .2346423
    ddot_y98 |   .0307621   .0103273     2.98   0.003      .010521    .0510033
    ddot_y99 |    .079692   .0160331     4.97   0.000     .0482677    .1111164
    ddot_y00 |   .1326813   .0370263     3.58   0.000     .0601112    .2052514
------------------------------------------------------------------------------
Underidentification test (Kleibergen-Paap rk LM statistic):             59.339
                                                   Chi-sq(2) P-val =    0.0000
------------------------------------------------------------------------------
Weak identification test (Cragg-Donald Wald F statistic):               35.552
                         (Kleibergen-Paap rk Wald F statistic):         33.047
Stock-Yogo weak ID test critical values: 10% maximal IV size             19.93
                                         15% maximal IV size             11.59
                                         20% maximal IV size              8.75
                                         25% maximal IV size              7.25
Source: Stock-Yogo (2005).  Reproduced by permission.
NB: Critical values are for Cragg-Donald F statistic and i.i.d. errors.
------------------------------------------------------------------------------
Hansen J statistic (overidentification test of all instruments):         0.043
                                                   Chi-sq(1) P-val =    0.8361
------------------------------------------------------------------------------
Instrumented:         ddot_lfare
Included instruments: cons_q ddot_ldist ddot_ldistsq ddot_y98 ddot_y99 ddot_y00
Excluded instruments: ddot_concen ddot_origin_id
------------------------------------------------------------------------------

. 
. 
. 
. /* Observar que si queremos hacer un analisis sobre los instrumentos rapidamente, hariamos esto mismo,
>         1-Hacés tu quasi-demeaning con λ.
>         2-Estimás el 2SLS pooled sobre las variables quasi-demeaned con ivreg2 ..., nocons cluster(id) first
>         y obtenemos todo el analisis tanto de la exogeneidad de los instrumentos como de la relevancia de los mismos.
>         Esto es mucho mas directo y nos permite fundamentar nuestra eleccion de instrumentos y estar confiados en caso satisfactorio. 
>         Esto mismo, lo podemos hacer en el otro contexto de FE-IV, que trabajaremos a continuacion.
> */
. 
. 
. *** CONCLUSION: En este caso, los instrumentos parecen ser buenos instrumentos: no se rechaza que sean exogenos.. y en conjunto tienen relevancia para explicar la 
> endogena lfare.
. *** Aunque, es interesante estudiar que pasa si dejamos solo a concen, ya que origin_id lo use para poder probar como es la prueba de sobreidentificacion. Veamos:
. 
. *** primero veamos, para ambos instrumentos, que ambos enfoques coinciden en los coeficientes. 
. xtivreg lpassen ldist ldistsq y98 y99 y00 (lfare = concen origin_id), re vce(cluster id)

G2SLS random-effects IV regression              Number of obs     =      4,596
Group variable: id                              Number of groups  =      1,149

R-squared:                                      Obs per group:
     Within  = 0.4078                                         min =          4
     Between = 0.0542                                         avg =        4.0
     Overall = 0.0641                                         max =          4


                                                Wald chi2(6)      =     121.22
corr(u_i, X) = 0 (assumed)                      Prob > chi2       =     0.0000

                                 (Std. err. adjusted for 1,149 clusters in id)
------------------------------------------------------------------------------
             |               Robust
     lpassen | Coefficient  std. err.      z    P>|z|     [95% conf. interval]
-------------+----------------------------------------------------------------
       lfare |  -.5089372   .3576098    -1.42   0.155     -1.20984    .1919653
       ldist |  -1.505637   .7378883    -2.04   0.041    -2.951871   -.0594023
     ldistsq |   .1176965   .0597323     1.97   0.049     .0006232    .2347697
         y98 |   .0307621   .0103386     2.98   0.003     .0104989    .0510253
         y99 |    .079692   .0160506     4.97   0.000     .0482335    .1111506
         y00 |   .1326813   .0370666     3.58   0.000     .0600321    .2053305
       _cons |   13.30305   3.107452     4.28   0.000     7.212559    19.39355
-------------+----------------------------------------------------------------
     sigma_u |  .85957694
     sigma_e |  .16964171
         rho |   .9625112   (fraction of variance due to u_i)
------------------------------------------------------------------------------
Endogenous: lfare
Exogenous:  ldist ldistsq y98 y99 y00 concen origin_id

. ivreg2 ddot_lpassen cons_q ddot_ldist ddot_ldistsq ddot_y98 ddot_y99 ddot_y00 (ddot_lfare = ddot_concen ddot_origin_id), nocons cluster(id) 

IV (2SLS) estimation
--------------------

Estimates efficient for homoskedasticity only
Statistics robust to heteroskedasticity and clustering on id

Number of clusters (id) =         1149                Number of obs =     4596
                                                      F(  7,  1148) =  8796.64
                                                      Prob > F      =   0.0000
Total (centered) SS     =  161.4900798                Centered R2   =   0.2668
Total (uncentered) SS   =  1766.107082                Uncentered R2 =   0.9330
Residual SS             =  118.4033832                Root MSE      =    .1605

------------------------------------------------------------------------------
             |               Robust
ddot_lpassen | Coefficient  std. err.      z    P>|z|     [95% conf. interval]
-------------+----------------------------------------------------------------
  ddot_lfare |  -.5089372   .3572207    -1.42   0.154    -1.209077    .1912026
      cons_q |   13.30305   3.104071     4.29   0.000     7.219186    19.38692
  ddot_ldist |  -1.505637   .7370854    -2.04   0.041    -2.950298    -.060976
ddot_ldistsq |   .1176965   .0596674     1.97   0.049     .0007506    .2346423
    ddot_y98 |   .0307621   .0103273     2.98   0.003      .010521    .0510033
    ddot_y99 |    .079692   .0160331     4.97   0.000     .0482677    .1111164
    ddot_y00 |   .1326813   .0370263     3.58   0.000     .0601112    .2052514
------------------------------------------------------------------------------
Underidentification test (Kleibergen-Paap rk LM statistic):             59.339
                                                   Chi-sq(2) P-val =    0.0000
------------------------------------------------------------------------------
Weak identification test (Cragg-Donald Wald F statistic):               35.552
                         (Kleibergen-Paap rk Wald F statistic):         33.047
Stock-Yogo weak ID test critical values: 10% maximal IV size             19.93
                                         15% maximal IV size             11.59
                                         20% maximal IV size              8.75
                                         25% maximal IV size              7.25
Source: Stock-Yogo (2005).  Reproduced by permission.
NB: Critical values are for Cragg-Donald F statistic and i.i.d. errors.
------------------------------------------------------------------------------
Hansen J statistic (overidentification test of all instruments):         0.043
                                                   Chi-sq(1) P-val =    0.8361
------------------------------------------------------------------------------
Instrumented:         ddot_lfare
Included instruments: cons_q ddot_ldist ddot_ldistsq ddot_y98 ddot_y99 ddot_y00
Excluded instruments: ddot_concen ddot_origin_id
------------------------------------------------------------------------------

. 
. 
. *** segundo, veamos que pasa si uso solamente concer como instrumento no trivial, pero ahora, debo generar una nueva transformacion quasi-demeaned, porque el theta
>  cambiara:
. xtivreg lpassen ldist ldistsq y98 y99 y00 (lfare = concen), re

G2SLS random-effects IV regression              Number of obs     =      4,596
Group variable: id                              Number of groups  =      1,149

R-squared:                                      Obs per group:
     Within  = 0.4075                                         min =          4
     Between = 0.0542                                         avg =        4.0
     Overall = 0.0641                                         max =          4

                                                Wald chi2(6)      =     231.10
corr(u_i, X) = 0 (assumed)                      Prob > chi2       =     0.0000

------------------------------------------------------------------------------
     lpassen | Coefficient  Std. err.      z    P>|z|     [95% conf. interval]
-------------+----------------------------------------------------------------
       lfare |  -.5078761    .229698    -2.21   0.027     -.958076   -.0576763
       ldist |  -1.504805   .6933147    -2.17   0.030    -2.863677   -.1459336
     ldistsq |   .1176012   .0546255     2.15   0.031     .0105373    .2246652
         y98 |   .0307363   .0086054     3.57   0.000     .0138699    .0476027
         y99 |   .0796548     .01038     7.67   0.000     .0593104    .0999992
         y00 |   .1325795   .0229831     5.77   0.000     .0875335    .1776255
       _cons |   13.29643   2.626949     5.06   0.000     8.147708    18.44516
-------------+----------------------------------------------------------------
     sigma_u |  .94920686
     sigma_e |  .16964171
         rho |  .96904799   (fraction of variance due to u_i)
------------------------------------------------------------------------------
Endogenous: lfare
Exogenous:  ldist ldistsq y98 y99 y00 concen

. scalar theta2 = e(theta)

. foreach v in lpassen lfare ldist ldistsq y98 y99 y00 concen origin_id{
  2.     bys id: egen double m2_`v' = mean(`v')
  3.     gen double ddot2_`v' = `v' - theta2*m_`v'
  4. }

. 
. capture drop cons_q2

. gen double cons_q2 = 1 - theta2

. 
. xtivreg lpassen ldist ldistsq y98 y99 y00 (lfare = concen), re vce(cluster id)

G2SLS random-effects IV regression              Number of obs     =      4,596
Group variable: id                              Number of groups  =      1,149

R-squared:                                      Obs per group:
     Within  = 0.4075                                         min =          4
     Between = 0.0542                                         avg =        4.0
     Overall = 0.0641                                         max =          4


                                                Wald chi2(6)      =     125.15
corr(u_i, X) = 0 (assumed)                      Prob > chi2       =     0.0000

                                 (Std. err. adjusted for 1,149 clusters in id)
------------------------------------------------------------------------------
             |               Robust
     lpassen | Coefficient  std. err.      z    P>|z|     [95% conf. interval]
-------------+----------------------------------------------------------------
       lfare |  -.5078761   .4984509    -1.02   0.308    -1.484822    .4690697
       ldist |  -1.504805   .7842235    -1.92   0.055    -3.041855    .0322444
     ldistsq |   .1176012   .0671018     1.75   0.080    -.0139159    .2491184
         y98 |   .0307363    .013596     2.26   0.024     .0040885     .057384
         y99 |   .0796548   .0208758     3.82   0.000     .0387389    .1205707
         y00 |   .1325795   .0507288     2.61   0.009     .0331528    .2320062
       _cons |   13.29643   3.779494     3.52   0.000     5.888762    20.70411
-------------+----------------------------------------------------------------
     sigma_u |  .94920686
     sigma_e |  .16964171
         rho |  .96904799   (fraction of variance due to u_i)
------------------------------------------------------------------------------
Endogenous: lfare
Exogenous:  ldist ldistsq y98 y99 y00 concen

. ivreg2 ddot2_lpassen cons_q2 ddot2_ldist ddot2_ldistsq ddot2_y98 ddot2_y99 ddot2_y00 (ddot2_lfare = ddot2_concen), nocons cluster(id) 

IV (2SLS) estimation
--------------------

Estimates efficient for homoskedasticity only
Statistics robust to heteroskedasticity and clustering on id

Number of clusters (id) =         1149                Number of obs =     4596
                                                      F(  7,  1148) =  8822.67
                                                      Prob > F      =   0.0000
Total (centered) SS     =  155.5294511                Centered R2   =   0.2746
Total (uncentered) SS   =   1473.70545                Uncentered R2 =   0.9234
Residual SS             =  112.8199053                Root MSE      =    .1567

-------------------------------------------------------------------------------
              |               Robust
ddot2_lpassen | Coefficient  std. err.      z    P>|z|     [95% conf. interval]
--------------+----------------------------------------------------------------
  ddot2_lfare |  -.5078761   .4979085    -1.02   0.308    -1.483759    .4680067
      cons_q2 |   13.29643   3.775381     3.52   0.000     5.896822    20.69604
  ddot2_ldist |  -1.504805   .7833702    -1.92   0.055    -3.040183    .0305721
ddot2_ldistsq |   .1176012   .0670288     1.75   0.079    -.0137728    .2489753
    ddot2_y98 |   .0307363   .0135812     2.26   0.024     .0041175    .0573551
    ddot2_y99 |   .0796548   .0208531     3.82   0.000     .0387835    .1205262
    ddot2_y00 |   .1325795   .0506737     2.62   0.009      .033261    .2318981
-------------------------------------------------------------------------------
Underidentification test (Kleibergen-Paap rk LM statistic):             15.219
                                                   Chi-sq(1) P-val =    0.0001
------------------------------------------------------------------------------
Weak identification test (Cragg-Donald Wald F statistic):               49.843
                         (Kleibergen-Paap rk Wald F statistic):         15.315
Stock-Yogo weak ID test critical values: 10% maximal IV size             16.38
                                         15% maximal IV size              8.96
                                         20% maximal IV size              6.66
                                         25% maximal IV size              5.53
Source: Stock-Yogo (2005).  Reproduced by permission.
NB: Critical values are for Cragg-Donald F statistic and i.i.d. errors.
------------------------------------------------------------------------------
Hansen J statistic (overidentification test of all instruments):         0.000
                                                 (equation exactly identified)
------------------------------------------------------------------------------
Instrumented:         ddot2_lfare
Included instruments: cons_q2 ddot2_ldist ddot2_ldistsq ddot2_y98 ddot2_y99
                      ddot2_y00
Excluded instruments: ddot2_concen
------------------------------------------------------------------------------

. 
. * Lectura comparativa: por un lado, esta claro que cuando uso un unico instrumento no trivial para una endogena, el estadistico J de hansen no se puede calcular. 
. *                                          por lo que ahora concen, en cuanto a su exogeneidad como instrumento, solo se podria justificar teoricamente. 
. *                      pero lo interesante es analizar que pasa con la relevancia cuando pasamos de usar concer y origin_id a utilizar solamente concern.
. *                      lo que vemos es que el F de KP paso de 33,04 a 15,31. Este valor de 15.31 esta un poquito por debajo del F de tabla para un maximo de 10% de
>  sesgo relativo a OLS. 
. *                      Por lo que, contrario a lo que yo pensaba, parece ser que usar origin_id en adicion a concen, puede hacer que los instrumentos tengan un poc
> o mas de fuerza en cuanto a relevancia para lfare.
. 
.  
.  /* de todas formas, recordar que la primera prueba que hicimos nos daba que lfare no se rechaza que sea exogena, con lo cual, no hariamos RE-IV, solamente RE (o s
> olamente FE), pero no nos meteriamos a usar instrumentos. 
>  */
. 
.  
. **# FE-IV
. 
. *******************************************************************************
. ********************************* FE-IV **************************************
. *****************************************************************************
. 
. 
. clear all

. set more off

. bcuse airfare, clear

Contains data from http://fmwww.bc.edu/ec-p/data/wooldridge/airfare.dta
 Observations:         4,596                  
    Variables:            16                  24 Jan 2013 11:00
---------------------------------------------------------------------------------------------------------------------------------------------------------------------
Variable      Storage   Display    Value
    name         type    format    label      Variable label
---------------------------------------------------------------------------------------------------------------------------------------------------------------------
year            int     %9.0g                 1997, 1998, 1999, 2000
origin          str21   %21s                  flight's origin
destin          str24   %24s                  flight's destination
id              int     %9.0g                 route identifier
dist            int     %9.0g                 distance, in miles
passen          int     %9.0g                 avg. passengers per day
fare            int     %9.0g                 avg. one-way fare, $
bmktshr         float   %9.0g                 fraction market, biggest carrier
ldist           float   %9.0g                 log(distance)
y98             byte    %9.0g                 =1 if year == 1998
y99             byte    %9.0g                 =1 if year == 1999
y00             byte    %9.0g                 =1 if year == 2000
lfare           float   %9.0g                 log(fare)
ldistsq         float   %9.0g                 ldist^2
concen          float   %9.0g                 = bmktshr
lpassen         float   %9.0g                 log(passen)
---------------------------------------------------------------------------------------------------------------------------------------------------------------------
Sorted by: id  year

Panel variable: id (strongly balanced)
 Time variable: year, 1997 to 2000
         Delta: 1 unit

. 
. xtset id year

Panel variable: id (strongly balanced)
 Time variable: year, 1997 to 2000
         Delta: 1 unit

. sort id year

. 
. 
. local y     "lpassen"

. local exog  "ldist ldistsq"

. local endog "lfare"

. local zexcl "concen"

. 
. foreach v in id year `y' `exog' `endog' `zexcl' y98 y99 y00 {
  2.     cap confirm variable `v'
  3.     if _rc {
  4.         di as error "Falta la variable: `v'."
  5.         exit 198
  6.     }
  7. }

. 
. *------------------------------------------------------------*
. * A) FE (sin IV) — referencia
. * recreamos la segunda columna de la tabla del manual
. *------------------------------------------------------------*
. xtreg lpassen lfare  ldist ldistsq i.year, fe
note: ldist omitted because of collinearity.
note: ldistsq omitted because of collinearity.

Fixed-effects (within) regression               Number of obs     =      4,596
Group variable: id                              Number of groups  =      1,149

R-squared:                                      Obs per group:
     Within  = 0.4507                                         min =          4
     Between = 0.0487                                         avg =        4.0
     Overall = 0.0574                                         max =          4

                                                F(4, 3443)        =     706.35
corr(u_i, Xb) = -0.3249                         Prob > F          =     0.0000

------------------------------------------------------------------------------
     lpassen | Coefficient  Std. err.      t    P>|t|     [95% conf. interval]
-------------+----------------------------------------------------------------
       lfare |  -1.155039   .0227645   -50.74   0.000    -1.199672   -1.110406
       ldist |          0  (omitted)
     ldistsq |          0  (omitted)
             |
        year |
       1998  |   .0464889   .0059898     7.76   0.000     .0347449    .0582329
       1999  |   .1023612   .0060174    17.01   0.000     .0905631    .1141592
       2000  |   .1946548   .0063513    30.65   0.000     .1822021    .2071075
             |
       _cons |   11.81677   .1151921   102.58   0.000     11.59092    12.04262
-------------+----------------------------------------------------------------
     sigma_u |  .89829067
     sigma_e |  .14295339
         rho |   .9753002   (fraction of variance due to u_i)
------------------------------------------------------------------------------
F test that all u_i=0: F(1148, 3443) = 141.20                Prob > F = 0.0000

. xtreg lpassen lfare  ldist ldistsq i.year, fe vce(cluster id)
note: ldist omitted because of collinearity.
note: ldistsq omitted because of collinearity.

Fixed-effects (within) regression               Number of obs     =      4,596
Group variable: id                              Number of groups  =      1,149

R-squared:                                      Obs per group:
     Within  = 0.4507                                         min =          4
     Between = 0.0487                                         avg =        4.0
     Overall = 0.0574                                         max =          4

                                                F(4, 1148)        =     121.85
corr(u_i, Xb) = -0.3249                         Prob > F          =     0.0000

                                 (Std. err. adjusted for 1,149 clusters in id)
------------------------------------------------------------------------------
             |               Robust
     lpassen | Coefficient  std. err.      t    P>|t|     [95% conf. interval]
-------------+----------------------------------------------------------------
       lfare |  -1.155039   .1086574   -10.63   0.000    -1.368228   -.9418496
       ldist |          0  (omitted)
     ldistsq |          0  (omitted)
             |
        year |
       1998  |   .0464889   .0049119     9.46   0.000     .0368516    .0561262
       1999  |   .1023612   .0063141    16.21   0.000     .0899727    .1147497
       2000  |   .1946548   .0097099    20.05   0.000     .1756036     .213706
             |
       _cons |   11.81677     .55126    21.44   0.000     10.73518    12.89836
-------------+----------------------------------------------------------------
     sigma_u |  .89829067
     sigma_e |  .14295339
         rho |   .9753002   (fraction of variance due to u_i)
------------------------------------------------------------------------------

. estimates store FE_base

. ** las variables de distancia no cambian en el tiempo, por lo que se omiten (within)
. 
. 
. **# FE-IV: directo con xtivreg
. 
. *------------------------------------------------------------*
. * B) FE-IV directo
. * recreamos la cuarta columna de la tabla del manual
. *------------------------------------------------------------*
. xtivreg lpassen ldist ldistsq i.year (lfare = concen), fe

Fixed-effects (within) IV regression            Number of obs     =      4,596
Group variable: id                              Number of groups  =      1,149

R-squared:                                      Obs per group:
     Within  = 0.2265                                         min =          4
     Between = 0.0487                                         avg =        4.0
     Overall = 0.0574                                         max =          4

                                                Wald chi2(4)      =   5.78e+06
corr(u_i, Xb) = 0.0708                          Prob > chi2       =     0.0000

------------------------------------------------------------------------------
     lpassen | Coefficient  Std. err.      z    P>|z|     [95% conf. interval]
-------------+----------------------------------------------------------------
       lfare |  -.3015761   .2774005    -1.09   0.277    -.8452711     .242119
       ldist |          0  (omitted)
     ldistsq |          0  (omitted)
             |
        year |
       1998  |   .0257147   .0097819     2.63   0.009     .0065426    .0448869
       1999  |   .0724166   .0120342     6.02   0.000       .04883    .0960031
       2000  |   .1127914   .0275332     4.10   0.000     .0588273    .1667556
             |
       _cons |   7.501008   1.402758     5.35   0.000     4.751653    10.25036
-------------+----------------------------------------------------------------
     sigma_u |   .8493153
     sigma_e |  .16964171
         rho |  .96163479   (fraction of variance due to u_i)
------------------------------------------------------------------------------
 F test that all u_i=0: F(1148,3443) =    99.13           Prob > F    = 0.0000
------------------------------------------------------------------------------
Endogenous: lfare
Exogenous:  ldist ldistsq 1998.year 1999.year 2000.year concen

. xtivreg lpassen ldist ldistsq i.year (lfare = concen), fe vce(cluster id)

Fixed-effects (within) IV regression            Number of obs     =      4,596
Group variable: id                              Number of groups  =      1,149

R-squared:                                      Obs per group:
     Within  = 0.2265                                         min =          4
     Between = 0.0487                                         avg =        4.0
     Overall = 0.0574                                         max =          4


                                                Wald chi2(4)      =     114.26
corr(u_i, Xb) = 0.0708                          Prob > chi2       =     0.0000

                                 (Std. err. adjusted for 1,149 clusters in id)
------------------------------------------------------------------------------
             |               Robust
     lpassen | Coefficient  std. err.      z    P>|z|     [95% conf. interval]
-------------+----------------------------------------------------------------
       lfare |  -.3015761   .6129462    -0.49   0.623    -1.502929    .8997764
       ldist |          0  (omitted)
     ldistsq |          0  (omitted)
             |
        year |
       1998  |   .0257147   .0164237     1.57   0.117    -.0064751    .0579046
       1999  |   .0724166   .0251189     2.88   0.004     .0231843    .1216488
       2000  |   .1127914   .0620655     1.82   0.069    -.0088547    .2344375
             |
       _cons |   7.501008   3.098097     2.42   0.015     1.428849    13.57317
-------------+----------------------------------------------------------------
     sigma_u |   .8493153
     sigma_e |  .16964171
         rho |  .96163479   (fraction of variance due to u_i)
------------------------------------------------------------------------------
Endogenous: lfare
Exogenous:  ldist ldistsq 1998.year 1999.year 2000.year concen

. xtivreg lpassen ldist ldistsq i.year (lfare = concen), fe vce(cluster id) first

First-stage within regression

Fixed-effects (within) regression               Number of obs     =      4,596
Group variable: id                              Number of groups  =      1,149

R-squared:                                      Obs per group:
     Within  = 0.1352                                         min =          4
     Between = 0.0576                                         avg =        4.0
     Overall = 0.0083                                         max =          4

                                                F(4, 1148)        =     120.06
corr(u_i, Xb) = -0.2033                         Prob > F          =     0.0000

                                 (Std. err. adjusted for 1,149 clusters in id)
------------------------------------------------------------------------------
             |               Robust
       lfare | Coefficient  std. err.      t    P>|t|     [95% conf. interval]
-------------+----------------------------------------------------------------
       ldist |          0  (omitted)
     ldistsq |          0  (omitted)
             |
        year |
       1998  |   .0228328    .004163     5.48   0.000     .0146649    .0310007
       1999  |   .0363819   .0051275     7.10   0.000     .0263215    .0464422
       2000  |   .0977717   .0055054    17.76   0.000     .0869698    .1085735
             |
      concen |    .168859   .0494587     3.41   0.001     .0718194    .2658985
       _cons |   4.953331   .0296765   166.91   0.000     4.895104    5.011557
-------------+----------------------------------------------------------------
     sigma_u |  .43389176
     sigma_e |  .10651186
         rho |  .94316439   (fraction of variance due to u_i)
------------------------------------------------------------------------------

Fixed-effects (within) IV regression            Number of obs     =      4,596
Group variable: id                              Number of groups  =      1,149

R-squared:                                      Obs per group:
     Within  = 0.2265                                         min =          4
     Between = 0.0487                                         avg =        4.0
     Overall = 0.0574                                         max =          4


                                                Wald chi2(4)      =     114.26
corr(u_i, Xb) = 0.0708                          Prob > chi2       =     0.0000

                                 (Std. err. adjusted for 1,149 clusters in id)
------------------------------------------------------------------------------
             |               Robust
     lpassen | Coefficient  std. err.      z    P>|z|     [95% conf. interval]
-------------+----------------------------------------------------------------
       lfare |  -.3015761   .6129462    -0.49   0.623    -1.502929    .8997764
       ldist |          0  (omitted)
     ldistsq |          0  (omitted)
             |
        year |
       1998  |   .0257147   .0164237     1.57   0.117    -.0064751    .0579046
       1999  |   .0724166   .0251189     2.88   0.004     .0231843    .1216488
       2000  |   .1127914   .0620655     1.82   0.069    -.0088547    .2344375
             |
       _cons |   7.501008   3.098097     2.42   0.015     1.428849    13.57317
-------------+----------------------------------------------------------------
     sigma_u |   .8493153
     sigma_e |  .16964171
         rho |  .96163479   (fraction of variance due to u_i)
------------------------------------------------------------------------------
Endogenous: lfare
Exogenous:  ldist ldistsq 1998.year 1999.year 2000.year concen

. estimates store FEIV_base

. 
. **# FE-IV: Prueba de exogeneidad
. 
. 
. *------------------------ (1) Prueba de exogeneidad sobre lfare ----------------------
.  
. * (1) Reduced form para lfare: podés usar pooled OLS o FE 
. xtreg lfare ldist ldistsq y98 y99 y00 concen, fe
note: ldist omitted because of collinearity.
note: ldistsq omitted because of collinearity.

Fixed-effects (within) regression               Number of obs     =      4,596
Group variable: id                              Number of groups  =      1,149

R-squared:                                      Obs per group:
     Within  = 0.1352                                         min =          4
     Between = 0.0576                                         avg =        4.0
     Overall = 0.0083                                         max =          4

                                                F(4, 3443)        =     134.61
corr(u_i, Xb) = -0.2033                         Prob > F          =     0.0000

------------------------------------------------------------------------------
       lfare | Coefficient  Std. err.      t    P>|t|     [95% conf. interval]
-------------+----------------------------------------------------------------
       ldist |          0  (omitted)
     ldistsq |          0  (omitted)
         y98 |   .0228328   .0044515     5.13   0.000     .0141048    .0315607
         y99 |   .0363819   .0044495     8.18   0.000     .0276579    .0451058
         y00 |   .0977717   .0044555    21.94   0.000      .089036    .1065073
      concen |    .168859   .0294101     5.74   0.000     .1111959     .226522
       _cons |   4.953331   .0182869   270.87   0.000     4.917476    4.989185
-------------+----------------------------------------------------------------
     sigma_u |  .43389176
     sigma_e |  .10651186
         rho |  .94316439   (fraction of variance due to u_i)
------------------------------------------------------------------------------
F test that all u_i=0: F(1148, 3443) = 60.52                 Prob > F = 0.0000

. * (2) Residuo de la reduced form (composite residual)
. * En xtreg, 'ue' es el residual compuesto (efecto + idiosincrático)
. predict double vhat_lfare, ue

. * (3) estimamos ecuacion ampliada por FE-IV:
. xtivreg lpassen ldist ldistsq y98 y99 y00 vhat_lfare (lfare = concen), fe 

Fixed-effects (within) IV regression            Number of obs     =      4,596
Group variable: id                              Number of groups  =      1,149

R-squared:                                      Obs per group:
     Within  = 0.4529                                         min =          4
     Between = 0.0463                                         avg =        4.0
     Overall = 0.0547                                         max =          4

                                                Wald chi2(5)      =   8.17e+06
corr(u_i, Xb) = -0.3398                         Prob > chi2       =     0.0000

------------------------------------------------------------------------------
     lpassen | Coefficient  Std. err.      z    P>|z|     [95% conf. interval]
-------------+----------------------------------------------------------------
       lfare |  -.3015761    .233336    -1.29   0.196    -.7589062    .1557541
       ldist |          0  (omitted)
     ldistsq |          0  (omitted)
         y98 |   .0257147    .008228     3.13   0.002     .0095881    .0418414
         y99 |   .0724166   .0101226     7.15   0.000     .0525766    .0922565
         y00 |   .1127914   .0231596     4.87   0.000     .0673994    .1581835
  vhat_lfare |  -.8616343   .2344504    -3.68   0.000    -1.321149     -.40212
       _cons |   7.501008   1.179933     6.36   0.000     5.188382    9.813633
-------------+----------------------------------------------------------------
     sigma_u |  .90466704
     sigma_e |  .14269446
         rho |  .97572474   (fraction of variance due to u_i)
------------------------------------------------------------------------------
 F test that all u_i=0: F(1148,3442) =   139.70           Prob > F    = 0.0000
------------------------------------------------------------------------------
Endogenous: lfare
Exogenous:  ldist ldistsq y98 y99 y00 vhat_lfare concen

. * Wald test de H0: rho=0  (si rechazás, lfare NO es exógena)
. test vhat_lfare

 ( 1)  vhat_lfare = 0

           chi2(  1) =   13.51
         Prob > chi2 =    0.0002

. 
. /* El estadistico NO robusto es grande en magnitud y diriamos que se rechaza la HO, y que entonces lfare es endogena... perooooo,
>         pero dada la diferencia entre los errores estandar no robustos vs los errores estandar robustos, sospechamos que lo correcto
>     es trabajar con errores estandar robustos, entonces, si repetimos esta prueba: */
. drop vhat_lfare

. 
. * (1) Reduced form para lfare: podés usar pooled OLS o FE 
. xtreg lfare ldist ldistsq y98 y99 y00 concen, fe
note: ldist omitted because of collinearity.
note: ldistsq omitted because of collinearity.

Fixed-effects (within) regression               Number of obs     =      4,596
Group variable: id                              Number of groups  =      1,149

R-squared:                                      Obs per group:
     Within  = 0.1352                                         min =          4
     Between = 0.0576                                         avg =        4.0
     Overall = 0.0083                                         max =          4

                                                F(4, 3443)        =     134.61
corr(u_i, Xb) = -0.2033                         Prob > F          =     0.0000

------------------------------------------------------------------------------
       lfare | Coefficient  Std. err.      t    P>|t|     [95% conf. interval]
-------------+----------------------------------------------------------------
       ldist |          0  (omitted)
     ldistsq |          0  (omitted)
         y98 |   .0228328   .0044515     5.13   0.000     .0141048    .0315607
         y99 |   .0363819   .0044495     8.18   0.000     .0276579    .0451058
         y00 |   .0977717   .0044555    21.94   0.000      .089036    .1065073
      concen |    .168859   .0294101     5.74   0.000     .1111959     .226522
       _cons |   4.953331   .0182869   270.87   0.000     4.917476    4.989185
-------------+----------------------------------------------------------------
     sigma_u |  .43389176
     sigma_e |  .10651186
         rho |  .94316439   (fraction of variance due to u_i)
------------------------------------------------------------------------------
F test that all u_i=0: F(1148, 3443) = 60.52                 Prob > F = 0.0000

. * (2) Residuo de la reduced form (composite residual)
. * En xtreg, 'ue' es el residual compuesto (efecto + idiosincrático)
. predict double vhat_lfare, ue

. * (3) estimamos ecuacion ampliada por FE-IV:
. xtivreg lpassen ldist ldistsq y98 y99 y00 vhat_lfare (lfare = concen), fe vce(cluster id)

Fixed-effects (within) IV regression            Number of obs     =      4,596
Group variable: id                              Number of groups  =      1,149

R-squared:                                      Obs per group:
     Within  = 0.4529                                         min =          4
     Between = 0.0463                                         avg =        4.0
     Overall = 0.0547                                         max =          4


                                                Wald chi2(5)      =     746.66
corr(u_i, Xb) = -0.3398                         Prob > chi2       =     0.0000

                                 (Std. err. adjusted for 1,149 clusters in id)
------------------------------------------------------------------------------
             |               Robust
     lpassen | Coefficient  std. err.      z    P>|z|     [95% conf. interval]
-------------+----------------------------------------------------------------
       lfare |  -.3015761   .4829734    -0.62   0.532    -1.248186    .6450343
       ldist |          0  (omitted)
     ldistsq |          0  (omitted)
         y98 |   .0257147   .0131382     1.96   0.050    -.0000357    .0514651
         y99 |   .0724166   .0197133     3.67   0.000     .0337793    .1110538
         y00 |   .1127914    .048597     2.32   0.020     .0175431    .2080397
  vhat_lfare |  -.8616343   .5278388    -1.63   0.103    -1.896179    .1729107
       _cons |   7.501008   2.441322     3.07   0.002     2.716105    12.28591
-------------+----------------------------------------------------------------
     sigma_u |  .90466704
     sigma_e |  .14269446
         rho |  .97572474   (fraction of variance due to u_i)
------------------------------------------------------------------------------
Endogenous: lfare
Exogenous:  ldist ldistsq y98 y99 y00 vhat_lfare concen

. * Wald test de H0: rho=0  (si rechazás, lfare NO es exógena)
. test vhat_lfare

 ( 1)  vhat_lfare = 0

           chi2(  1) =    2.66
         Prob > chi2 =    0.1026

. 
. /*Conclusion: no se rechaza la hipotesis nula, por lo tanto, no rechazamos que lfare sea exogena. (aunque el p-valor es mas bajo que cuando hicimos esta prueba en 
> el entorno RE)
>               No confundirse, este resultado lo que nos sugiere es que no es necesario implementar una estrategia IV.
>                           Lo siguiente seria elegir entre RE o FE para esta especificacion. (o incluso POLS!)
>                           Eso dependera de si los c_i se correlacionan o no con los regresores, conceptualmente hablando.
>                           Formalmente podemos usar el test de hausman para acompañar en la decision. 
>                           O la version robusta con Mundlak. 
>                           aunque un lambda (theta) tan elevado sugiere que quiza directamente uno podria quedarse con RE sin necesidad de una prueba formal.
>                           es decir, un analisis de los 4 modelos apunta a que el indicado en estos datos es simplemente RE (que ademas permite capturar distancia y
>  distancia al cuadrado)
>                           la otra opcion es probar un modelo FE donde las dummies de año interactuen con ldist y ldistsq. 
> */
. 
. 
. **# FE-IV: Prueba de sobreidentificacion
. 
. *------------------------ (2) Prueba de sobreidentificacion  ----------------------
. 
. * vamos a hacer de cuenta que el test anterior dio que lfare era endogena (aunque nos dio que no rechaza su exogeneidad) para poder mostrar el test.
. * Entonces tiene sentido instrumentarla, y supongamos que tenemos mas de un instrumnento.
. * necesito por lo menos un instruemento externo mas.
. 
. describe

Contains data from http://fmwww.bc.edu/ec-p/data/wooldridge/airfare.dta
 Observations:         4,596                  
    Variables:            19                  24 Jan 2013 11:00
---------------------------------------------------------------------------------------------------------------------------------------------------------------------
Variable      Storage   Display    Value
    name         type    format    label      Variable label
---------------------------------------------------------------------------------------------------------------------------------------------------------------------
year            int     %9.0g                 1997, 1998, 1999, 2000
origin          str21   %21s                  flight's origin
destin          str24   %24s                  flight's destination
id              int     %9.0g                 route identifier
dist            int     %9.0g                 distance, in miles
passen          int     %9.0g                 avg. passengers per day
fare            int     %9.0g                 avg. one-way fare, $
bmktshr         float   %9.0g                 fraction market, biggest carrier
ldist           float   %9.0g                 log(distance)
y98             byte    %9.0g                 =1 if year == 1998
y99             byte    %9.0g                 =1 if year == 1999
y00             byte    %9.0g                 =1 if year == 2000
lfare           float   %9.0g                 log(fare)
ldistsq         float   %9.0g                 ldist^2
concen          float   %9.0g                 = bmktshr
lpassen         float   %9.0g                 log(passen)
_est_FE_base    byte    %8.0g                 esample() from estimates store
_est_FEIV_base  byte    %8.0g                 esample() from estimates store
vhat_lfare      double  %10.0g                u[id] + e[id,t]
---------------------------------------------------------------------------------------------------------------------------------------------------------------------
Sorted by: id  year
     Note: Dataset has changed since last saved.

. ** solo dos posibles extras: origin o destin
. 
. /****************************************************************************************
> TEST DE SOBREIDENTIFICACIÓN (FE-IV)
> Endógena:   lfare
> Exógenas:   ldist ldistsq y98 y99 y00
> Instrumentos excluidos: concen  origin  
> Idea: con 1 endógena y 2 instrumentos excluidos => Q1=2-1=1 restricción overid
> ****************************************************************************************/
. 
. encode origin, gen(origin_id)

. * aunque origin_id no tiene sentido ahora porque no varia en el tiempo, y la transformacion within lo va a eliminar.
. * POR LO TANTO, solo dejo este bloque del test de sobreidentificacion en FE a modo de ejemplo, pero no tiene sentido, solo hay un instrumento no trivial ahora en F
> E.
. 
. 
. ********************************************************************************
. * (0) Estimar FE-IV con instrumentos excedentes (concen + origin) y obtener theta
. ********************************************************************************
. 
. xtivreg lpassen ldist ldistsq y98 y99 y00 (lfare = concen origin_id), fe

Fixed-effects (within) IV regression            Number of obs     =      4,596
Group variable: id                              Number of groups  =      1,149

R-squared:                                      Obs per group:
     Within  = 0.2265                                         min =          4
     Between = 0.0487                                         avg =        4.0
     Overall = 0.0574                                         max =          4

                                                Wald chi2(4)      =   5.78e+06
corr(u_i, Xb) = 0.0708                          Prob > chi2       =     0.0000

------------------------------------------------------------------------------
     lpassen | Coefficient  Std. err.      z    P>|z|     [95% conf. interval]
-------------+----------------------------------------------------------------
       lfare |  -.3015761   .2774005    -1.09   0.277    -.8452711     .242119
       ldist |          0  (omitted)
     ldistsq |          0  (omitted)
         y98 |   .0257147   .0097819     2.63   0.009     .0065426    .0448869
         y99 |   .0724166   .0120342     6.02   0.000       .04883    .0960031
         y00 |   .1127914   .0275332     4.10   0.000     .0588273    .1667556
       _cons |   7.501008   1.402758     5.35   0.000     4.751653    10.25036
-------------+----------------------------------------------------------------
     sigma_u |   .8493153
     sigma_e |  .16964171
         rho |  .96163479   (fraction of variance due to u_i)
------------------------------------------------------------------------------
 F test that all u_i=0: F(1148,3443) =    99.13           Prob > F    = 0.0000
------------------------------------------------------------------------------
Endogenous: lfare
Exogenous:  ldist ldistsq y98 y99 y00 concen origin_id

. 
. * residual estructural uhat = y - X*b  (del modelo FE-IV)
. predict double xb_feiv, xb

. gen double uhat = lpassen - xb_feiv

. 
. * demeaning (within)
. *     tilde(a_it) = a_it - mean_i(a_it)
. foreach v in lpassen lfare ldist ldistsq y98 y99 y00 concen origin_id uhat{
  2.     bys id: egen double m_`v' = mean(`v')
  3.     gen double tilde_`v' = `v' - m_`v'
  4. }

. 
. 
. ********************************************************************************
. * (1) ETAPA (i): primera etapa (sobre datos demeaned) para lfare
. *     produce tilde_lfare_hat
. ********************************************************************************
. reg tilde_lfare tilde_ldist tilde_ldistsq tilde_y98 tilde_y99 tilde_y00 tilde_concen tilde_origin_id, nocons
note: tilde_ldist omitted because of collinearity.
note: tilde_ldistsq omitted because of collinearity.
note: tilde_origin_id omitted because of collinearity.

      Source |       SS           df       MS      Number of obs   =     4,596
-------------+----------------------------------   F(4, 4592)      =    179.53
       Model |  6.10850691         4  1.52712673   Prob > F        =    0.0000
    Residual |   39.060063     4,592  .008506111   R-squared       =    0.1352
-------------+----------------------------------   Adj R-squared   =    0.1345
       Total |  45.1685699     4,596    .0098278   Root MSE        =    .09223

---------------------------------------------------------------------------------
    tilde_lfare | Coefficient  Std. err.      t    P>|t|     [95% conf. interval]
----------------+----------------------------------------------------------------
    tilde_ldist |          0  (omitted)
  tilde_ldistsq |          0  (omitted)
      tilde_y98 |   .0228328   .0038546     5.92   0.000     .0152759    .0303896
      tilde_y99 |   .0363819   .0038528     9.44   0.000     .0288285    .0439353
      tilde_y00 |   .0977717    .003858    25.34   0.000     .0902081    .1053352
   tilde_concen |    .168859   .0254662     6.63   0.000      .118933     .218785
tilde_origin_id |          0  (omitted)
---------------------------------------------------------------------------------

. predict double tilde_lfare_hat, xb

. 
. ********************************************************************************
. * (2) ETAPA (ii): "depurar" instrumento adicional ddot_origin_id respecto de
. *     (tilde_z1, tilde_lfare_hat) y obtener residuo tilde_rhat
. ********************************************************************************
. reg tilde_origin_id tilde_ldist tilde_ldistsq tilde_y98 tilde_y99 tilde_y00 tilde_lfare_hat, nocons
note: tilde_ldist omitted because of collinearity.
note: tilde_ldistsq omitted because of collinearity.

      Source |       SS           df       MS      Number of obs   =     4,596
-------------+----------------------------------   F(4, 4592)      =         .
       Model |           0         4           0   Prob > F        =         .
    Residual |           0     4,592           0   R-squared       =         .
-------------+----------------------------------   Adj R-squared   =         .
       Total |           0     4,596           0   Root MSE        =         0

---------------------------------------------------------------------------------
tilde_origin_id | Coefficient  Std. err.      t    P>|t|     [95% conf. interval]
----------------+----------------------------------------------------------------
    tilde_ldist |          0  (omitted)
  tilde_ldistsq |          0  (omitted)
      tilde_y98 |          0  (omitted)
      tilde_y99 |          0  (omitted)
      tilde_y00 |          0  (omitted)
tilde_lfare_hat |          0  (omitted)
---------------------------------------------------------------------------------

. predict double tilde_rhat, resid

. 
. 
. ********************************************************************************
. * (3) ETAPA (iii): ecuación auxiliar (11.23) y Wald robusto (cluster id)
. *     tilde_uhat = eta*tilde_rhat + error
. ********************************************************************************
. reg tilde_uhat tilde_rhat, vce(cluster id)
note: tilde_rhat omitted because of collinearity.

Linear regression                               Number of obs     =      4,596
                                                F(0, 1148)        =       0.00
                                                Prob > F          =          .
                                                R-squared         =     0.0000
                                                Root MSE          =     .14684

                                 (Std. err. adjusted for 1,149 clusters in id)
------------------------------------------------------------------------------
             |               Robust
  tilde_uhat | Coefficient  std. err.      t    P>|t|     [95% conf. interval]
-------------+----------------------------------------------------------------
  tilde_rhat |          0  (omitted)
       _cons |  -3.87e-19   8.20e-19    -0.47   0.638    -2.00e-18    1.22e-18
------------------------------------------------------------------------------

. * H0: eta = 0  -> si rechazás, el instrumento extra (origin) no pasa overid
. test tilde_rhat

 ( 1)  o.tilde_rhat = 0
       Constraint 1 dropped

       F(  0,  1148) =       .
            Prob > F =         .

. 
. 
. ****************************************************************************************/
. 
. **# FE-IV: Relevancia y Validez de los IV
. 
. *--------------------------------- RELEVANCIA DE LOS INSTRUMENTOS (FE-IV) ------------------------------------
. 
. ** recordemos que en este caso, esto solo lo muestro para fines didacticos y aplicar a otra base, porque aca solo hay un unico instrumento valido en la transformac
> ion within. 
. 
. xtivreg lpassen ldist ldistsq y98 y99 y00 (lfare = concen origin_id), fe vce(cluster id) first

First-stage within regression

Fixed-effects (within) regression               Number of obs     =      4,596
Group variable: id                              Number of groups  =      1,149

R-squared:                                      Obs per group:
     Within  = 0.1352                                         min =          4
     Between = 0.0576                                         avg =        4.0
     Overall = 0.0083                                         max =          4

                                                F(4, 1148)        =     120.06
corr(u_i, Xb) = -0.2033                         Prob > F          =     0.0000

                                 (Std. err. adjusted for 1,149 clusters in id)
------------------------------------------------------------------------------
             |               Robust
       lfare | Coefficient  std. err.      t    P>|t|     [95% conf. interval]
-------------+----------------------------------------------------------------
       ldist |          0  (omitted)
     ldistsq |          0  (omitted)
         y98 |   .0228328    .004163     5.48   0.000     .0146649    .0310007
         y99 |   .0363819   .0051275     7.10   0.000     .0263215    .0464422
         y00 |   .0977717   .0055054    17.76   0.000     .0869698    .1085735
      concen |    .168859   .0494587     3.41   0.001     .0718194    .2658985
   origin_id |          0  (omitted)
       _cons |   4.953331   .0296765   166.91   0.000     4.895104    5.011557
-------------+----------------------------------------------------------------
     sigma_u |  .43389176
     sigma_e |  .10651186
         rho |  .94316439   (fraction of variance due to u_i)
------------------------------------------------------------------------------

Fixed-effects (within) IV regression            Number of obs     =      4,596
Group variable: id                              Number of groups  =      1,149

R-squared:                                      Obs per group:
     Within  = 0.2265                                         min =          4
     Between = 0.0487                                         avg =        4.0
     Overall = 0.0574                                         max =          4


                                                Wald chi2(4)      =     114.26
corr(u_i, Xb) = 0.0708                          Prob > chi2       =     0.0000

                                 (Std. err. adjusted for 1,149 clusters in id)
------------------------------------------------------------------------------
             |               Robust
     lpassen | Coefficient  std. err.      z    P>|z|     [95% conf. interval]
-------------+----------------------------------------------------------------
       lfare |  -.3015761   .6129462    -0.49   0.623    -1.502929    .8997764
       ldist |          0  (omitted)
     ldistsq |          0  (omitted)
         y98 |   .0257147   .0164237     1.57   0.117    -.0064751    .0579046
         y99 |   .0724166   .0251189     2.88   0.004     .0231843    .1216488
         y00 |   .1127914   .0620655     1.82   0.069    -.0088547    .2344375
       _cons |   7.501008   3.098097     2.42   0.015     1.428849    13.57317
-------------+----------------------------------------------------------------
     sigma_u |   .8493153
     sigma_e |  .16964171
         rho |  .96163479   (fraction of variance due to u_i)
------------------------------------------------------------------------------
Endogenous: lfare
Exogenous:  ldist ldistsq y98 y99 y00 concen origin_id

. 
. drop m_lpassen tilde_lpassen m_lfare tilde_lfare m_ldist tilde_ldist m_ldistsq tilde_ldistsq m_y98 tilde_y98 m_y99 tilde_y99 m_y00 tilde_y00 m_concen tilde_concen 
> m_origin_id tilde_origin_id 

. 
. xtivreg lpassen ldist ldistsq y98 y99 y00 (lfare = concen origin_id), fe

Fixed-effects (within) IV regression            Number of obs     =      4,596
Group variable: id                              Number of groups  =      1,149

R-squared:                                      Obs per group:
     Within  = 0.2265                                         min =          4
     Between = 0.0487                                         avg =        4.0
     Overall = 0.0574                                         max =          4

                                                Wald chi2(4)      =   5.78e+06
corr(u_i, Xb) = 0.0708                          Prob > chi2       =     0.0000

------------------------------------------------------------------------------
     lpassen | Coefficient  Std. err.      z    P>|z|     [95% conf. interval]
-------------+----------------------------------------------------------------
       lfare |  -.3015761   .2774005    -1.09   0.277    -.8452711     .242119
       ldist |          0  (omitted)
     ldistsq |          0  (omitted)
         y98 |   .0257147   .0097819     2.63   0.009     .0065426    .0448869
         y99 |   .0724166   .0120342     6.02   0.000       .04883    .0960031
         y00 |   .1127914   .0275332     4.10   0.000     .0588273    .1667556
       _cons |   7.501008   1.402758     5.35   0.000     4.751653    10.25036
-------------+----------------------------------------------------------------
     sigma_u |   .8493153
     sigma_e |  .16964171
         rho |  .96163479   (fraction of variance due to u_i)
------------------------------------------------------------------------------
 F test that all u_i=0: F(1148,3443) =    99.13           Prob > F    = 0.0000
------------------------------------------------------------------------------
Endogenous: lfare
Exogenous:  ldist ldistsq y98 y99 y00 concen origin_id

. foreach v in lpassen lfare ldist ldistsq y98 y99 y00 concen origin_id{
  2.     bys id: egen double m_`v' = mean(`v')
  3.     gen double tilde_`v' = `v' - m_`v'
  4. }

. 
. ivreg2 tilde_lpassen tilde_ldist tilde_ldistsq tilde_y98 tilde_y99 tilde_y00 (tilde_lfare = tilde_concen tilde_origin_id), nocons cluster(id)
Warning - collinearities detected
Vars dropped:       tilde_ldist tilde_ldistsq tilde_origin_id

IV (2SLS) estimation
--------------------

Estimates efficient for homoskedasticity only
Statistics robust to heteroskedasticity and clustering on id

Number of clusters (id) =         1149                Number of obs =     4596
                                                      F(  4,  1148) =    26.07
                                                      Prob > F      =   0.0000
Total (centered) SS     =  128.0991685                Centered R2   =   0.2265
Total (uncentered) SS   =  128.0991685                Uncentered R2 =   0.2265
Residual SS             =   99.0837238                Root MSE      =    .1468

-------------------------------------------------------------------------------
              |               Robust
tilde_lpassen | Coefficient  std. err.      z    P>|z|     [95% conf. interval]
--------------+----------------------------------------------------------------
  tilde_lfare |  -.3015761   .6124127    -0.49   0.622    -1.501883    .8987307
  tilde_ldist |          0  (omitted)
tilde_ldistsq |          0  (omitted)
    tilde_y98 |   .0257147   .0164094     1.57   0.117    -.0064471    .0578766
    tilde_y99 |   .0724166   .0250971     2.89   0.004     .0232272    .1216059
    tilde_y00 |   .1127914   .0620115     1.82   0.069    -.0087488    .2343316
-------------------------------------------------------------------------------
Underidentification test (Kleibergen-Paap rk LM statistic):             11.582
                                                   Chi-sq(1) P-val =    0.0007
------------------------------------------------------------------------------
Weak identification test (Cragg-Donald Wald F statistic):               43.966
                         (Kleibergen-Paap rk Wald F statistic):         11.659
Stock-Yogo weak ID test critical values: 10% maximal IV size             16.38
                                         15% maximal IV size              8.96
                                         20% maximal IV size              6.66
                                         25% maximal IV size              5.53
Source: Stock-Yogo (2005).  Reproduced by permission.
NB: Critical values are for Cragg-Donald F statistic and i.i.d. errors.
------------------------------------------------------------------------------
Hansen J statistic (overidentification test of all instruments):         0.000
                                                 (equation exactly identified)
------------------------------------------------------------------------------
Instrumented:         tilde_lfare
Included instruments: tilde_y98 tilde_y99 tilde_y00
Excluded instruments: tilde_concen
Dropped collinear:    tilde_ldist tilde_ldistsq tilde_origin_id
------------------------------------------------------------------------------

. ivreg2 tilde_lpassen tilde_ldist tilde_ldistsq tilde_y98 tilde_y99 tilde_y00 (tilde_lfare = tilde_concen tilde_origin_id), nocons cluster(id) first
Warning - collinearities detected
Vars dropped:       tilde_ldist tilde_ldistsq tilde_origin_id

First-stage regressions
-----------------------


First-stage regression of tilde_lfare:

Statistics robust to heteroskedasticity and clustering on id
Number of obs =                   4596
Number of clusters (id) =         1149
---------------------------------------------------------------------------------
                |               Robust
    tilde_lfare | Coefficient  std. err.      t    P>|t|     [95% conf. interval]
----------------+----------------------------------------------------------------
   tilde_concen |    .168859   .0494533     3.41   0.001     .0719067    .2658112
tilde_origin_id |          0  (omitted)
    tilde_ldist |          0  (omitted)
  tilde_ldistsq |          0  (omitted)
      tilde_y98 |   .0228328   .0041625     5.49   0.000     .0146722    .0309933
      tilde_y99 |   .0363819   .0051269     7.10   0.000     .0263306    .0464331
      tilde_y00 |   .0977717   .0055048    17.76   0.000     .0869795    .1085638
---------------------------------------------------------------------------------
F test of excluded instruments:
  F(  1,  1148) =    11.66
  Prob > F      =   0.0007
Sanderson-Windmeijer multivariate F test of excluded instruments:
  F(  1,  1148) =    11.66
  Prob > F      =   0.0007



Summary results for first-stage regressions
-------------------------------------------

                                           (Underid)            (Weak id)
Variable     | F(  1,  1148)  P-val | SW Chi-sq(  1) P-val | SW F(  1,  1148)
tilde_lfare  |      11.66    0.0007 |       11.68   0.0006 |       11.66

NB: first-stage test statistics cluster-robust

Stock-Yogo weak ID F test critical values for single endogenous regressor:
                                   10% maximal IV size             16.38
                                   15% maximal IV size              8.96
                                   20% maximal IV size              6.66
                                   25% maximal IV size              5.53
Source: Stock-Yogo (2005).  Reproduced by permission.
NB: Critical values are for i.i.d. errors only.

Underidentification test
Ho: matrix of reduced form coefficients has rank=K1-1 (underidentified)
Ha: matrix has rank=K1 (identified)
Kleibergen-Paap rk LM statistic          Chi-sq(1)=11.58    P-val=0.0007

Weak identification test
Ho: equation is weakly identified
Cragg-Donald Wald F statistic                                      43.97
Kleibergen-Paap Wald rk F statistic                                11.66

Stock-Yogo weak ID test critical values for K1=1 and L1=1:
                                   10% maximal IV size             16.38
                                   15% maximal IV size              8.96
                                   20% maximal IV size              6.66
                                   25% maximal IV size              5.53
Source: Stock-Yogo (2005).  Reproduced by permission.
NB: Critical values are for Cragg-Donald F statistic and i.i.d. errors.

Weak-instrument-robust inference
Tests of joint significance of endogenous regressors B1 in main equation
Ho: B1=0 and orthogonality conditions are valid
Anderson-Rubin Wald test           F(1,1148)=      0.20     P-val=0.6551
Anderson-Rubin Wald test           Chi-sq(1)=      0.20     P-val=0.6548
Stock-Wright LM S statistic        Chi-sq(1)=      0.23     P-val=0.6307

NB: Underidentification, weak identification and weak-identification-robust
    test statistics cluster-robust

Number of clusters             N_clust  =       1149
Number of observations               N  =       4596
Number of regressors                 K  =          4
Number of endogenous regressors      K1 =          1
Number of instruments                L  =          4
Number of excluded instruments       L1 =          1

IV (2SLS) estimation
--------------------

Estimates efficient for homoskedasticity only
Statistics robust to heteroskedasticity and clustering on id

Number of clusters (id) =         1149                Number of obs =     4596
                                                      F(  4,  1148) =    26.07
                                                      Prob > F      =   0.0000
Total (centered) SS     =  128.0991685                Centered R2   =   0.2265
Total (uncentered) SS   =  128.0991685                Uncentered R2 =   0.2265
Residual SS             =   99.0837238                Root MSE      =    .1468

-------------------------------------------------------------------------------
              |               Robust
tilde_lpassen | Coefficient  std. err.      z    P>|z|     [95% conf. interval]
--------------+----------------------------------------------------------------
  tilde_lfare |  -.3015761   .6124127    -0.49   0.622    -1.501883    .8987307
  tilde_ldist |          0  (omitted)
tilde_ldistsq |          0  (omitted)
    tilde_y98 |   .0257147   .0164094     1.57   0.117    -.0064471    .0578766
    tilde_y99 |   .0724166   .0250971     2.89   0.004     .0232272    .1216059
    tilde_y00 |   .1127914   .0620115     1.82   0.069    -.0087488    .2343316
-------------------------------------------------------------------------------
Underidentification test (Kleibergen-Paap rk LM statistic):             11.582
                                                   Chi-sq(1) P-val =    0.0007
------------------------------------------------------------------------------
Weak identification test (Cragg-Donald Wald F statistic):               43.966
                         (Kleibergen-Paap rk Wald F statistic):         11.659
Stock-Yogo weak ID test critical values: 10% maximal IV size             16.38
                                         15% maximal IV size              8.96
                                         20% maximal IV size              6.66
                                         25% maximal IV size              5.53
Source: Stock-Yogo (2005).  Reproduced by permission.
NB: Critical values are for Cragg-Donald F statistic and i.i.d. errors.
------------------------------------------------------------------------------
Hansen J statistic (overidentification test of all instruments):         0.000
                                                 (equation exactly identified)
------------------------------------------------------------------------------
Instrumented:         tilde_lfare
Included instruments: tilde_y98 tilde_y99 tilde_y00
Excluded instruments: tilde_concen
Dropped collinear:    tilde_ldist tilde_ldistsq tilde_origin_id
------------------------------------------------------------------------------

. 
. 
. *** primero veamos, para ambos instrumentos, que ambos enfoques coinciden en los coeficientes. 
. xtivreg lpassen ldist ldistsq y98 y99 y00 (lfare = concen origin_id), fe vce(cluster id)

Fixed-effects (within) IV regression            Number of obs     =      4,596
Group variable: id                              Number of groups  =      1,149

R-squared:                                      Obs per group:
     Within  = 0.2265                                         min =          4
     Between = 0.0487                                         avg =        4.0
     Overall = 0.0574                                         max =          4


                                                Wald chi2(4)      =     114.26
corr(u_i, Xb) = 0.0708                          Prob > chi2       =     0.0000

                                 (Std. err. adjusted for 1,149 clusters in id)
------------------------------------------------------------------------------
             |               Robust
     lpassen | Coefficient  std. err.      z    P>|z|     [95% conf. interval]
-------------+----------------------------------------------------------------
       lfare |  -.3015761   .6129462    -0.49   0.623    -1.502929    .8997764
       ldist |          0  (omitted)
     ldistsq |          0  (omitted)
         y98 |   .0257147   .0164237     1.57   0.117    -.0064751    .0579046
         y99 |   .0724166   .0251189     2.88   0.004     .0231843    .1216488
         y00 |   .1127914   .0620655     1.82   0.069    -.0088547    .2344375
       _cons |   7.501008   3.098097     2.42   0.015     1.428849    13.57317
-------------+----------------------------------------------------------------
     sigma_u |   .8493153
     sigma_e |  .16964171
         rho |  .96163479   (fraction of variance due to u_i)
------------------------------------------------------------------------------
Endogenous: lfare
Exogenous:  ldist ldistsq y98 y99 y00 concen origin_id

. ivreg2 tilde_lpassen tilde_ldist tilde_ldistsq tilde_y98 tilde_y99 tilde_y00 (tilde_lfare = tilde_concen tilde_origin_id), nocons cluster(id)
Warning - collinearities detected
Vars dropped:       tilde_ldist tilde_ldistsq tilde_origin_id

IV (2SLS) estimation
--------------------

Estimates efficient for homoskedasticity only
Statistics robust to heteroskedasticity and clustering on id

Number of clusters (id) =         1149                Number of obs =     4596
                                                      F(  4,  1148) =    26.07
                                                      Prob > F      =   0.0000
Total (centered) SS     =  128.0991685                Centered R2   =   0.2265
Total (uncentered) SS   =  128.0991685                Uncentered R2 =   0.2265
Residual SS             =   99.0837238                Root MSE      =    .1468

-------------------------------------------------------------------------------
              |               Robust
tilde_lpassen | Coefficient  std. err.      z    P>|z|     [95% conf. interval]
--------------+----------------------------------------------------------------
  tilde_lfare |  -.3015761   .6124127    -0.49   0.622    -1.501883    .8987307
  tilde_ldist |          0  (omitted)
tilde_ldistsq |          0  (omitted)
    tilde_y98 |   .0257147   .0164094     1.57   0.117    -.0064471    .0578766
    tilde_y99 |   .0724166   .0250971     2.89   0.004     .0232272    .1216059
    tilde_y00 |   .1127914   .0620115     1.82   0.069    -.0087488    .2343316
-------------------------------------------------------------------------------
Underidentification test (Kleibergen-Paap rk LM statistic):             11.582
                                                   Chi-sq(1) P-val =    0.0007
------------------------------------------------------------------------------
Weak identification test (Cragg-Donald Wald F statistic):               43.966
                         (Kleibergen-Paap rk Wald F statistic):         11.659
Stock-Yogo weak ID test critical values: 10% maximal IV size             16.38
                                         15% maximal IV size              8.96
                                         20% maximal IV size              6.66
                                         25% maximal IV size              5.53
Source: Stock-Yogo (2005).  Reproduced by permission.
NB: Critical values are for Cragg-Donald F statistic and i.i.d. errors.
------------------------------------------------------------------------------
Hansen J statistic (overidentification test of all instruments):         0.000
                                                 (equation exactly identified)
------------------------------------------------------------------------------
Instrumented:         tilde_lfare
Included instruments: tilde_y98 tilde_y99 tilde_y00
Excluded instruments: tilde_concen
Dropped collinear:    tilde_ldist tilde_ldistsq tilde_origin_id
------------------------------------------------------------------------------

. 
. 
. *** segundo, veamos que pasa si uso solamente concer como instrumento no trivial, notar que ahora no necesito regenerar la transformacion porque para whitin siempr
> e lambda=1
. 
. xtivreg lpassen ldist ldistsq y98 y99 y00 (lfare = concen), fe vce(cluster id)

Fixed-effects (within) IV regression            Number of obs     =      4,596
Group variable: id                              Number of groups  =      1,149

R-squared:                                      Obs per group:
     Within  = 0.2265                                         min =          4
     Between = 0.0487                                         avg =        4.0
     Overall = 0.0574                                         max =          4


                                                Wald chi2(4)      =     114.26
corr(u_i, Xb) = 0.0708                          Prob > chi2       =     0.0000

                                 (Std. err. adjusted for 1,149 clusters in id)
------------------------------------------------------------------------------
             |               Robust
     lpassen | Coefficient  std. err.      z    P>|z|     [95% conf. interval]
-------------+----------------------------------------------------------------
       lfare |  -.3015761   .6129462    -0.49   0.623    -1.502929    .8997764
       ldist |          0  (omitted)
     ldistsq |          0  (omitted)
         y98 |   .0257147   .0164237     1.57   0.117    -.0064751    .0579046
         y99 |   .0724166   .0251189     2.88   0.004     .0231843    .1216488
         y00 |   .1127914   .0620655     1.82   0.069    -.0088547    .2344375
       _cons |   7.501008   3.098097     2.42   0.015     1.428849    13.57317
-------------+----------------------------------------------------------------
     sigma_u |   .8493153
     sigma_e |  .16964171
         rho |  .96163479   (fraction of variance due to u_i)
------------------------------------------------------------------------------
Endogenous: lfare
Exogenous:  ldist ldistsq y98 y99 y00 concen

. ivreg2 tilde_lpassen tilde_ldist tilde_ldistsq tilde_y98 tilde_y99 tilde_y00 (tilde_lfare = tilde_concen), nocons cluster(id)
Warning - collinearities detected
Vars dropped:       tilde_ldist tilde_ldistsq

IV (2SLS) estimation
--------------------

Estimates efficient for homoskedasticity only
Statistics robust to heteroskedasticity and clustering on id

Number of clusters (id) =         1149                Number of obs =     4596
                                                      F(  4,  1148) =    26.07
                                                      Prob > F      =   0.0000
Total (centered) SS     =  128.0991685                Centered R2   =   0.2265
Total (uncentered) SS   =  128.0991685                Uncentered R2 =   0.2265
Residual SS             =   99.0837238                Root MSE      =    .1468

-------------------------------------------------------------------------------
              |               Robust
tilde_lpassen | Coefficient  std. err.      z    P>|z|     [95% conf. interval]
--------------+----------------------------------------------------------------
  tilde_lfare |  -.3015761   .6124127    -0.49   0.622    -1.501883    .8987307
  tilde_ldist |          0  (omitted)
tilde_ldistsq |          0  (omitted)
    tilde_y98 |   .0257147   .0164094     1.57   0.117    -.0064471    .0578766
    tilde_y99 |   .0724166   .0250971     2.89   0.004     .0232272    .1216059
    tilde_y00 |   .1127914   .0620115     1.82   0.069    -.0087488    .2343316
-------------------------------------------------------------------------------
Underidentification test (Kleibergen-Paap rk LM statistic):             11.582
                                                   Chi-sq(1) P-val =    0.0007
------------------------------------------------------------------------------
Weak identification test (Cragg-Donald Wald F statistic):               43.966
                         (Kleibergen-Paap rk Wald F statistic):         11.659
Stock-Yogo weak ID test critical values: 10% maximal IV size             16.38
                                         15% maximal IV size              8.96
                                         20% maximal IV size              6.66
                                         25% maximal IV size              5.53
Source: Stock-Yogo (2005).  Reproduced by permission.
NB: Critical values are for Cragg-Donald F statistic and i.i.d. errors.
------------------------------------------------------------------------------
Hansen J statistic (overidentification test of all instruments):         0.000
                                                 (equation exactly identified)
------------------------------------------------------------------------------
Instrumented:         tilde_lfare
Included instruments: tilde_y98 tilde_y99 tilde_y00
Excluded instruments: tilde_concen
Dropped collinear:    tilde_ldist tilde_ldistsq
------------------------------------------------------------------------------

. 
. ** NOTA: me queda la duda acerca de si debo usar la opcion "nocons" en los ivreg2. Pero creo que tanto con el comando reg, como con ivreg2, 
. **                      cuando usamos todas la especificacion en tilde (transformacion within) tiene sentido usar nocons. (y si la pongo deberia dar 0)
. 
. 
. 
. **# Comparacion: Hausman
. 
. 
. 
. *****************************************************************
. ********************** HAUSMAN **********************************
. *****************************************************************
. 
. 
. * OJO: teóricamente el Hausman compara el vector δ de regresores que cambian en i y t (w_it).
. * Las dummies de año se incluyen en ambos modelos para no sesgar nada, pero la interpretación del test es sobre las que tienen variación dentro de firma.
. 
. /**********************************************************************
> * A) HAUSMAN "CLÁSICO", BAJO RE-IV.3
> *    - Ambos modelos con varianza clásica.
> *    - RE-IV es eficiente bajo H0; 
>      - FE-IV y RE-IV consistentes bajo H0.
> ***********************************************************************/
. 
. * RE-IV con varianza clásica (RE-IV.3)
. * Modelo reducido SOLO con las variables que varían en i y t
. * ldist, ldistsq solo varian en i
. * i.year solo varian en t
. 
. * Test de Hausman clásico
. * - 'sigmamore' fuerza que las dos matrices de varianza usen un parámetro de varianza común basado en el estimador eficiente (RE).
. *   Esto es lo que encaja con la derivación teórica estándar del Hausman (Wooldridge, Stata manual).
. 
. xtivreg lpassen  (lfare = concen), re 

G2SLS random-effects IV regression              Number of obs     =      4,596
Group variable: id                              Number of groups  =      1,149

R-squared:                                      Obs per group:
     Within  = 0.2852                                         min =          4
     Between = 0.0487                                         avg =        4.0
     Overall = 0.0548                                         max =          4

                                                Wald chi2(1)      =       3.31
corr(u_i, X) = 0 (assumed)                      Prob > chi2       =     0.0691

------------------------------------------------------------------------------
     lpassen | Coefficient  Std. err.      z    P>|z|     [95% conf. interval]
-------------+----------------------------------------------------------------
       lfare |  -2.899646    1.59491    -1.82   0.069    -6.025611    .2263197
       _cons |   20.79246   8.127143     2.56   0.011     4.863555    36.72137
-------------+----------------------------------------------------------------
     sigma_u |  .91401293
     sigma_e |  .16608808
         rho |  .96803581   (fraction of variance due to u_i)
------------------------------------------------------------------------------
Endogenous: lfare
Exogenous:  concen

. estimates store REIV_clasico

. xtivreg lpassen  (lfare = concen), fe 

Fixed-effects (within) IV regression            Number of obs     =      4,596
Group variable: id                              Number of groups  =      1,149

R-squared:                                      Obs per group:
     Within  = 0.2579                                         min =          4
     Between = 0.0487                                         avg =        4.0
     Overall = 0.0548                                         max =          4

                                                Wald chi2(1)      =   6.03e+06
corr(u_i, Xb) = -0.3336                         Prob > chi2       =     0.0000

------------------------------------------------------------------------------
     lpassen | Coefficient  Std. err.      z    P>|z|     [95% conf. interval]
-------------+----------------------------------------------------------------
       lfare |  -1.177216   .4405055    -2.67   0.008    -2.040591   -.3138409
       _cons |   12.01565   2.244641     5.35   0.000     7.616233    16.41506
-------------+----------------------------------------------------------------
     sigma_u |  .90147644
     sigma_e |  .16608808
         rho |  .96716999   (fraction of variance due to u_i)
------------------------------------------------------------------------------
 F test that all u_i=0: F(1148,3446) =   104.02           Prob > F    = 0.0000
------------------------------------------------------------------------------
Endogenous: lfare
Exogenous:  concen

. estimates store FEIV_clasico

. hausman FEIV_clasico REIV_clasico, sigmamore

                 ---- Coefficients ----
             |      (b)          (B)            (b-B)     sqrt(diag(V_b-V_B))
             |  FEIV_clasico REIV_clasico    Difference       Std. err.
-------------+----------------------------------------------------------------
       lfare |   -1.177216    -2.899646         1.72243               .
------------------------------------------------------------------------------
                        b = Consistent under H0 and Ha; obtained from xtivreg.
         B = Inconsistent under Ha, efficient under H0; obtained from xtivreg.

Test of H0: Difference in coefficients not systematic

chi2(1) = (b-B)'[(V_b-V_B)^(-1)](b-B)
        = -1.27

Warning: chi2 < 0 ==> model fitted on these data
         fails to meet the asymptotic assumptions
         of the Hausman test; see suest for a
         generalized test.

. 
. 
. * Interpretación:
. * - H0: Cov(c_i, w_it) = 0  (supuesto RE-IV.1b válido)  -> RE-IV consistente y eficiente.
. * - H1: Cov(c_i, w_it) != 0 -> RE-IV inconsistente; FE-IV sigue siendo consistente.
. *
. * - Si el p-valor es chico (5% o 1%) => evidencia contra H0 -> usar FE-IV.
. * - Si el p-valor es grande         => no hay evidencia fuerte contra H0 -> es razonable RE-IV; 
. *   en ese caso RE-IV es una opción razonable, pero igual conviene mirar las diferencias de magnitud entre coeficientes FE-IV y RE-IV (tamaño de efecto).
. 
. ** En nuestro caso: tenemos un problema para realizar la prueba de hausman ya que no tenemos muchas variables que varien en i y en t, solo lfare y su instrumento. 
. **  aun podemos comparar : |b_FE - b_RE| / |b_FE|  para lfare
. ** pero podemos hacer la prueba a la MUNDLAK
. 
. **# Comparacion: prueba basada en especificacion CRE-IV (Mundlak)
. 
. 
. /**********************************************************************
> * B) VERSIÓN MUNDLAK (HAUSMAN ROBUSTO VIA VARIABLE ADDITION)
> *
> *  Idea (Mundlak + Wooldridge):
> *  - Parametrizar c_i = c + (w̄_i)'ξ + a_i.
> *  - Bajo H0 (RE-IV válido): ξ = 0  -> c_i no correlacionado con medias de w_it.
> *  - Basta estimar un modelo "correlated random effects" agregando w̄_i
> *    y hacer un test de Wald sobre ξ = 0.
> *
> *  Ventajas:
> *  - Se puede usar vce(cluster firm) o cualquier VCE robusto.
> *  - El coeficiente de w_it coincide con FE-IV (si se arma bien).
> ***********************************************************************/
. *--------------------------------------------------------------*
. * 1. Construir medias temporales de las variables w_it        *
. *     (acá solamente: lfare y concen. El resto o solo varian en i o solo varian en t)   
. *
. *--------------------------------------------------------------*
. 
. summ m_concen m_lfare 

    Variable |        Obs        Mean    Std. dev.       Min        Max
-------------+---------------------------------------------------------
    m_concen |      4,596    .6101149    .1888741      .1862      .9997
     m_lfare |      4,596    5.095601    .4249882   4.026386   6.127917

. 
. *--------------------------------------------------------------*
. * C2. Estimar el modelo tipo Mundlak con efectos aleatorios   *
. *     y error robusto/cluster                                  *
. *     y_it = z_i'γ + w_it'δ + w̄_i'ξ + (a_i + u_it)            *
. *
. *  - En la especificacion de Mundlak, que se estima por RE-IV, podemos agregar:
. *  - dummies temporales y tambien variables que no varian en el tiempo (z_i)
. *  - Entonces:
. *  - Incluimos i.year como parte de x_it (efectos de tiempo).
. *  - Incluimos m_lfare y m_concen como regresores extra: el corazon de la especificacion de Mundlak (con instrumentos, tambien agregamos su media en la especifacio
> n , por eso agregamos a m_concen)
. *  - podemos optar por incluir variables z_i como podria ser ldist y ldistsq, por ejemplo. 
. 
. /*
> 
> Dummies de tiempo en Mundlak: sí, incluirlas, porque así CRE se parece al modelo que realmente vas a reportar.
> 
> Variables z_i: Teóricamente, sí conviene incluirlas. 
>                Pedagógicamente, se puede decidir incluirlas o no según qué tan alineado quieras que esté el test con el Hausman clásico que corriste antes.
>                Lo importante es que expliques: "Este test de Mundlak está chequeando la correlación entre c_i​ y las medias de w_it, condicional en [conjunto de re
> gresores que tengo en el modelo]".
> */
. 
. * Si estimamos la especificacion de Mundlak, los coeficientes asociados a w_it (es decir, δ) coinciden para esta estimacion (CRE) con una estimacion por FE para es
> tos coeficientes:
. xtivreg lpassen i.year m_lfare m_concen (lfare=concen), re

G2SLS random-effects IV regression              Number of obs     =      4,596
Group variable: id                              Number of groups  =      1,149

R-squared:                                      Obs per group:
     Within  = 0.3188                                         min =          4
     Between = 0.0588                                         avg =        4.0
     Overall = 0.0649                                         max =          4

                                                Wald chi2(6)      =     251.02
corr(u_i, X) = 0 (assumed)                      Prob > chi2       =     0.0000

------------------------------------------------------------------------------
     lpassen | Coefficient  Std. err.      z    P>|z|     [95% conf. interval]
-------------+----------------------------------------------------------------
       lfare |  -.3015761   .2774005    -1.09   0.277    -.8452711     .242119
             |
        year |
       1998  |   .0257147   .0097819     2.63   0.009     .0065426    .0448869
       1999  |   .0724166   .0120342     6.02   0.000       .04883    .0960031
       2000  |   .1127914   .0275332     4.10   0.000     .0588273    .1667556
             |
     m_lfare |  -.1999903   .2838787    -0.70   0.481    -.7563823    .3564018
    m_concen |  -.4752544   .1356814    -3.50   0.000    -.7411851   -.2093237
       _cons |   8.810038   .3379768    26.07   0.000     8.147616     9.47246
-------------+----------------------------------------------------------------
     sigma_u |  .83890057
     sigma_e |  .16964171
         rho |  .96071395   (fraction of variance due to u_i)
------------------------------------------------------------------------------
Endogenous: lfare
Exogenous:  1998.year 1999.year 2000.year m_lfare m_concen concen

. xtivreg lpassen i.year                  (lfare=concen), fe

Fixed-effects (within) IV regression            Number of obs     =      4,596
Group variable: id                              Number of groups  =      1,149

R-squared:                                      Obs per group:
     Within  = 0.2265                                         min =          4
     Between = 0.0487                                         avg =        4.0
     Overall = 0.0574                                         max =          4

                                                Wald chi2(4)      =   5.78e+06
corr(u_i, Xb) = 0.0708                          Prob > chi2       =     0.0000

------------------------------------------------------------------------------
     lpassen | Coefficient  Std. err.      z    P>|z|     [95% conf. interval]
-------------+----------------------------------------------------------------
       lfare |  -.3015761   .2774005    -1.09   0.277    -.8452711     .242119
             |
        year |
       1998  |   .0257147   .0097819     2.63   0.009     .0065426    .0448869
       1999  |   .0724166   .0120342     6.02   0.000       .04883    .0960031
       2000  |   .1127914   .0275332     4.10   0.000     .0588273    .1667556
             |
       _cons |   7.501008   1.402758     5.35   0.000     4.751653    10.25036
-------------+----------------------------------------------------------------
     sigma_u |   .8493153
     sigma_e |  .16964171
         rho |  .96163479   (fraction of variance due to u_i)
------------------------------------------------------------------------------
 F test that all u_i=0: F(1148,3443) =    99.70           Prob > F    = 0.0000
------------------------------------------------------------------------------
Endogenous: lfare
Exogenous:  1998.year 1999.year 2000.year concen

. ** se comprueba que los coeficentes para lfare son identicos (solo es valido para este vector w_it). ¿y si agregamos una variable z_i, por ejemplo, ldist?
. xtivreg lpassen i.year m_lfare m_concen (lfare=concen) ldist, re

G2SLS random-effects IV regression              Number of obs     =      4,596
Group variable: id                              Number of groups  =      1,149

R-squared:                                      Obs per group:
     Within  = 0.3188                                         min =          4
     Between = 0.0599                                         avg =        4.0
     Overall = 0.0660                                         max =          4

                                                Wald chi2(7)      =     252.37
corr(u_i, X) = 0 (assumed)                      Prob > chi2       =     0.0000

------------------------------------------------------------------------------
     lpassen | Coefficient  Std. err.      z    P>|z|     [95% conf. interval]
-------------+----------------------------------------------------------------
       lfare |  -.3015761   .2774005    -1.09   0.277    -.8452711     .242119
             |
        year |
       1998  |   .0257147   .0097819     2.63   0.009     .0065426    .0448869
       1999  |   .0724166   .0120342     6.02   0.000       .04883    .0960031
       2000  |   .1127914   .0275332     4.10   0.000     .0588273    .1667556
             |
     m_lfare |  -.1467768   .2876083    -0.51   0.610    -.7104787     .416925
    m_concen |   -.573436   .1601982    -3.58   0.000    -.8874187   -.2594533
       ldist |  -.0657326   .0570424    -1.15   0.249    -.1775336    .0460684
       _cons |   9.038963   .3919966    23.06   0.000     8.270664    9.807262
-------------+----------------------------------------------------------------
     sigma_u |  .83877936
     sigma_e |  .16964171
         rho |  .96070304   (fraction of variance due to u_i)
------------------------------------------------------------------------------
Endogenous: lfare
Exogenous:  1998.year 1999.year 2000.year m_lfare m_concen ldist concen

. xtivreg lpassen i.year                  (lfare=concen) ldist, fe

Fixed-effects (within) IV regression            Number of obs     =      4,596
Group variable: id                              Number of groups  =      1,149

R-squared:                                      Obs per group:
     Within  = 0.2265                                         min =          4
     Between = 0.0487                                         avg =        4.0
     Overall = 0.0574                                         max =          4

                                                Wald chi2(4)      =   5.78e+06
corr(u_i, Xb) = 0.0708                          Prob > chi2       =     0.0000

------------------------------------------------------------------------------
     lpassen | Coefficient  Std. err.      z    P>|z|     [95% conf. interval]
-------------+----------------------------------------------------------------
       lfare |  -.3015761   .2774005    -1.09   0.277    -.8452711     .242119
             |
        year |
       1998  |   .0257147   .0097819     2.63   0.009     .0065426    .0448869
       1999  |   .0724166   .0120342     6.02   0.000       .04883    .0960031
       2000  |   .1127914   .0275332     4.10   0.000     .0588273    .1667556
             |
       ldist |          0  (omitted)
       _cons |   7.501008   1.402758     5.35   0.000     4.751653    10.25036
-------------+----------------------------------------------------------------
     sigma_u |   .8493153
     sigma_e |  .16964171
         rho |  .96163479   (fraction of variance due to u_i)
------------------------------------------------------------------------------
 F test that all u_i=0: F(1148,3443) =    99.63           Prob > F    = 0.0000
------------------------------------------------------------------------------
Endogenous: lfare
Exogenous:  1998.year 1999.year 2000.year ldist concen

. ** sigue pasando que los coeficientes para lfare son identicos.
. 
. * Test de "hausman" basado en CRE:
. 
. *el modelo RE-IV "usual" sin el vector w_bar es justamente el caso restringido ξ=0. 
. * Bajo la parametrización c_i = c + w̄_i' ξ + a_i:
. *  H0 (RE-IV válido)   : ξ = 0  -> coeficientes de medias temporales = 0
. *  H1 (FE-IV preferido): ξ != 0
. 
. xtivreg lpassen i.year m_lfare m_concen (lfare=concen), re

G2SLS random-effects IV regression              Number of obs     =      4,596
Group variable: id                              Number of groups  =      1,149

R-squared:                                      Obs per group:
     Within  = 0.3188                                         min =          4
     Between = 0.0588                                         avg =        4.0
     Overall = 0.0649                                         max =          4

                                                Wald chi2(6)      =     251.02
corr(u_i, X) = 0 (assumed)                      Prob > chi2       =     0.0000

------------------------------------------------------------------------------
     lpassen | Coefficient  Std. err.      z    P>|z|     [95% conf. interval]
-------------+----------------------------------------------------------------
       lfare |  -.3015761   .2774005    -1.09   0.277    -.8452711     .242119
             |
        year |
       1998  |   .0257147   .0097819     2.63   0.009     .0065426    .0448869
       1999  |   .0724166   .0120342     6.02   0.000       .04883    .0960031
       2000  |   .1127914   .0275332     4.10   0.000     .0588273    .1667556
             |
     m_lfare |  -.1999903   .2838787    -0.70   0.481    -.7563823    .3564018
    m_concen |  -.4752544   .1356814    -3.50   0.000    -.7411851   -.2093237
       _cons |   8.810038   .3379768    26.07   0.000     8.147616     9.47246
-------------+----------------------------------------------------------------
     sigma_u |  .83890057
     sigma_e |  .16964171
         rho |  .96071395   (fraction of variance due to u_i)
------------------------------------------------------------------------------
Endogenous: lfare
Exogenous:  1998.year 1999.year 2000.year m_lfare m_concen concen

. estimates store CRE_mundlak_clasico

. * Test de Wald conjunto sobre las medias temporales (Hausman)
. test m_lfare m_concen

 ( 1)  m_lfare = 0
 ( 2)  m_concen = 0

           chi2(  2) =   12.55
         Prob > chi2 =    0.0019

. 
. * Interpretación del test de Mundlak:
. * - Si no rechazás H0: ξ = 0  -> evidencia consistente con RE-IV.1b;
. *   RE-IV "tradicional" es una especificación razonable.
. * - Si rechazás H0: ξ != 0  -> medias temporales correlacionadas con c_i;
. *   RE-IV clásico es inconsistente; FE-IV (o CRE con Mundlak completo) es preferible.
. 
. * Bajo esos supuestos (homocedasticidad + estructura RE-IV estándar), el Wald sobre m_lfare es asintóticamente equivalente al Hausman clásico.
. * Eso es lo "limpio algebraicamente" pero poco realista empíricamente.
. 
. * El valor agregado de Mundlak es justamente que te permite hacer un Hausman robusto, o sea:
. *--------------------------------------------------------------*
. xtivreg lpassen i.year m_lfare m_concen (lfare=concen), re vce(cluster id)

G2SLS random-effects IV regression              Number of obs     =      4,596
Group variable: id                              Number of groups  =      1,149

R-squared:                                      Obs per group:
     Within  = 0.3188                                         min =          4
     Between = 0.0588                                         avg =        4.0
     Overall = 0.0649                                         max =          4


                                                Wald chi2(6)      =     181.51
corr(u_i, X) = 0 (assumed)                      Prob > chi2       =     0.0000

                                 (Std. err. adjusted for 1,149 clusters in id)
------------------------------------------------------------------------------
             |               Robust
     lpassen | Coefficient  std. err.      z    P>|z|     [95% conf. interval]
-------------+----------------------------------------------------------------
       lfare |  -.3015761   .6130797    -0.49   0.623     -1.50319    .9000381
             |
        year |
       1998  |   .0257147   .0164273     1.57   0.117    -.0064821    .0579116
       1999  |   .0724166   .0251244     2.88   0.004     .0231736    .1216595
       2000  |   .1127914    .062079     1.82   0.069    -.0088812     .234464
             |
     m_lfare |  -.1999903    .612266    -0.33   0.744     -1.40001    1.000029
    m_concen |  -.4752544   .1365745    -3.48   0.001    -.7429355   -.2075732
       _cons |   8.810038   .3431509    25.67   0.000     8.137475    9.482601
-------------+----------------------------------------------------------------
     sigma_u |  .83890057
     sigma_e |  .16964171
         rho |  .96071395   (fraction of variance due to u_i)
------------------------------------------------------------------------------
Endogenous: lfare
Exogenous:  1998.year 1999.year 2000.year m_lfare m_concen concen

. estimates store CRE_mundlak_robusto

. test m_lfare m_concen

 ( 1)  m_lfare = 0
 ( 2)  m_concen = 0

           chi2(  2) =   12.12
         Prob > chi2 =    0.0023

. 
. /* En este caso, rechazamos HO, y por tanto elegiriamos el modelo FE-IV. 
> */
. 
. 
. **# Disclaimer
. 
. /* Asumiendo que lfare es una variable endogena, tiene sentido comparar RE-IV vs FE-IV como acabamos de hacer. 
>    En ese contexto, el test de hausman nos resulto problematico, pero no por un asunto asociado a la prueba de hausman, sino que mas bien se debe, 
>    a que no contamos con suficientes variables que varien en i y en t, que es de lo que se nutre el test de hausman.
>    Pero aun asi, podemos implementar la version de Mundlak, incluso su version robusta, y ahi la conclusion fue clara: debemos usar FE-IV. 
>    
>    SIN EMBARGO, RECORDAR QUE,
>    nosotros habiamos realizado el test hoy temprano y lfare NO es endogena. Pero aun asi hicimos todo esto para fines didacticos.
>    Asi que lo correcto en realidad si fuese un caso real de trabajo, seria estimar RE y estimar FE (sin instrumentar nada) y luego hacer un hausman sobre estos dos
>  modelos. 
>    De hecho, si hicieramos eso:*/
. 
. 
. *-----------------------------------------------------------
. * C) Hausman RE vs FE  "clásico" (ojo: no es robusto a vce(cluster))
. *-----------------------------------------------------------
. xtreg lpassen lfare, re

Random-effects GLS regression                   Number of obs     =      4,596
Group variable: id                              Number of groups  =      1,149

R-squared:                                      Obs per group:
     Within  = 0.2852                                         min =          4
     Between = 0.0487                                         avg =        4.0
     Overall = 0.0548                                         max =          4

                                                Wald chi2(1)      =    1369.26
corr(u_i, X) = 0 (assumed)                      Prob > chi2       =     0.0000

------------------------------------------------------------------------------
     lpassen | Coefficient  Std. err.      z    P>|z|     [95% conf. interval]
-------------+----------------------------------------------------------------
       lfare |  -.8341326    .022542   -37.00   0.000    -.8783141    -.789951
       _cons |   10.26743   .1175816    87.32   0.000     10.03698    10.49789
-------------+----------------------------------------------------------------
     sigma_u |  .84338039
     sigma_e |  .16301172
         rho |   .9639868   (fraction of variance due to u_i)
------------------------------------------------------------------------------

. estimates store RE_clasico

. xtreg lpassen lfare, fe

Fixed-effects (within) regression               Number of obs     =      4,596
Group variable: id                              Number of groups  =      1,149

R-squared:                                      Obs per group:
     Within  = 0.2852                                         min =          4
     Between = 0.0487                                         avg =        4.0
     Overall = 0.0548                                         max =          4

                                                F(1, 3446)        =    1374.68
corr(u_i, Xb) = -0.2139                         Prob > F          =     0.0000

------------------------------------------------------------------------------
     lpassen | Coefficient  Std. err.      t    P>|t|     [95% conf. interval]
-------------+----------------------------------------------------------------
       lfare |  -.8992947    .024255   -37.08   0.000    -.9468503   -.8517392
       _cons |   10.59947    .123617    85.74   0.000      10.3571    10.84184
-------------+----------------------------------------------------------------
     sigma_u |  .86813097
     sigma_e |  .16301172
         rho |  .96594207   (fraction of variance due to u_i)
------------------------------------------------------------------------------
F test that all u_i=0: F(1148, 3446) = 108.26                Prob > F = 0.0000

. estimates store FE_clasico

. hausman FE_clasico RE_clasico, sigmamore

                 ---- Coefficients ----
             |      (b)          (B)            (b-B)     sqrt(diag(V_b-V_B))
             |   FE_clasico   RE_clasico     Difference       Std. err.
-------------+----------------------------------------------------------------
       lfare |   -.8992947    -.8341326       -.0651622        .0092948
------------------------------------------------------------------------------
                          b = Consistent under H0 and Ha; obtained from xtreg.
           B = Inconsistent under Ha, efficient under H0; obtained from xtreg.

Test of H0: Difference in coefficients not systematic

    chi2(1) = (b-B)'[(V_b-V_B)^(-1)](b-B)
            =  49.15
Prob > chi2 = 0.0000

. 
. /* Cuando hacemos caso a que lfare no es endogena, y por lo tanto no es necesario estimar con IV, tenemos que el test de hausman nos dice otra cosa.
>    Sin IV, cuando comparamos los vectores de coeficientes de ambos estimadores (FE vs RE) (solo para los que varian en i y en t, en este caso, solamente lfare), 
>    tenemos que no hay diferencia sistematica entre ambos vectores de coeficientes
>    para las variables que varian en i y en t, por lo cual, rechazamos la hipotesis nula de que existe tal diferencia sistematica. 
>    Eso nos dice que debemos estimar por RE, ya que es consistente y eficiente cuando no hay diferencias sistematica entre los coeficientes. 
>    Conclusion si tuviera este dataset real: estimo por RE como modelo final.
> */
. 
. 
. 
. 
. 
. 
. 
end of do-file

. log close
      name:  <unnamed>
       log:  C:\Users\Equipo\Downloads\11_taller.log
  log type:  text
 closed on:  26 Mar 2026, 04:22:36
---------------------------------------------------------------------------------------------------------------------------------------------------------------------
