---------------------------------------------------------------------------------------------------------------------------------------------------------------------
      name:  <unnamed>
       log:  C:\Users\Equipo\Downloads\12_taller.log
  log type:  text
 opened on:  26 Mar 2026, 04:22:52

. do "C:\Users\Equipo\OneDrive\Desktop\proyecto\4Medio ambiente- innovacion\3. Estrategia empirica\3. Modelos\talleres por tema - teoria econometrica\12taller_Binari
> a.do"

. *** Capitulo 15 ***
. 
. clear all

. bcuse mroz, clear 

Contains data from http://fmwww.bc.edu/ec-p/data/wooldridge/mroz.dta
 Observations:           753                  
    Variables:            22                  10 Jan 2000 16:54
---------------------------------------------------------------------------------------------------------------------------------------------------------------------
Variable      Storage   Display    Value
    name         type    format    label      Variable label
---------------------------------------------------------------------------------------------------------------------------------------------------------------------
inlf            float   %9.0g                 
hours           float   %9.0g                 
kidslt6         float   %9.0g                 
kidsge6         float   %9.0g                 
age             float   %9.0g                 
educ            float   %9.0g                 
wage            float   %9.0g                 
repwage         float   %9.0g                 
hushrs          float   %9.0g                 
husage          float   %9.0g                 
huseduc         float   %9.0g                 
huswage         float   %9.0g                 
faminc          float   %9.0g                 
mtr             float   %9.0g                 
motheduc        float   %9.0g                 
fatheduc        float   %9.0g                 
unem            float   %9.0g                 
city            float   %9.0g                 
exper           float   %9.0g                 
nwifeinc        float   %9.0g                 
lwage           float   %9.0g                 
expersq         float   %9.0g                 
---------------------------------------------------------------------------------------------------------------------------------------------------------------------
Sorted by: 

. describe

Contains data from http://fmwww.bc.edu/ec-p/data/wooldridge/mroz.dta
 Observations:           753                  
    Variables:            22                  10 Jan 2000 16:54
---------------------------------------------------------------------------------------------------------------------------------------------------------------------
Variable      Storage   Display    Value
    name         type    format    label      Variable label
---------------------------------------------------------------------------------------------------------------------------------------------------------------------
inlf            float   %9.0g                 
hours           float   %9.0g                 
kidslt6         float   %9.0g                 
kidsge6         float   %9.0g                 
age             float   %9.0g                 
educ            float   %9.0g                 
wage            float   %9.0g                 
repwage         float   %9.0g                 
hushrs          float   %9.0g                 
husage          float   %9.0g                 
huseduc         float   %9.0g                 
huswage         float   %9.0g                 
faminc          float   %9.0g                 
mtr             float   %9.0g                 
motheduc        float   %9.0g                 
fatheduc        float   %9.0g                 
unem            float   %9.0g                 
city            float   %9.0g                 
exper           float   %9.0g                 
nwifeinc        float   %9.0g                 
lwage           float   %9.0g                 
expersq         float   %9.0g                 
---------------------------------------------------------------------------------------------------------------------------------------------------------------------
Sorted by: 

. 
. * Inspeccionar la variable dependiente y verificar que sea binaria
. tabulate inlf

       inlf |      Freq.     Percent        Cum.
------------+-----------------------------------
          0 |        325       43.16       43.16
          1 |        428       56.84      100.00
------------+-----------------------------------
      Total |        753      100.00

. 
. **# MPL (lineal)
. 
. * Estimar el modelo de probabilidad lineal (MPL) por MCO
. * La opción vce(robust) calcula errores estándar robustos a heterocedasticidad.
. * Por construcción, necesitamos usar una varianza robusta: la naturaleza de la variable dependiente, inlf, toma solamente dos valores: {0,1}.
. * En este contexto, esta variable tiene una distribucion Bernoulli. En este caso, la varianza es igual a var(u/x)=xb*(1-xb)
. * Que es, necesariamente, heterocedastica porque depende de cada xi.
. 
. regress inlf nwifeinc educ exper expersq age kidslt6 kidsge6, vce(robust)

Linear regression                               Number of obs     =        753
                                                F(7, 745)         =      62.48
                                                Prob > F          =     0.0000
                                                R-squared         =     0.2642
                                                Root MSE          =     .42713

------------------------------------------------------------------------------
             |               Robust
        inlf | Coefficient  std. err.      t    P>|t|     [95% conf. interval]
-------------+----------------------------------------------------------------
    nwifeinc |  -.0034052   .0015249    -2.23   0.026    -.0063988   -.0004115
        educ |   .0379953    .007266     5.23   0.000      .023731    .0522596
       exper |   .0394924     .00581     6.80   0.000     .0280864    .0508983
     expersq |  -.0005963     .00019    -3.14   0.002    -.0009693   -.0002233
         age |  -.0160908    .002399    -6.71   0.000    -.0208004   -.0113812
     kidslt6 |  -.2618105   .0317832    -8.24   0.000    -.3242058   -.1994152
     kidsge6 |   .0130122   .0135329     0.96   0.337     -.013555    .0395795
       _cons |   .5855192   .1522599     3.85   0.000     .2866098    .8844287
------------------------------------------------------------------------------

. estimates store mpl_full

. 
. * Obtener probabilidades predichas del LPM
. predict double phat, xb

. 
. * Verificar cuántas predicciones están fuera del intervalo [0,1]
. count if phat < 0 | phat > 1
  33

. scalar N_oob  = r(N)

. scalar pct_oob = 100*N_oob/_N

. display pct_oob
4.3824701

. * Tenemos casi un 5% de observaciones con una probabilidad predicha que se escapa del intervalo [0,1]
. 
. * Inspeccionar algunos casos con predicciones extremas
. list phat if phat < 0 | phat > 1 

     +------------+
     |       phat |
     |------------|
 26. |  1.0387945 |
 35. |  1.0829954 |
 40. |  1.0513858 |
 78. |  1.0180472 |
142. |  1.0148673 |
     |------------|
143. |  1.0357688 |
150. |  1.0337427 |
158. |   1.049001 |
163. |     1.0723 |
167. |  1.0245471 |
     |------------|
280. |  1.0370397 |
300. |  1.1271505 |
304. |  1.0017857 |
332. |  1.0169137 |
345. |  1.0354264 |
     |------------|
392. |  1.0368769 |
398. |   1.002709 |
484. | -.32928605 |
485. | -.00325312 |
487. | -.02812971 |
     |------------|
514. | -.03776168 |
531. | -.34511026 |
562. | -.11470209 |
586. | -.16326898 |
593. | -.02555915 |
     |------------|
596. | -.15288648 |
605. | -.15963326 |
621. | -.01284417 |
640. |  -.0131463 |
650. | -.08564378 |
     |------------|
677. | -.17215997 |
689. | -.10266057 |
715. | -.12058812 |
     +------------+

. 
. * Si nos interesa realmente la probabilidad para este ejercicio, nos deberiamos preguntar,
. * ¿cuantas observaciones estan por fuera del intervalo de probabilidades? en este caso, casi un 5%. 
. * Quiza podemos considerar que es un buen resultado, y podriamos hacer un analisis donde quitemos estas probabilidades problematicas
. * si el objetivo es sobre las probabilidades.
. 
. * Pero si el objetivo que mas nos interesa es más sobre los mecanismos y conocer el Efecto Parcial Promedio (APE),
. * entonces podemos ignorar esto, y enfocarnos en reportar el APE para cada regresor.
. * De hecho, es buena practica mirar los coeficientes del modelo lineal de probabilidad para luego tenerlo como referencia,
. * y compararlo con las magnitudes de APE provenientes de modelos no lineales (probit, logit).
. 
. 
. 
. **# MCP (lineal-ponderados)
. 
. ** Estimar el modelo de minimos cuadrados ponderados (MCP) para probabilidad
. 
. * Varianza condicional estimada y pesos
. gen double varhat = phat*(1 - phat)

. 
. * Submuestra "válida" para el esquema MCP (evita pesos infinitos)
. gen byte trim = inrange(phat, 0, 1) & varhat>0 & varhat<.

. * Ponderaciones inversamente proporcionales a la varianza condicional
. generate double w = 1/varhat

. 
. count if trim==1
  720

. scalar N_trim = r(N)

. scalar pct_trim = 100*N_trim/_N

. display pct_trim
95.61753

. 
. * (1) modelo lineal: modelo auxiliar en el esquema MCPonderados
. regress inlf nwifeinc educ exper expersq age kidslt6 kidsge6 if trim==1, vce(robust)

Linear regression                               Number of obs     =        720
                                                F(7, 712)         =      41.52
                                                Prob > F          =     0.0000
                                                R-squared         =     0.2325
                                                Root MSE          =     .43605

------------------------------------------------------------------------------
             |               Robust
        inlf | Coefficient  std. err.      t    P>|t|     [95% conf. interval]
-------------+----------------------------------------------------------------
    nwifeinc |  -.0039682   .0016805    -2.36   0.018    -.0072676   -.0006689
        educ |   .0416835   .0083136     5.01   0.000     .0253615    .0580055
       exper |   .0407107   .0059556     6.84   0.000     .0290181    .0524033
     expersq |  -.0006213   .0001923    -3.23   0.001    -.0009989   -.0002437
         age |  -.0168051   .0025346    -6.63   0.000    -.0217813   -.0118288
     kidslt6 |  -.2799263   .0358614    -7.81   0.000     -.350333   -.2095196
     kidsge6 |   .0134476   .0142765     0.94   0.347    -.0145814    .0414766
       _cons |   .5752682   .1579614     3.64   0.000     .2651425     .885394
------------------------------------------------------------------------------

. estimates store mpl_trim

. predict double phat_t, xb

. 
. * (2) Implementar MCGP aproximado, si todas las phat están en (0,1)
. * Estimar el modelo ponderado (MCGP). En Stata, aweights implementa pesos ~ 1/Var(u_i)
. * En la segunda etapa, no necesitamos usar errores estandar robustos, ya lo son por construccion!.
. regress inlf nwifeinc educ exper expersq age kidslt6 kidsge6 [aweight = w] if trim==1
(sum of wgt is 5,623.15257170774)

      Source |       SS           df       MS      Number of obs   =       720
-------------+----------------------------------   F(7, 712)       =     65.71
       Model |  64.0865616         7  9.15522309   Prob > F        =    0.0000
    Residual |  99.2034005       712  .139330619   R-squared       =    0.3925
-------------+----------------------------------   Adj R-squared   =    0.3865
       Total |  163.289962       719   .22710704   Root MSE        =    .37327

------------------------------------------------------------------------------
        inlf | Coefficient  Std. err.      t    P>|t|     [95% conf. interval]
-------------+----------------------------------------------------------------
    nwifeinc |   .0043945   .0012324     3.57   0.000     .0019749    .0068141
        educ |   .0139595   .0062371     2.24   0.026     .0017141    .0262049
       exper |   .0381115   .0056784     6.71   0.000      .026963    .0492599
     expersq |  -.0005664   .0001883    -3.01   0.003    -.0009361   -.0001966
         age |  -.0182916   .0023463    -7.80   0.000     -.022898   -.0136851
     kidslt6 |  -.3266404   .0276054   -11.83   0.000    -.3808382   -.2724427
     kidsge6 |  -.0000111    .011342    -0.00   0.999    -.0222788    .0222566
       _cons |   .8958702    .145043     6.18   0.000     .6111071    1.180633
------------------------------------------------------------------------------

. estimates store mcp

. predict phat_pt, xb

. 
. ** El modelo MCPonderados podria ser mas eficiente que el MPL, pero siempre y cuando el verdadero proceso generador de datos se corresponda a un modelo lineal.
. ** Si el PGD no es lineal, entonces usar un MCP ya no es eficiente, incluso puede estar lejos de ello. 
. ** Un MCP se basa en un modelo lineal, y por lo tanto la varianza tiene la forma var(u/x)=xb*(1-xb) con y como Bernoulli. (Igual que en un modelo MPL).
. ** Pero si el verdadero modelo no es lineal (logit, probit, etc) , entonces la varianza tomara otra forma, tambien con y como Bernoulli.
. ** En conclusion, MCP es el mas eficiente solo bajo un modelo lineal. En contexto mas realista o donde eso no se sostenga como creible, no usaria un MCP.
. 
. ** De hecho, a veces, incluso en un contexto lineal, es mejor quedarse con el MPL que el MCP. 
. ** El MCP solo trabaja con valores predichos entre [0,1], y si hay varias valores por fuera, usar MCP se hace con menos observaciones. Por eso esta bueno cuantific
> ar cuantas predicciones estan fuera. 
. ** en tanto que MPL puede trabajar con todas las observaciones y, ademas, si el interes esta en el ATE (efecto parcial promedio), no nos importara que algunas pred
> icciones se salgan del intervalo [0,1]
. 
. **# Tabla comparativa: MPL vs MCP
. 
. 
. * 4) Tabla en pantalla (texto, con estrellas)
. capture which esttab

. if _rc ssc install estout, replace

. 
. esttab mpl_full mpl_trim mcp, ///
>     label ///
>     mtitles("MPL full (robust)" "MPL trim (robust)" "MCP trim (aweight)") ///
>     b(%9.3f) se(%9.3f) ///
>     star(* 0.10 ** 0.05 *** 0.01) ///
>     stats(N r2, labels("Obs." "R2") fmt(0 3)) ///
>     compress nogaps ///
>     addnotes("SE entre paréntesis. * p<0.10, ** p<0.05, *** p<0.01", ///
>              "%% p-hat fuera [0,1] (desde MPL full): " + string(pct_oob,"%6.2f") ///
>                                 + " | %% submuestra trim: " + string(pct_trim,"%6.2f"))

-------------------------------------------------------
                       (1)          (2)          (3)   
                 MPL ful~)    MPL tri~)    MCP tri~)   
-------------------------------------------------------
nwifeinc            -0.003**     -0.004**      0.004***
                   (0.002)      (0.002)      (0.001)   
educ                 0.038***     0.042***     0.014** 
                   (0.007)      (0.008)      (0.006)   
exper                0.039***     0.041***     0.038***
                   (0.006)      (0.006)      (0.006)   
expersq             -0.001***    -0.001***    -0.001***
                   (0.000)      (0.000)      (0.000)   
age                 -0.016***    -0.017***    -0.018***
                   (0.002)      (0.003)      (0.002)   
kidslt6             -0.262***    -0.280***    -0.327***
                   (0.032)      (0.036)      (0.028)   
kidsge6              0.013        0.013       -0.000   
                   (0.014)      (0.014)      (0.011)   
Constant             0.586***     0.575***     0.896***
                   (0.152)      (0.158)      (0.145)   
-------------------------------------------------------
Obs.                   753          720          720   
R2                   0.264        0.232        0.392   
-------------------------------------------------------
Standard errors in parentheses
SE entre paréntesis. * p<0.10, ** p<0.05, *** p<0.01
,
%% p-hat fuera [0,1] (desde MPL full): 
+
string(pct_oob,"%6.2f")
+
 | %% submuestra trim: 
+
string(pct_trim,"%6.2f")
* p<0.10, ** p<0.05, *** p<0.01

. 
. 
. /*
> Interpretación:
> MPL: estimación de efecto promedio lineal. En general, se usa como referencia y para APE aproximado.
> MCP ponderado: está tratando de "corregir" la heterocedasticidad del Bernoulli bajo el supuesto de modelo lineal correcto. Pero usa
>  p^ estimada, y algunos de los pesos explotan en los extremos, con lo cual puede cambiar mucho la estimación para algun coeficiente,
>     incluso el signo, si el modelo lineal no es el PGD o si hay puntos de alto leverage en extremos. Esto paso con la variable nwifeinc.
> */
. 
. /****************************************************************************************
> INTERPRETACIÓN DE LA TABLA: MPL full vs MPL trim vs MCP (WLS) trim
> 
> 1) El recorte (trim) NO es la fuente del cambio grande:
>    - MPL full y MPL trim dan coeficientes muy similares.
>    - Eso indica que eliminar las obs con p-hat fuera de [0,1] casi no altera el ajuste.
> 
> 2) El cambio fuerte (incluyendo cambio de signo) viene de la PONDERACIÓN del MCP:
>    - En el MCP usamos w_i = 1 / (p-hat_i * (1 - p-hat_i)).
>    - Si p-hat está cerca de 0 o 1, entonces p-hat(1-p-hat) es muy chico y el peso w_i explota.
>    - Resultado: el MCP queda dominado por un subconjunto de observaciones con pesos enormes
>      (típicamente casos "casi determinísticos"), y el coeficiente puede cambiar mucho e incluso
>      cambiar de signo si en esa zona de la muestra la correlación parcial es diferente.
> 
> 3) Lectura práctica:
>    - El MCP puede ser "eficiente" solo si el verdadero PGD es lineal y la forma de Var(u|x)
>      realmente es proporcional a p(1-p). Si el PGD no es lineal (lo habitual con variable "ye" binaria),
>      el MCP puede volverse muy sensible a extremos.
>    - Por eso conviene diagnosticar la distribución de w (percentiles y máximos) y probar una
>      versión robusta: re-estimar MCP capando pesos extremos (p.ej., al p99/p95) para ver si el
>      signo/magnitud es estable.
> ****************************************************************************************/
. 
. **# Diagnóstico para los pesos W
. 
. *------------------------------------------
. * Diagnóstico: distribución de pesos (w)
. *------------------------------------------
. * Resumen con percentiles (muestra trim)
. summ w if trim==1, detail

                              w
-------------------------------------------------------------
      Percentiles      Smallest
 1%     4.000096       4.000001
 5%     4.004948       4.000001
10%     4.027703       4.000012       Obs                 720
25%     4.129261       4.000028       Sum of wgt.         720

50%     4.639705                      Mean           7.809934
                        Largest       Std. dev.      22.74729
75%     6.179118       94.53657
90%     10.74685       142.4268       Variance        517.439
95%     17.44406       172.5395       Skewness       19.69428
99%     42.57614       548.5509       Kurtosis       450.8581

. * Percentiles específicos 
. centile w if trim==1, centile(1 5 10 25 50 75 90 95 99)

                                                          Binom. interp.   
    Variable |       Obs  Percentile    Centile        [95% conf. interval]
-------------+-------------------------------------------------------------
           w |       720          1    4.000095        4.000012    4.000601
             |                    5    4.004819        4.003163    4.009637
             |                   10    4.027622        4.018369    4.038386
             |                   25    4.128517        4.098488    4.179632
             |                   50    4.639705        4.523372    4.807009
             |                   75    6.180821        5.803677    6.659444
             |                   90    10.79209         9.21357    12.84821
             |                   95    17.44615        14.14676    19.48286
             |                   99    46.69098         31.4694    142.3973

. * Ver cuán extremos son los máximos
. sort w

. list w phat varhat in -10/l if trim==1   

     +-----------------------------------+
     |         w        phat      varhat |
     |-----------------------------------|
744. | 38.122546   .02695793    .0262312 |
745. |  39.10684   .97373941   .02557097 |
746. |  42.57614   .97593347   .02348733 |
747. | 47.784794   .97861555   .02092716 |
748. | 54.895799   .01856083   .01821633 |
     |-----------------------------------|
749. |  87.29534   .98841031   .01145537 |
750. | 94.536572   .01069224   .01057792 |
751. | 142.42677   .00707115   .00702115 |
752. | 172.53954   .00582976   .00579577 |
753. | 548.55089   .99817368   .00182298 |
     +-----------------------------------+

. /* Efectivamente, o bien son probabilidades predichas cercanas a 1 o cercanas a 0, en ambos casos, p(1-p) se hace pequeño, por ende w=1/p(1-p) se hace muy grande. 
> */
. 
. * proporción de pesos arriba de cierto corte p99
. _pctile w if trim==1, p(99)

. scalar w_p99 = r(r1)

. count if trim==1 & w > w_p99
  7

. display "Obs con w > p99: " r(N)
Obs con w > p99: 7

. 
. *------------------------------------------
. * MCP capando pesos al p99 (winsor simple)
. *------------------------------------------
. _pctile w if trim==1, p(99)

. scalar cap99 = r(r1)

. 
. gen double w_cap99 = w

. replace w_cap99 = cap99 if trim==1 & w > cap99
(7 real changes made)

. 
. regress inlf nwifeinc educ exper expersq age kidslt6 kidsge6 [aweight=w_cap99] if trim==1
(sum of wgt is 4,773.1558427525)

      Source |       SS           df       MS      Number of obs   =       720
-------------+----------------------------------   F(7, 712)       =     57.18
       Model |  60.7390044         7  8.67700063   Prob > F        =    0.0000
    Residual |  108.043564       712  .151746578   R-squared       =    0.3599
-------------+----------------------------------   Adj R-squared   =    0.3536
       Total |  168.782568       719   .23474627   Root MSE        =    .38955

------------------------------------------------------------------------------
        inlf | Coefficient  Std. err.      t    P>|t|     [95% conf. interval]
-------------+----------------------------------------------------------------
    nwifeinc |  -.0006035   .0013748    -0.44   0.661    -.0033026    .0020957
        educ |   .0305129   .0069253     4.41   0.000     .0169164    .0441094
       exper |   .0394643   .0055231     7.15   0.000     .0286207    .0503079
     expersq |  -.0006089   .0001832    -3.32   0.001    -.0009687   -.0002492
         age |  -.0171559   .0023134    -7.42   0.000    -.0216978    -.012614
     kidslt6 |  -.2967241   .0308022    -9.63   0.000    -.3571982     -.23625
     kidsge6 |   .0094897   .0117461     0.81   0.419    -.0135715    .0325508
       _cons |   .6955219   .1426962     4.87   0.000     .4153661    .9756776
------------------------------------------------------------------------------

. estimates store mcp_cap99

. 
. *------------------------------------------
. * MCP capando pesos al p95 (mas agresivo el capado)
. *------------------------------------------
. _pctile w if trim==1, p(95)

. scalar cap95 = r(r1)

. 
. gen double w_cap95 = w

. replace w_cap95 = cap95 if trim==1 & w > cap95
(36 real changes made)

. 
. regress inlf nwifeinc educ exper expersq age kidslt6 kidsge6 [aweight=w_cap95] if trim==1
(sum of wgt is 4,403.38730019644)

      Source |       SS           df       MS      Number of obs   =       720
-------------+----------------------------------   F(7, 712)       =     49.78
       Model |  55.7279071         7  7.96112959   Prob > F        =    0.0000
    Residual |  113.860912       712  .159917012   R-squared       =    0.3286
-------------+----------------------------------   Adj R-squared   =    0.3220
       Total |  169.588819       719  .235867621   Root MSE        =     .3999

------------------------------------------------------------------------------
        inlf | Coefficient  Std. err.      t    P>|t|     [95% conf. interval]
-------------+----------------------------------------------------------------
    nwifeinc |  -.0023225   .0014375    -1.62   0.107    -.0051448    .0004998
        educ |   .0367025    .007248     5.06   0.000     .0224725    .0509326
       exper |   .0399296    .005554     7.19   0.000     .0290255    .0508338
     expersq |  -.0006283   .0001828    -3.44   0.001    -.0009872   -.0002695
         age |  -.0168523   .0023422    -7.20   0.000    -.0214507   -.0122539
     kidslt6 |  -.2878913   .0331287    -8.69   0.000    -.3529329   -.2228498
     kidsge6 |   .0110143    .012126     0.91   0.364    -.0127927    .0348214
       _cons |   .6286559    .145584     4.32   0.000     .3428307    .9144812
------------------------------------------------------------------------------

. estimates store mcp_cap95

. 
. 
. **# Tabla comparativa definitiva: MPL vs MCP
. 
. * 4) Tabla en pantalla (texto, con estrellas)
. capture which esttab

. if _rc ssc install estout, replace

. 
. esttab mpl_full mpl_trim mcp mcp_cap99 mcp_cap95, ///
>     label ///
>     mtitles("MPL full (robust)" "MPL trim (robust)" "MCP trim (aweight)" "MCP wcap99" "MCP wcap95") ///
>     b(%9.3f) se(%9.3f) ///
>     star(* 0.10 ** 0.05 *** 0.01) ///
>     stats(N r2, labels("Obs." "R2") fmt(0 3)) ///
>     compress nogaps ///
>     addnotes("SE entre paréntesis. * p<0.10, ** p<0.05, *** p<0.01", ///
>              "%% p-hat fuera [0,1] (desde MPL full): " + string(pct_oob,"%6.2f") ///
>                                 + " | %% submuestra trim: " + string(pct_trim,"%6.2f"))

---------------------------------------------------------------------------------
                       (1)          (2)          (3)          (4)          (5)   
                 MPL ful~)    MPL tri~)    MCP tri~)    MCP wc~99    MCP wc~95   
---------------------------------------------------------------------------------
nwifeinc            -0.003**     -0.004**      0.004***    -0.001       -0.002   
                   (0.002)      (0.002)      (0.001)      (0.001)      (0.001)   
educ                 0.038***     0.042***     0.014**      0.031***     0.037***
                   (0.007)      (0.008)      (0.006)      (0.007)      (0.007)   
exper                0.039***     0.041***     0.038***     0.039***     0.040***
                   (0.006)      (0.006)      (0.006)      (0.006)      (0.006)   
expersq             -0.001***    -0.001***    -0.001***    -0.001***    -0.001***
                   (0.000)      (0.000)      (0.000)      (0.000)      (0.000)   
age                 -0.016***    -0.017***    -0.018***    -0.017***    -0.017***
                   (0.002)      (0.003)      (0.002)      (0.002)      (0.002)   
kidslt6             -0.262***    -0.280***    -0.327***    -0.297***    -0.288***
                   (0.032)      (0.036)      (0.028)      (0.031)      (0.033)   
kidsge6              0.013        0.013       -0.000        0.009        0.011   
                   (0.014)      (0.014)      (0.011)      (0.012)      (0.012)   
Constant             0.586***     0.575***     0.896***     0.696***     0.629***
                   (0.152)      (0.158)      (0.145)      (0.143)      (0.146)   
---------------------------------------------------------------------------------
Obs.                   753          720          720          720          720   
R2                   0.264        0.232        0.392        0.360        0.329   
---------------------------------------------------------------------------------
Standard errors in parentheses
SE entre paréntesis. * p<0.10, ** p<0.05, *** p<0.01
,
%% p-hat fuera [0,1] (desde MPL full): 
+
string(pct_oob,"%6.2f")
+
 | %% submuestra trim: 
+
string(pct_trim,"%6.2f")
* p<0.10, ** p<0.05, *** p<0.01

.                                 
. 
. /* (1) Hay variables muy robustas como exper, expersq, age, kidslt6 y kidsge6. 
>    (2) Hay otras variables que son sensibles al peso, como nwifeinc, educ y la constante.
>    pero cuando capeamos el peso, cuanto mas lo hacemos, los valores se acercan a los del MPL. 
>    Basto con capear al 9pp para volver a nwifeinc no signifativa, lo cual tiene mas sentido que un signo positivo.
>    ademas educ vuelve a tomar fuerza, a valores similares a MPL, algo similar pasa con la constante.
> */
. 
. 
. 
. 
. *-----------------------------------------------------------
. * Modelos índice para respuesta binaria: probit y logit
. *-----------------------------------------------------------
. 
. **# Probit
. 
. * 1) Estimar probit
. probit inlf nwifeinc educ exper expersq age kidslt6 kidsge6

Iteration 0:  Log likelihood =  -514.8732  
Iteration 1:  Log likelihood = -402.06651  
Iteration 2:  Log likelihood = -401.30273  
Iteration 3:  Log likelihood = -401.30219  
Iteration 4:  Log likelihood = -401.30219  

Probit regression                                       Number of obs =    753
                                                        LR chi2(7)    = 227.14
                                                        Prob > chi2   = 0.0000
Log likelihood = -401.30219                             Pseudo R2     = 0.2206

------------------------------------------------------------------------------
        inlf | Coefficient  Std. err.      z    P>|z|     [95% conf. interval]
-------------+----------------------------------------------------------------
    nwifeinc |  -.0120237   .0048398    -2.48   0.013    -.0215096   -.0025378
        educ |   .1309047   .0252542     5.18   0.000     .0814074     .180402
       exper |   .1233476   .0187164     6.59   0.000     .0866641    .1600311
     expersq |  -.0018871      .0006    -3.15   0.002     -.003063   -.0007111
         age |  -.0528527   .0084772    -6.23   0.000    -.0694678   -.0362376
     kidslt6 |  -.8683285   .1185223    -7.33   0.000    -1.100628    -.636029
     kidsge6 |    .036005   .0434768     0.83   0.408     -.049208    .1212179
       _cons |   .2700768    .508593     0.53   0.595    -.7267472    1.266901
------------------------------------------------------------------------------

. estimates store probit

. scalar r2_probit = e(r2_p)

.                              /* Observar que se estima por el metodo de Maxima Verosimilitud. 
>                              la log-verosimilud de la muestra es de -401.30 */
. * 2) Probabilidades predichas P(y=1|x)
. predict phat_probit, pr 

. 
. * 3) Efectos parciales para variables continuas: dydx = g(xb)*beta_j
. 
. /* Ahora, estos coeficientes son informativos solamente respecto de la direccion (signo) del efecto.
>    Pero su efecto sobre la probabilidad dependera del valor de todas las covariables, a traves de g(xb) */
.   
. **  average partial effect (APE)
. margins, dydx(nwifeinc)

Average marginal effects                                   Number of obs = 753
Model VCE: OIM

Expression: Pr(inlf), predict()
dy/dx wrt:  nwifeinc

------------------------------------------------------------------------------
             |            Delta-method
             |      dy/dx   std. err.      z    P>|z|     [95% conf. interval]
-------------+----------------------------------------------------------------
    nwifeinc |  -.0036162   .0014414    -2.51   0.012    -.0064413   -.0007911
------------------------------------------------------------------------------

. margins, dydx(nwifeinc educ exper expersq age kidslt6 kidsge6)

Average marginal effects                                   Number of obs = 753
Model VCE: OIM

Expression: Pr(inlf), predict()
dy/dx wrt:  nwifeinc educ exper expersq age kidslt6 kidsge6

------------------------------------------------------------------------------
             |            Delta-method
             |      dy/dx   std. err.      z    P>|z|     [95% conf. interval]
-------------+----------------------------------------------------------------
    nwifeinc |  -.0036162   .0014414    -2.51   0.012    -.0064413   -.0007911
        educ |   .0393703   .0072216     5.45   0.000     .0252161    .0535244
       exper |   .0370974   .0051522     7.20   0.000     .0269993    .0471956
     expersq |  -.0005675   .0001771    -3.20   0.001    -.0009146   -.0002204
         age |  -.0158957   .0023587    -6.74   0.000    -.0205186   -.0112728
     kidslt6 |  -.2611542   .0318597    -8.20   0.000    -.3235982   -.1987103
     kidsge6 |   .0108287   .0130584     0.83   0.407    -.0147654    .0364227
------------------------------------------------------------------------------

. margins, dydx(*) post

Average marginal effects                                   Number of obs = 753
Model VCE: OIM

Expression: Pr(inlf), predict()
dy/dx wrt:  nwifeinc educ exper expersq age kidslt6 kidsge6

------------------------------------------------------------------------------
             |            Delta-method
             |      dy/dx   std. err.      z    P>|z|     [95% conf. interval]
-------------+----------------------------------------------------------------
    nwifeinc |  -.0036162   .0014414    -2.51   0.012    -.0064413   -.0007911
        educ |   .0393703   .0072216     5.45   0.000     .0252161    .0535244
       exper |   .0370974   .0051522     7.20   0.000     .0269993    .0471956
     expersq |  -.0005675   .0001771    -3.20   0.001    -.0009146   -.0002204
         age |  -.0158957   .0023587    -6.74   0.000    -.0205186   -.0112728
     kidslt6 |  -.2611542   .0318597    -8.20   0.000    -.3235982   -.1987103
     kidsge6 |   .0108287   .0130584     0.83   0.407    -.0147654    .0364227
------------------------------------------------------------------------------

. estadd scalar r2   = r2_probit

added scalar:
                 e(r2) =  .22058054

. estimates store APE_probit

.  
. 
. /*  Lo que estamos haciendo con la orden anterior es lo siguiente:
>           Para la variable nwifeinc, que es continua, calcula para cada i, la derivada del efecto parcial: dy_i/dx_i = g(x_ib)*beta_nwifeic
>                   Luego, suma a traves de todos los i, y luego los divide entre el total de individuos: es decir, hace un promedio con todos los efectos parciales 
> individuales.
>           Para variables continuas hace la derivada parcial, mientras que para binarias o categoricas, se hace la diferencia entre categorias.
>                   Mas abajo veremos como interpretar casos de continuas, binarias y categorias.
>         Esto se conoce como Average Partial Effect (APE).
>         Estos valores son naturalmente comparables a MPL y MCP con errores estandar homocedasticos.
>         Como veremos mas adelante, tambien haremos su version robusta, pero debemos tener en cuenta algo si hacemos esto ultimo. Ver mas abajo. 
> */
. 
. /* Tambien podemos pedir los efectos parciales para el "individuo promedio", al solicitar cual es el efecto para un individuo con valores medio en sus variables co
> ntinuas.
>    Debemos elegir una categoria concreta para el caso de las variables binarias.
>    Si no elegimos nosotros mismos, pone el valor medio, aunque este valor es dificil de interpretar ya en una binaria perteneces a una categoria o a la otra, por e
> jemplo. */
.    
. ** Partial Effect at Means (PEM) - Version naive: sin definir perfil en binarias o categoricas
. probit inlf nwifeinc educ exper expersq age kidslt6 kidsge6

Iteration 0:  Log likelihood =  -514.8732  
Iteration 1:  Log likelihood = -402.06651  
Iteration 2:  Log likelihood = -401.30273  
Iteration 3:  Log likelihood = -401.30219  
Iteration 4:  Log likelihood = -401.30219  

Probit regression                                       Number of obs =    753
                                                        LR chi2(7)    = 227.14
                                                        Prob > chi2   = 0.0000
Log likelihood = -401.30219                             Pseudo R2     = 0.2206

------------------------------------------------------------------------------
        inlf | Coefficient  Std. err.      z    P>|z|     [95% conf. interval]
-------------+----------------------------------------------------------------
    nwifeinc |  -.0120237   .0048398    -2.48   0.013    -.0215096   -.0025378
        educ |   .1309047   .0252542     5.18   0.000     .0814074     .180402
       exper |   .1233476   .0187164     6.59   0.000     .0866641    .1600311
     expersq |  -.0018871      .0006    -3.15   0.002     -.003063   -.0007111
         age |  -.0528527   .0084772    -6.23   0.000    -.0694678   -.0362376
     kidslt6 |  -.8683285   .1185223    -7.33   0.000    -1.100628    -.636029
     kidsge6 |    .036005   .0434768     0.83   0.408     -.049208    .1212179
       _cons |   .2700768    .508593     0.53   0.595    -.7267472    1.266901
------------------------------------------------------------------------------

. margins, dydx(nwifeinc educ exper expersq age kidslt6 kidsge6) atmeans 

Conditional marginal effects                               Number of obs = 753
Model VCE: OIM

Expression: Pr(inlf), predict()
dy/dx wrt:  nwifeinc educ exper expersq age kidslt6 kidsge6
At: nwifeinc = 20.12896 (mean)
    educ     = 12.28685 (mean)
    exper    = 10.63081 (mean)
    expersq  = 178.0385 (mean)
    age      = 42.53785 (mean)
    kidslt6  = .2377158 (mean)
    kidsge6  = 1.353254 (mean)

------------------------------------------------------------------------------
             |            Delta-method
             |      dy/dx   std. err.      z    P>|z|     [95% conf. interval]
-------------+----------------------------------------------------------------
    nwifeinc |  -.0046962   .0018903    -2.48   0.013    -.0084012   -.0009913
        educ |   .0511287   .0098592     5.19   0.000     .0318051    .0704523
       exper |   .0481771   .0073278     6.57   0.000     .0338149    .0625392
     expersq |  -.0007371   .0002347    -3.14   0.002     -.001197   -.0002771
         age |  -.0206432   .0033079    -6.24   0.000    -.0271265   -.0141598
     kidslt6 |  -.3391514   .0463581    -7.32   0.000    -.4300117   -.2482911
     kidsge6 |   .0140628   .0169852     0.83   0.408    -.0192275    .0473531
------------------------------------------------------------------------------

. tab kidslt6

    kidslt6 |      Freq.     Percent        Cum.
------------+-----------------------------------
          0 |        606       80.48       80.48
          1 |        118       15.67       96.15
          2 |         26        3.45       99.60
          3 |          3        0.40      100.00
------------+-----------------------------------
      Total |        753      100.00

. tab kidsge6

    kidsge6 |      Freq.     Percent        Cum.
------------+-----------------------------------
          0 |        258       34.26       34.26
          1 |        185       24.57       58.83
          2 |        162       21.51       80.35
          3 |        103       13.68       94.02
          4 |         30        3.98       98.01
          5 |         12        1.59       99.60
          6 |          1        0.13       99.73
          7 |          1        0.13       99.87
          8 |          1        0.13      100.00
------------+-----------------------------------
      Total |        753      100.00

. ** una manera correcta para el Partial Effect at Means (PEM) es seleccionando un "perfil":
. margins, dydx(nwifeinc educ exper expersq age kidslt6 kidsge6) atmeans at(kidslt6==0  kidsge6==0) 

Conditional marginal effects                               Number of obs = 753
Model VCE: OIM

Expression: Pr(inlf), predict()
dy/dx wrt:  nwifeinc educ exper expersq age kidslt6 kidsge6
At: nwifeinc = 20.12896 (mean)
    educ     = 12.28685 (mean)
    exper    = 10.63081 (mean)
    expersq  = 178.0385 (mean)
    age      = 42.53785 (mean)
    kidslt6  =        0
    kidsge6  =        0

------------------------------------------------------------------------------
             |            Delta-method
             |      dy/dx   std. err.      z    P>|z|     [95% conf. interval]
-------------+----------------------------------------------------------------
    nwifeinc |  -.0044901   .0018144    -2.47   0.013    -.0080462   -.0009339
        educ |   .0488842   .0095664     5.11   0.000     .0301343     .067634
       exper |   .0460621   .0072179     6.38   0.000     .0319153    .0602089
     expersq |  -.0007047   .0002257    -3.12   0.002    -.0011471   -.0002623
         age |  -.0197369   .0029656    -6.66   0.000    -.0255493   -.0139246
     kidslt6 |  -.3242627   .0410232    -7.90   0.000    -.4046666   -.2438588
     kidsge6 |   .0134454   .0165483     0.81   0.417    -.0189887    .0458796
------------------------------------------------------------------------------

. 
. 
. **# Errores estandar de betas vs errores estandar de ATE
. 
. *************** Varianza y sd de coeficientes b |  Varianza y sd de efectos APE o PEM ************************* 
. 
. ** Varianza de los coeficientes: la matriz de varianza-covarianza surge de invertir la expresion del Hessiano del problema de MV.
. ** Por construccion, si realmente se cree el que proceso generador de datos proviene de una distribucion normal estandar (z)
. ** Entonces, todos los momentos de la distribucion quedaran definidos, y por lo tanto, su varianza tambien. 
. ** Ello implica que la varianza estimada, que es la inversa del Hessiano del problema de la log-verosimilud, es la correcta.
. ** Por lo tanto, ¿que pasa si podemos la opcion robusta de la varianza? Podemos hacerlo, pero debemos tener presente lo siguiente:
. ** Si pedimos la version robusta, entonces estamos diciendo implicitamente que no creemos que la verdadera distribucion sea una normal estandar,
. ** sino que esta normal estandar es una aproximacion a una verdadera distribucion desconocida.
. ** Por lo tanto, podemos solicitar la opcion vce(robust), pero debemos tener presente este detalle: como se lee en el contexto binario.
. 
. ** Cuando tenemos un panel, es casi seguro que existira dependencia temporal entre los individuos, ello nos lleva a pedir una matriz
. ** que sea robusta a la correlacion serial (vce(cluster id)). Ahi no queda de otra que interpretar a la distribucion normal estandar
. ** como una aproximacion a una verdadera distribucion desconocida.
. 
. ** como veremos a continuacion, todo este mismo fundamento le cabe a usar logit, donde la distribucion que usa es una distribucion logistica.
. ** Antes, vamos a poner foco en la interpretacion de los efectos parciales.
. 
. ** Varianza de los efectos parciales o APE:
. ** Por ultimo, observar que la varianza de los coeficientes, y por ende, sus errores estandar que surgen del hessiano del problema de MV,
. ** se obtienen via calculo u operaciones, pero cuando pedimos los efectos parciales, por ejemplo, o atraves de cada efecto parcial individual calculamos el APE, 
. ** nos devuelve un valor puntual (estimacion) junto con un desvio estandar. Ese desvio estandar no es el mismo del que surge de la matriz de varianzas y covarianza
> s de los coeficientes. 
. ** Lo que hace es aplicar el Metodo Delta: si la variable es continua, se construye un vector de gradientes. Se usa como producto externo (o sandwich), en el medio
>  se usa la matriz de varianzas V. 
. ** Esto se hace para cada coeficiente asociado a una variable continua. La raiz cuadrada de la diagonal principal de esa matriz "tipo sandwich", con V en el centro
>  y los score de los gradientes de los efectos parciales,
. ** es el desvio estandar de ese coeficiente. Si en un lugar de un efecto parcial, se calcula la sumatoria de todos los efectos parciales individuales, la idea no c
> ambia: se calcula su gradiente y se aplica analogamente.
. ** Si la variable es discreta, se toma la diferencia (en lugar de derivar la funcion G() respecto de beta_j) en los cambios de categorias. Luego se aplica el metod
> o delta. 
. ** Hay otra alternativa al metodo delta: bootstrap. 
. 
. 
. probit inlf nwifeinc educ exper expersq age kidslt6 kidsge6, vce(robust)

Iteration 0:  Log pseudolikelihood =  -514.8732  
Iteration 1:  Log pseudolikelihood = -402.06651  
Iteration 2:  Log pseudolikelihood = -401.30273  
Iteration 3:  Log pseudolikelihood = -401.30219  
Iteration 4:  Log pseudolikelihood = -401.30219  

Probit regression                                       Number of obs =    753
                                                        Wald chi2(7)  = 185.10
                                                        Prob > chi2   = 0.0000
Log pseudolikelihood = -401.30219                       Pseudo R2     = 0.2206

------------------------------------------------------------------------------
             |               Robust
        inlf | Coefficient  std. err.      z    P>|z|     [95% conf. interval]
-------------+----------------------------------------------------------------
    nwifeinc |  -.0120237   .0053106    -2.26   0.024    -.0224323   -.0016152
        educ |   .1309047   .0258192     5.07   0.000        .0803    .1815095
       exper |   .1233476   .0188537     6.54   0.000      .086395    .1603002
     expersq |  -.0018871   .0006007    -3.14   0.002    -.0030645   -.0007097
         age |  -.0528527   .0083532    -6.33   0.000    -.0692246   -.0364807
     kidslt6 |  -.8683285   .1162037    -7.47   0.000    -1.096084   -.6405735
     kidsge6 |    .036005   .0452958     0.79   0.427    -.0527731     .124783
       _cons |   .2700768    .505175     0.53   0.593    -.7200481    1.260202
------------------------------------------------------------------------------

. estimates store probit_rob

. scalar r2_probit_r = e(r2_p)

. predict phat_probit_rob, pr 

. margins, dydx(*) post

Average marginal effects                                   Number of obs = 753
Model VCE: Robust

Expression: Pr(inlf), predict()
dy/dx wrt:  nwifeinc educ exper expersq age kidslt6 kidsge6

------------------------------------------------------------------------------
             |            Delta-method
             |      dy/dx   std. err.      z    P>|z|     [95% conf. interval]
-------------+----------------------------------------------------------------
    nwifeinc |  -.0036162   .0015759    -2.29   0.022    -.0067049   -.0005275
        educ |   .0393703   .0074017     5.32   0.000     .0248632    .0538773
       exper |   .0370974   .0052174     7.11   0.000     .0268715    .0473233
     expersq |  -.0005675   .0001775    -3.20   0.001    -.0009154   -.0002197
         age |  -.0158957   .0023465    -6.77   0.000    -.0204948   -.0112966
     kidslt6 |  -.2611542   .0316691    -8.25   0.000    -.3232244    -.199084
     kidsge6 |   .0108287   .0136015     0.80   0.426    -.0158299    .0374872
------------------------------------------------------------------------------

. estadd scalar r2   = r2_probit_r

added scalar:
                 e(r2) =  .22058054

. estimates store APE_probit_rob

. 
. *** Para el logit la interpretacion es identica al caso probit, lo mismo le cabe a las consideraciones acerca de la varianza de los coeficientes. 
. *** solo que ahi la distribucion es la de una logistica.
. 
. 
. 
. 
. **# Interpretación de los efectos: continua, binaria, categorica
. 
. ********************************************************************************
. *** PROBIT: interpretación (continua vs binaria vs categórica) 
. ********************************************************************************
. 
. *------------------------------------------------------------
. * 0) Preparación: crear una binaria y una categórica (mroz)
. *------------------------------------------------------------
. * Binaria: tener al menos 1 hijo <6 (0/1)
. capture drop kidslt6_bin

. gen byte kidslt6_bin = (kidslt6>0) if !missing(kidslt6)

. label define kidslt6b 0 "0 hijos <6" 1 ">=1 hijo <6", replace

. label values kidslt6_bin kidslt6b

. 
. * Categórica: número de hijos 6+ agrupado (0,1,2,3+)
. cap drop kidsge6_cat

. gen byte kidsge6_cat = .
(753 missing values generated)

. replace kidsge6_cat = 0 if kidsge6==0
(258 real changes made)

. replace kidsge6_cat = 1 if kidsge6==1
(185 real changes made)

. replace kidsge6_cat = 2 if kidsge6==2
(162 real changes made)

. replace kidsge6_cat = 3 if kidsge6>=3 & kidsge6<.
(148 real changes made)

. label define kidsge6c 0 "0 hijos 6+" 1 "1 hijo 6+" 2 "2 hijos 6+" 3 "3+ hijos 6+", replace

. label values kidsge6_cat kidsge6c

. 
. * Chequeo rápido
. tab kidslt6_bin

kidslt6_bin |      Freq.     Percent        Cum.
------------+-----------------------------------
 0 hijos <6 |        606       80.48       80.48
>=1 hijo <6 |        147       19.52      100.00
------------+-----------------------------------
      Total |        753      100.00

. tab kidsge6_cat

kidsge6_cat |      Freq.     Percent        Cum.
------------+-----------------------------------
 0 hijos 6+ |        258       34.26       34.26
  1 hijo 6+ |        185       24.57       58.83
 2 hijos 6+ |        162       21.51       80.35
3+ hijos 6+ |        148       19.65      100.00
------------+-----------------------------------
      Total |        753      100.00

. 
. *------------------------------------------------------------
. * 1) Estimar probit 
. *------------------------------------------------------------
. probit inlf nwifeinc educ exper expersq age i.kidslt6_bin i.kidsge6_cat 

Iteration 0:  Log likelihood =  -514.8732  
Iteration 1:  Log likelihood = -406.62428  
Iteration 2:  Log likelihood = -405.67178  
Iteration 3:  Log likelihood = -405.67054  
Iteration 4:  Log likelihood = -405.67054  

Probit regression                                       Number of obs =    753
                                                        LR chi2(9)    = 218.41
                                                        Prob > chi2   = 0.0000
Log likelihood = -405.67054                             Pseudo R2     = 0.2121

------------------------------------------------------------------------------
        inlf | Coefficient  Std. err.      z    P>|z|     [95% conf. interval]
-------------+----------------------------------------------------------------
    nwifeinc |  -.0111515   .0047718    -2.34   0.019     -.020504   -.0017991
        educ |   .1215196   .0250918     4.84   0.000     .0723405    .1706987
       exper |   .1211592   .0187836     6.45   0.000      .084344    .1579743
     expersq |  -.0018224   .0006021    -3.03   0.002    -.0030025   -.0006422
         age |  -.0502362   .0085543    -5.87   0.000    -.0670023   -.0334701
             |
 kidslt6_bin |
>=1 hijo <6  |  -1.005875   .1461112    -6.88   0.000    -1.292248   -.7195028
             |
 kidsge6_cat |
  1 hijo 6+  |  -.0339569   .1445294    -0.23   0.814    -.3172293    .2493155
 2 hijos 6+  |   .1790787   .1556293     1.15   0.250    -.1259492    .4841066
3+ hijos 6+  |   .1446649   .1610478     0.90   0.369    -.1709829    .4603127
             |
       _cons |   .2507314   .5207129     0.48   0.630    -.7698471     1.27131
------------------------------------------------------------------------------

. 
. /****************************************************************************************
> INTERPRETACIÓN GENERAL 
> - En probit, los betas NO son efectos sobre la probabilidad.
> - El efecto sobre P(inlf=1|X) depende de X a través de φ(Xb) (la densidad normal).
> - Por eso interpretamos con MARGINS:
> 
>   A)   APE (Average Partial Effect):
>      - "margins, dydx(x)" calcula el efecto para cada i y luego promedia.
>      - Es el estándar para reportar un "efecto promedio" en probit/logit. 
>      - Supongamos que tenemos una variable continua, donde podemos plantear la derivada parcial de la probabilidad de exito respecto de esa variable: dy/dxj = g(xb
> )*bj = APE para xj
>          - Esto ultimo, depende de todo el vector xb, ademas del coeficiente bj. Entonces podemos, para cada uno de los i de la muestra, calcular esta derivada
>          - cada i tendra su propio vector xb, con lo cual, luego podemos sumar y promediar. 
>          
>   B) PEM (Partial Effect at Means):
>      - "margins, dydx(x) atmeans" evalúa el efecto en el individuo "promedio".
>          - Parte de la misma derivada, pero solo la calcula una vez: dy/dxj = g(xb)*bj
>          - Es decir, en lugar de calcular el efecto para cada i, lo que hace es tomar, valores medios de cada regresor, y sustituir en g(xb), donde x esta evaluado
>  en el promedio.
>          - luego hace dy/dxj = g(xb)*bj = PEM para xj
>          
>      - Ojo: para binarias/categóricas, "atmeans" puede poner valores no enteros (poco interpretable).
>      - En binarias/categorías, mejor fijar explícitamente escenarios con at().
> 
>   C) Variables discretas (binarias/categóricas):
>      - No tiene sentido una derivada "infinitesimal": el efecto se interpreta como cambio discreto:
>        ΔP = P(Y=1|D=1, X) - P(Y=1|D=0, X), promediado (AME) o en un punto (at()).
> ****************************************************************************************/
. 
. *------------------------------------------------------------
. * 2) Variable CONTINUA (ej.: nwifeinc)
. *------------------------------------------------------------
. 
. * 2.1 APE (promedio muestral de efectos individuales)
. margins, dydx(nwifeinc)

Average marginal effects                                   Number of obs = 753
Model VCE: OIM

Expression: Pr(inlf), predict()
dy/dx wrt:  nwifeinc

------------------------------------------------------------------------------
             |            Delta-method
             |      dy/dx   std. err.      z    P>|z|     [95% conf. interval]
-------------+----------------------------------------------------------------
    nwifeinc |  -.0033949     .00144    -2.36   0.018    -.0062174   -.0005725
------------------------------------------------------------------------------

. * Interpretación: "Un aumento de 1 unidad en nwifeinc cambia, en promedio,
. * la probabilidad de participar en el mercado laboral en dydx puntos porcentuales (en nivel)."
. * Este es el APE para nwifeinc
. * Interpretación mas natural para comparar con MPL/MCP
. 
. * 2.2 PEM (efecto en el vector de medias) — útil pero NO siempre el mejor resumen
. margins, dydx(nwifeinc) atmeans

Conditional marginal effects                               Number of obs = 753
Model VCE: OIM

Expression: Pr(inlf), predict()
dy/dx wrt:  nwifeinc
At: nwifeinc      = 20.12896 (mean)
    educ          = 12.28685 (mean)
    exper         = 10.63081 (mean)
    expersq       = 178.0385 (mean)
    age           = 42.53785 (mean)
    0.kidslt6_bin = .8047809 (mean)
    1.kidslt6_bin = .1952191 (mean)
    0.kidsge6_cat = .3426295 (mean)
    1.kidsge6_cat = .2456839 (mean)
    2.kidsge6_cat = .2151394 (mean)
    3.kidsge6_cat = .1965471 (mean)

------------------------------------------------------------------------------
             |            Delta-method
             |      dy/dx   std. err.      z    P>|z|     [95% conf. interval]
-------------+----------------------------------------------------------------
    nwifeinc |  -.0043534   .0018625    -2.34   0.019    -.0080037    -.000703
------------------------------------------------------------------------------

. * Este es el "PEM" para nwifeinc pero ojo, hay variables que es binaria y/o categorica: seria mejor especificar una categoria para ellas.
. * un ejemplo de PEM correcto:
. margins, dydx(nwifeinc) atmeans at(kidslt6_bin=0 kidsge6_cat=0)

Conditional marginal effects                               Number of obs = 753
Model VCE: OIM

Expression: Pr(inlf), predict()
dy/dx wrt:  nwifeinc
At: nwifeinc    = 20.12896 (mean)
    educ        = 12.28685 (mean)
    exper       = 10.63081 (mean)
    expersq     = 178.0385 (mean)
    age         = 42.53785 (mean)
    kidslt6_bin =        0
    kidsge6_cat =        0

------------------------------------------------------------------------------
             |            Delta-method
             |      dy/dx   std. err.      z    P>|z|     [95% conf. interval]
-------------+----------------------------------------------------------------
    nwifeinc |  -.0041904   .0018081    -2.32   0.020    -.0077341   -.0006466
------------------------------------------------------------------------------

. * Es el efecto de nwifeinc sobre el promedio de inlf para un individuo con valores promedio de educacion, experiencia y edad y que ademas no tiene hijos. 
. * otro ejemplo de PEM correcto:
. margins, dydx(nwifeinc) atmeans at(kidslt6_bin=1 kidsge6_cat=2)

Conditional marginal effects                               Number of obs = 753
Model VCE: OIM

Expression: Pr(inlf), predict()
dy/dx wrt:  nwifeinc
At: nwifeinc    = 20.12896 (mean)
    educ        = 12.28685 (mean)
    exper       = 10.63081 (mean)
    expersq     = 178.0385 (mean)
    age         = 42.53785 (mean)
    kidslt6_bin =        1
    kidsge6_cat =        2

------------------------------------------------------------------------------
             |            Delta-method
             |      dy/dx   std. err.      z    P>|z|     [95% conf. interval]
-------------+----------------------------------------------------------------
    nwifeinc |  -.0039632   .0017175    -2.31   0.021    -.0073294    -.000597
------------------------------------------------------------------------------

. * Es el efecto de nwifeinc sobre el promedio de inlf para un individuo con valores promedio de educacion, experiencia y edad y que ademas tiene al menos un hijo me
> nor de 6 anios, y tiene 2 hijos mayores de 6 anios.
. 
. * 2.3 El efecto (en el promedio) de una continua depende del punto: evaluarlo en varios valores. Esto nos da diferentes APEs para la misma variable, pero al estilo
>  "contrafactico". 
. sum nwifeinc

    Variable |        Obs        Mean    Std. dev.       Min        Max
-------------+---------------------------------------------------------
    nwifeinc |        753    20.12896     11.6348  -.0290575         96

. margins, dydx(nwifeinc) at(nwifeinc=(0 10 20 30)) 

Average marginal effects                                   Number of obs = 753
Model VCE: OIM

Expression: Pr(inlf), predict()
dy/dx wrt:  nwifeinc
1._at: nwifeinc =  0
2._at: nwifeinc = 10
3._at: nwifeinc = 20
4._at: nwifeinc = 30

------------------------------------------------------------------------------
             |            Delta-method
             |      dy/dx   std. err.      z    P>|z|     [95% conf. interval]
-------------+----------------------------------------------------------------
nwifeinc     |
         _at |
          1  |  -.0032568   .0013062    -2.49   0.013    -.0058169   -.0006967
          2  |  -.0033542   .0014038    -2.39   0.017    -.0061055   -.0006028
          3  |   -.003429   .0014733    -2.33   0.020    -.0063166   -.0005414
          4  |  -.0034795   .0015115    -2.30   0.021    -.0064419    -.000517
------------------------------------------------------------------------------

. 
. /****************************************************************************************
> * Interpretación: "El efecto marginal (en el promedio) no es constante: cambia con nwifeinc (y con el resto de X)."
> Stata hace esto 4 veces (margins, dydx(nwifeinc) at(nwifeinc=(0 10 20 30))):
> 
> - Toma toda la muestra.
> - Para cada a perteneciente a {0,10,20,30}:
>   - Construye un "mundo contrafactual" donde a todos los individuos les pone nwifeinc = a. (Por ejemplo, pone que todos los individuos tienen nwifeinc=0 )
>   - Deja el resto de covariables tal como están en los datos para cada individuo (educ_i, age_i, kids... etc.),
>     o sea: no las promedia, no las fija, no las cambia.
>   - Con ese vector modificado x_i(a), calcula el efecto marginal individual:
> 
>         PE_i(a) = φ(x_i(a)'β)*β_nw.
> 
>   - Después promedia sobre i:
> 
>         APE(a) = (1/N)*Σ_i PE_i(a).
> 
> Resultado: te devuelve cuatro promedios APE(0), APE(10), APE(20), APE(30).
> 
> ¿qué pasa con "las otras covariables"?
> - Se usan sus valores observados, uno por uno, tal como están en tu base (para cada individuo).
> - No se fijan en el promedio, salvo que se pida con atmeans o con at() para esas variables.
> 
> ****************************************************************************************/
. 
. *------------------------------------------------------------
. * 3) Variable BINARIA (ej.: kidslt6_bin)
. *------------------------------------------------------------
. 
. * 3.1 AME discreto: promedio de [P(D=1) - P(D=0)] sobre la muestra
. margins, dydx(kidslt6_bin)

Average marginal effects                                   Number of obs = 753
Model VCE: OIM

Expression: Pr(inlf), predict()
dy/dx wrt:  1.kidslt6_bin

------------------------------------------------------------------------------
             |            Delta-method
             |      dy/dx   std. err.      z    P>|z|     [95% conf. interval]
-------------+----------------------------------------------------------------
 kidslt6_bin |
>=1 hijo <6  |  -.3158072   .0418403    -7.55   0.000    -.3978126   -.2338017
------------------------------------------------------------------------------
Note: dy/dx for factor levels is the discrete change from the base level.

. * Interpretación: 
. *En promedio, pasar de 0 a 1 en kidslt6_bin (tener al menos un hijo menor de 6 vs no tener) reduce la probabilidad de participar (inlf=1) en aproximadamente 0.316,
>  es decir, 31.6 puntos porcentuales, manteniendo el resto de covariables como observadas y promediando sobre la muestra.
. * Esta es el "APE" para una binaria. Es la interpretacion natural comparable con un MPL.
. 
. * 3.2 Efecto discreto en un punto concreto: es un PEM.
. *     Elegimos un "perfil" 
. margins, atmeans at(kidslt6_bin=(0 1) kidsge6_cat=0) predict(pr) post

Adjusted predictions                                       Number of obs = 753
Model VCE: OIM

Expression: Pr(inlf), predict(pr)
1._at: nwifeinc    = 20.12896 (mean)
       educ        = 12.28685 (mean)
       exper       = 10.63081 (mean)
       expersq     = 178.0385 (mean)
       age         = 42.53785 (mean)
       kidslt6_bin =        0
       kidsge6_cat =        0
2._at: nwifeinc    = 20.12896 (mean)
       educ        = 12.28685 (mean)
       exper       = 10.63081 (mean)
       expersq     = 178.0385 (mean)
       age         = 42.53785 (mean)
       kidslt6_bin =        1
       kidsge6_cat =        0

------------------------------------------------------------------------------
             |            Delta-method
             |     Margin   std. err.      z    P>|z|     [95% conf. interval]
-------------+----------------------------------------------------------------
         _at |
          1  |   .6353218   .0389061    16.33   0.000     .5590672    .7115764
          2  |    .254661   .0461909     5.51   0.000     .1641285    .3451936
------------------------------------------------------------------------------

. lincom _b[2._at] - _b[1._at]

 ( 1)  - 1bn._at + 2._at = 0

------------------------------------------------------------------------------
             | Coefficient  Std. err.      z    P>|z|     [95% conf. interval]
-------------+----------------------------------------------------------------
         (1) |  -.3806608   .0492984    -7.72   0.000    -.4772838   -.2840377
------------------------------------------------------------------------------

. /* Pr(inlf =1 / x=xbar ,  kidsge6_cat=0, kidslt6_bin=0) = 0.635
>    Pr(inlf =1 / x=xbar ,  kidsge6_cat=0, kidslt6_bin=0) = 0.254
>    Diferencia = 0.3806
> Para una mujer con covariables en sus valores medios y con 0 hijos de 6+, pasar de no tener hijos menores de 6 a tener al menos uno reduce la probabilidad predicha
>  de participar en el mercado laboral en aproximadamente 0.381, es decir, 38.1 puntos porcentuales.    */
. 
. ** podemos pedir lo mismo que lo anterior pero mas directo, pero como usamos "post" debemos volver a generar el modelo probit
. probit inlf nwifeinc educ exper expersq age i.kidslt6_bin i.kidsge6_cat 

Iteration 0:  Log likelihood =  -514.8732  
Iteration 1:  Log likelihood = -406.62428  
Iteration 2:  Log likelihood = -405.67178  
Iteration 3:  Log likelihood = -405.67054  
Iteration 4:  Log likelihood = -405.67054  

Probit regression                                       Number of obs =    753
                                                        LR chi2(9)    = 218.41
                                                        Prob > chi2   = 0.0000
Log likelihood = -405.67054                             Pseudo R2     = 0.2121

------------------------------------------------------------------------------
        inlf | Coefficient  Std. err.      z    P>|z|     [95% conf. interval]
-------------+----------------------------------------------------------------
    nwifeinc |  -.0111515   .0047718    -2.34   0.019     -.020504   -.0017991
        educ |   .1215196   .0250918     4.84   0.000     .0723405    .1706987
       exper |   .1211592   .0187836     6.45   0.000      .084344    .1579743
     expersq |  -.0018224   .0006021    -3.03   0.002    -.0030025   -.0006422
         age |  -.0502362   .0085543    -5.87   0.000    -.0670023   -.0334701
             |
 kidslt6_bin |
>=1 hijo <6  |  -1.005875   .1461112    -6.88   0.000    -1.292248   -.7195028
             |
 kidsge6_cat |
  1 hijo 6+  |  -.0339569   .1445294    -0.23   0.814    -.3172293    .2493155
 2 hijos 6+  |   .1790787   .1556293     1.15   0.250    -.1259492    .4841066
3+ hijos 6+  |   .1446649   .1610478     0.90   0.369    -.1709829    .4603127
             |
       _cons |   .2507314   .5207129     0.48   0.630    -.7698471     1.27131
------------------------------------------------------------------------------

. margins, dydx(kidslt6_bin) atmeans at(kidsge6_cat=0)

Conditional marginal effects                               Number of obs = 753
Model VCE: OIM

Expression: Pr(inlf), predict()
dy/dx wrt:  1.kidslt6_bin
At: nwifeinc      = 20.12896 (mean)
    educ          = 12.28685 (mean)
    exper         = 10.63081 (mean)
    expersq       = 178.0385 (mean)
    age           = 42.53785 (mean)
    0.kidslt6_bin = .8047809 (mean)
    1.kidslt6_bin = .1952191 (mean)
    kidsge6_cat   =        0

------------------------------------------------------------------------------
             |            Delta-method
             |      dy/dx   std. err.      z    P>|z|     [95% conf. interval]
-------------+----------------------------------------------------------------
 kidslt6_bin |
>=1 hijo <6  |  -.3806608   .0492984    -7.72   0.000    -.4772838   -.2840377
------------------------------------------------------------------------------
Note: dy/dx for factor levels is the discrete change from the base level.

. 
. 
. 
. *------------------------------------------------------------
. * 4) Variable CATEGÓRICA (ej.: kidsge6_cat con 4 niveles)
. *------------------------------------------------------------
. 
. * 4.1 APE 
. margins, dydx(kidsge6_cat)

Average marginal effects                                   Number of obs = 753
Model VCE: OIM

Expression: Pr(inlf), predict()
dy/dx wrt:  1.kidsge6_cat 2.kidsge6_cat 3.kidsge6_cat

------------------------------------------------------------------------------
             |            Delta-method
             |      dy/dx   std. err.      z    P>|z|     [95% conf. interval]
-------------+----------------------------------------------------------------
 kidsge6_cat |
  1 hijo 6+  |  -.0104427   .0444711    -0.23   0.814    -.0976046    .0767191
 2 hijos 6+  |    .054192   .0467811     1.16   0.247    -.0374972    .1458813
3+ hijos 6+  |   .0439176   .0486152     0.90   0.366    -.0513665    .1392018
------------------------------------------------------------------------------
Note: dy/dx for factor levels is the discrete change from the base level.

. 
. /****************************************************************************************
> INTERPRETACIÓN: margins, dydx(kidsge6_cat)   (APE para variable categórica)
> Comando:
>     margins, dydx(kidsge6_cat)
> 
> Qué está calculando Stata:
> - kidsge6_cat es una variable categórica incluida como factor (i.kidsge6_cat).
> - Para variables factor, "dydx()" NO es una derivada continua: es un CAMBIO DISCRETO
>   respecto de la categoría base (por defecto, la base es kidsge6_cat = 0).
> 
> Qué reporta cada fila (efecto promedio, APE):
> - Para cada individuo i, Stata calcula:
>       ΔP_i(c) = Pr(inlf=1 | kidsge6_cat=c, X_i)  -  Pr(inlf=1 | kidsge6_cat=0, X_i),
>   manteniendo el resto de covariables X_i en sus valores observados (tal como están en los datos).
> - Luego promedia ese cambio sobre toda la muestra:
>       APE(c) = (1/N) * Σ_i ΔP_i(c).
> - Este valor es el naturalmente comparable a una interpretacion de una variable categorica en un MPL.
> 
> Cómo leer los números (en puntos de probabilidad, nivel):
> - "1 hijo 6+":   APE = -0.0104
>     → En promedio, pasar de 0 hijos 6+ a 1 hijo 6+ cambia la probabilidad predicha de inlf=1 en -0.010
>       (≈ -1.0 puntos porcentuales), ceteris paribus (en el sentido de X_i observadas), y promediando sobre la muestra.
> - "2 hijos 6+":  APE = +0.0542
>     → Pasar de 0 a 2 hijos 6+ aumenta la probabilidad en ≈ 0.054 (≈ 5.4 p.p.) en promedio.
> - "3+ hijos 6+": APE = +0.0439
>     → Pasar de 0 a 3+ hijos 6+ aumenta la probabilidad en ≈ 0.044 (≈ 4.4 p.p.) en promedio.
> 
> Significancia:
> - En esta salida, ninguno de estos cambios discretos es estadísticamente significativo
>   (p-values 0.814, 0.247 y 0.366). Por lo tanto, no hay evidencia fuerte de que, en promedio,
>   la probabilidad de participación difiera entre 0 hijos 6+ y las categorías 1, 2 o 3+,
>   una vez controladas las demás covariables del modelo probit.
> 
> Nota importante (base level):
> - La nota de Stata ("discrete change from the base level") significa exactamente esto:
>   cada efecto está medido RELATIVO A LA CATEGORÍA BASE kidsge6_cat=0.
> ****************************************************************************************/
. 
. 
. * 4.2 "Pasar de una categoría a otra" (comparaciones entre categorías): basicamente tambien esto es ATE
. * Opción A (si tu Stata lo soporta): pairwise comparisons automáticos
. margins kidsge6_cat, pwcompare(effects)

Pairwise comparisons of predictive margins                 Number of obs = 753
Model VCE: OIM

Expression: Pr(inlf), predict()

--------------------------------------------------------------------------------------------
                           |            Delta-method    Unadjusted           Unadjusted
                           |   Contrast   std. err.      z    P>|z|     [95% conf. interval]
---------------------------+----------------------------------------------------------------
               kidsge6_cat |
  1 hijo 6+ vs 0 hijos 6+  |  -.0104427   .0444711    -0.23   0.814    -.0976046    .0767191
 2 hijos 6+ vs 0 hijos 6+  |    .054192   .0467811     1.16   0.247    -.0374972    .1458813
3+ hijos 6+ vs 0 hijos 6+  |   .0439176   .0486152     0.90   0.366    -.0513665    .1392018
  2 hijos 6+ vs 1 hijo 6+  |   .0646347   .0462463     1.40   0.162    -.0260064    .1552759
 3+ hijos 6+ vs 1 hijo 6+  |   .0543603    .047116     1.15   0.249    -.0379853     .146706
3+ hijos 6+ vs 2 hijos 6+  |  -.0102744   .0473375    -0.22   0.828    -.1030543    .0825055
--------------------------------------------------------------------------------------------

. 
. * Opción B (universal): calculo márgenes y luego diferencias con lincom
. margins, at(kidsge6_cat=(0 1 2 3)) post

Predictive margins                                         Number of obs = 753
Model VCE: OIM

Expression: Pr(inlf), predict()
1._at: kidsge6_cat = 0
2._at: kidsge6_cat = 1
3._at: kidsge6_cat = 2
4._at: kidsge6_cat = 3

------------------------------------------------------------------------------
             |            Delta-method
             |     Margin   std. err.      z    P>|z|     [95% conf. interval]
-------------+----------------------------------------------------------------
         _at |
          1  |   .5521411   .0297817    18.54   0.000       .49377    .6105121
          2  |   .5416984   .0320984    16.88   0.000     .4787866    .6046101
          3  |   .6063331   .0334926    18.10   0.000     .5406887    .6719775
          4  |   .5960587   .0351035    16.98   0.000     .5272571    .6648603
------------------------------------------------------------------------------

. * Efecto de pasar 0 -> 1:
. lincom _b[2._at] - _b[1._at]

 ( 1)  - 1bn._at + 2._at = 0

------------------------------------------------------------------------------
             | Coefficient  Std. err.      z    P>|z|     [95% conf. interval]
-------------+----------------------------------------------------------------
         (1) |  -.0104427   .0444711    -0.23   0.814    -.0976046    .0767191
------------------------------------------------------------------------------

. * Efecto de pasar 1 -> 2:
. lincom _b[3._at] - _b[2._at]

 ( 1)  - 2._at + 3._at = 0

------------------------------------------------------------------------------
             | Coefficient  Std. err.      z    P>|z|     [95% conf. interval]
-------------+----------------------------------------------------------------
         (1) |   .0646347   .0462463     1.40   0.162    -.0260064    .1552759
------------------------------------------------------------------------------

. * Efecto de pasar 2 -> 3+:
. lincom _b[4._at] - _b[3._at]

 ( 1)  - 3._at + 4._at = 0

------------------------------------------------------------------------------
             | Coefficient  Std. err.      z    P>|z|     [95% conf. interval]
-------------+----------------------------------------------------------------
         (1) |  -.0102744   .0473375    -0.22   0.828    -.1030543    .0825055
------------------------------------------------------------------------------

. * Efecto de pasar 0 -> 3+ (salto grande):
. lincom _b[4._at] - _b[1._at]

 ( 1)  - 1bn._at + 4._at = 0

------------------------------------------------------------------------------
             | Coefficient  Std. err.      z    P>|z|     [95% conf. interval]
-------------+----------------------------------------------------------------
         (1) |   .0439176   .0486152     0.90   0.366    -.0513665    .1392018
------------------------------------------------------------------------------

. 
. * Nota: para comparaciones "categoría c vs base", margins, dydx(kidsge6_cat) y
. * margins kidsge6_cat, pwcompare(effects) dan el mismo número:
. * promedio[P(c)-P(base)] = promedio[P(c)] - promedio[P(base)].
. * La ventaja de pwcompare es que permite comparar también categorías no-base (ej. 2 vs 1).
. 
. * 4.3 Ahora calculemos algun PEM: variables continuas en el promedio y kidslt6_bin==0.
. probit inlf nwifeinc educ exper expersq age i.kidslt6_bin i.kidsge6_cat 

Iteration 0:  Log likelihood =  -514.8732  
Iteration 1:  Log likelihood = -406.62428  
Iteration 2:  Log likelihood = -405.67178  
Iteration 3:  Log likelihood = -405.67054  
Iteration 4:  Log likelihood = -405.67054  

Probit regression                                       Number of obs =    753
                                                        LR chi2(9)    = 218.41
                                                        Prob > chi2   = 0.0000
Log likelihood = -405.67054                             Pseudo R2     = 0.2121

------------------------------------------------------------------------------
        inlf | Coefficient  Std. err.      z    P>|z|     [95% conf. interval]
-------------+----------------------------------------------------------------
    nwifeinc |  -.0111515   .0047718    -2.34   0.019     -.020504   -.0017991
        educ |   .1215196   .0250918     4.84   0.000     .0723405    .1706987
       exper |   .1211592   .0187836     6.45   0.000      .084344    .1579743
     expersq |  -.0018224   .0006021    -3.03   0.002    -.0030025   -.0006422
         age |  -.0502362   .0085543    -5.87   0.000    -.0670023   -.0334701
             |
 kidslt6_bin |
>=1 hijo <6  |  -1.005875   .1461112    -6.88   0.000    -1.292248   -.7195028
             |
 kidsge6_cat |
  1 hijo 6+  |  -.0339569   .1445294    -0.23   0.814    -.3172293    .2493155
 2 hijos 6+  |   .1790787   .1556293     1.15   0.250    -.1259492    .4841066
3+ hijos 6+  |   .1446649   .1610478     0.90   0.369    -.1709829    .4603127
             |
       _cons |   .2507314   .5207129     0.48   0.630    -.7698471     1.27131
------------------------------------------------------------------------------

. margins kidsge6_cat, atmeans at(kidslt6_bin==0) pwcompare(effects) 

Pairwise comparisons of adjusted predictions               Number of obs = 753
Model VCE: OIM

Expression: Pr(inlf), predict()
At: nwifeinc      = 20.12896 (mean)
    educ          = 12.28685 (mean)
    exper         = 10.63081 (mean)
    expersq       = 178.0385 (mean)
    age           = 42.53785 (mean)
    kidslt6_bin   =        0

--------------------------------------------------------------------------------------------
                           |            Delta-method    Unadjusted           Unadjusted
                           |   Contrast   std. err.      z    P>|z|     [95% conf. interval]
---------------------------+----------------------------------------------------------------
               kidsge6_cat |
  1 hijo 6+ vs 0 hijos 6+  |  -.0128326   .0546305    -0.23   0.814    -.1199064    .0942412
 2 hijos 6+ vs 0 hijos 6+  |   .0649076   .0560687     1.16   0.247     -.044985    .1748003
3+ hijos 6+ vs 0 hijos 6+  |     .05284   .0585167     0.90   0.367    -.0618507    .1675307
  2 hijos 6+ vs 1 hijo 6+  |   .0777402   .0555824     1.40   0.162    -.0311993    .1866797
 3+ hijos 6+ vs 1 hijo 6+  |   .0656726   .0568811     1.15   0.248    -.0458123    .1771575
3+ hijos 6+ vs 2 hijos 6+  |  -.0120676   .0556018    -0.22   0.828    -.1210451    .0969098
--------------------------------------------------------------------------------------------

. 
. /* Es decir, nos da el efecto de pasar de una categoria a otra categoria de kidsge6_cat pero
>    para un individuo que tiene sus valores en el promedio (variables continuas) y que no tiene hijos menores de 6 anios. 
>    Por ello es un PEM. */
.    
.  * PEM: comparar categorías, fijando otras categóricas en valores concretos
. margins, atmeans at(kidslt6_bin=0) at(kidsge6_cat=(0 1 2 3)) post

Adjusted predictions                                       Number of obs = 753
Model VCE: OIM

Expression: Pr(inlf), predict()
1._at: nwifeinc      = 20.12896 (mean)
       educ          = 12.28685 (mean)
       exper         = 10.63081 (mean)
       expersq       = 178.0385 (mean)
       age           = 42.53785 (mean)
       kidslt6_bin   =        0
       0.kidsge6_cat = .3426295 (mean)
       1.kidsge6_cat = .2456839 (mean)
       2.kidsge6_cat = .2151394 (mean)
       3.kidsge6_cat = .1965471 (mean)
2._at: nwifeinc      = 20.12896 (mean)
       educ          = 12.28685 (mean)
       exper         = 10.63081 (mean)
       expersq       = 178.0385 (mean)
       age           = 42.53785 (mean)
       0.kidslt6_bin = .8047809 (mean)
       1.kidslt6_bin = .1952191 (mean)
       kidsge6_cat   =        0
3._at: nwifeinc      = 20.12896 (mean)
       educ          = 12.28685 (mean)
       exper         = 10.63081 (mean)
       expersq       = 178.0385 (mean)
       age           = 42.53785 (mean)
       0.kidslt6_bin = .8047809 (mean)
       1.kidslt6_bin = .1952191 (mean)
       kidsge6_cat   =        1
4._at: nwifeinc      = 20.12896 (mean)
       educ          = 12.28685 (mean)
       exper         = 10.63081 (mean)
       expersq       = 178.0385 (mean)
       age           = 42.53785 (mean)
       0.kidslt6_bin = .8047809 (mean)
       1.kidslt6_bin = .1952191 (mean)
       kidsge6_cat   =        2
5._at: nwifeinc      = 20.12896 (mean)
       educ          = 12.28685 (mean)
       exper         = 10.63081 (mean)
       expersq       = 178.0385 (mean)
       age           = 42.53785 (mean)
       0.kidslt6_bin = .8047809 (mean)
       1.kidslt6_bin = .1952191 (mean)
       kidsge6_cat   =        3

------------------------------------------------------------------------------
             |            Delta-method
             |     Margin   std. err.      z    P>|z|     [95% conf. interval]
-------------+----------------------------------------------------------------
         _at |
          1  |    .657114   .0218838    30.03   0.000     .6142226    .7000054
          2  |   .5594661   .0380822    14.69   0.000     .4848262    .6341059
          3  |   .5460385   .0414082    13.19   0.000       .46488     .627197
          4  |   .6288066   .0427693    14.70   0.000     .5449804    .7126329
          5  |   .6157282   .0450232    13.68   0.000     .5274843    .7039721
------------------------------------------------------------------------------

. lincom _b[2._at] - _b[1._at]   // 1 vs 0 en el individuo promedio (y kidslt6_bin=0)

 ( 1)  - 1bn._at + 2._at = 0

------------------------------------------------------------------------------
             | Coefficient  Std. err.      z    P>|z|     [95% conf. interval]
-------------+----------------------------------------------------------------
         (1) |   -.097648   .0329289    -2.97   0.003    -.1621875   -.0331084
------------------------------------------------------------------------------

.   
.    
. ********************************************************************************
. * Fin bloque interpretación Probit
. ********************************************************************************
. 
. 
. 
. *********************************************************************************
. **# Logit
. *********************************************************************************
. 
.  
. logit inlf nwifeinc educ exper expersq age kidslt6 kidsge6

Iteration 0:  Log likelihood =  -514.8732  
Iteration 1:  Log likelihood = -402.38502  
Iteration 2:  Log likelihood = -401.76569  
Iteration 3:  Log likelihood = -401.76515  
Iteration 4:  Log likelihood = -401.76515  

Logistic regression                                     Number of obs =    753
                                                        LR chi2(7)    = 226.22
                                                        Prob > chi2   = 0.0000
Log likelihood = -401.76515                             Pseudo R2     = 0.2197

------------------------------------------------------------------------------
        inlf | Coefficient  Std. err.      z    P>|z|     [95% conf. interval]
-------------+----------------------------------------------------------------
    nwifeinc |  -.0213452   .0084214    -2.53   0.011    -.0378509   -.0048394
        educ |   .2211704   .0434396     5.09   0.000     .1360303    .3063105
       exper |   .2058695   .0320569     6.42   0.000     .1430391    .2686999
     expersq |  -.0031541   .0010161    -3.10   0.002    -.0051456   -.0011626
         age |  -.0880244    .014573    -6.04   0.000     -.116587   -.0594618
     kidslt6 |  -1.443354   .2035849    -7.09   0.000    -1.842373   -1.044335
     kidsge6 |   .0601122   .0747897     0.80   0.422     -.086473    .2066974
       _cons |   .4254524   .8603697     0.49   0.621    -1.260841    2.111746
------------------------------------------------------------------------------

. estimates store logit

. scalar r2_logit = e(r2_p)

. predict phat_logit, pr

.   
. **  average partial effect (APE)
. margins, dydx(nwifeinc)

Average marginal effects                                   Number of obs = 753
Model VCE: OIM

Expression: Pr(inlf), predict()
dy/dx wrt:  nwifeinc

------------------------------------------------------------------------------
             |            Delta-method
             |      dy/dx   std. err.      z    P>|z|     [95% conf. interval]
-------------+----------------------------------------------------------------
    nwifeinc |  -.0038118   .0014824    -2.57   0.010    -.0067172   -.0009064
------------------------------------------------------------------------------

. margins, dydx(nwifeinc educ exper expersq age kidslt6 kidsge6)

Average marginal effects                                   Number of obs = 753
Model VCE: OIM

Expression: Pr(inlf), predict()
dy/dx wrt:  nwifeinc educ exper expersq age kidslt6 kidsge6

------------------------------------------------------------------------------
             |            Delta-method
             |      dy/dx   std. err.      z    P>|z|     [95% conf. interval]
-------------+----------------------------------------------------------------
    nwifeinc |  -.0038118   .0014824    -2.57   0.010    -.0067172   -.0009064
        educ |   .0394965   .0072947     5.41   0.000     .0251992    .0537939
       exper |   .0367641     .00515     7.14   0.000     .0266702     .046858
     expersq |  -.0005633   .0001774    -3.18   0.001    -.0009109   -.0002156
         age |  -.0157194   .0023808    -6.60   0.000    -.0203856   -.0110532
     kidslt6 |  -.2577537   .0319416    -8.07   0.000    -.3203581   -.1951492
     kidsge6 |   .0107348    .013333     0.81   0.421    -.0153974    .0368671
------------------------------------------------------------------------------

. margins, dydx(*) post

Average marginal effects                                   Number of obs = 753
Model VCE: OIM

Expression: Pr(inlf), predict()
dy/dx wrt:  nwifeinc educ exper expersq age kidslt6 kidsge6

------------------------------------------------------------------------------
             |            Delta-method
             |      dy/dx   std. err.      z    P>|z|     [95% conf. interval]
-------------+----------------------------------------------------------------
    nwifeinc |  -.0038118   .0014824    -2.57   0.010    -.0067172   -.0009064
        educ |   .0394965   .0072947     5.41   0.000     .0251992    .0537939
       exper |   .0367641     .00515     7.14   0.000     .0266702     .046858
     expersq |  -.0005633   .0001774    -3.18   0.001    -.0009109   -.0002156
         age |  -.0157194   .0023808    -6.60   0.000    -.0203856   -.0110532
     kidslt6 |  -.2577537   .0319416    -8.07   0.000    -.3203581   -.1951492
     kidsge6 |   .0107348    .013333     0.81   0.421    -.0153974    .0368671
------------------------------------------------------------------------------

. estadd scalar r2   = r2_logit

added scalar:
                 e(r2) =  .21968137

. estimates store APE_logit

.  
. ** Partial Effect at Means (PEM) - Version naive: sin definir perfil en binarias o categoricas
. logit inlf nwifeinc educ exper expersq age kidslt6 kidsge6

Iteration 0:  Log likelihood =  -514.8732  
Iteration 1:  Log likelihood = -402.38502  
Iteration 2:  Log likelihood = -401.76569  
Iteration 3:  Log likelihood = -401.76515  
Iteration 4:  Log likelihood = -401.76515  

Logistic regression                                     Number of obs =    753
                                                        LR chi2(7)    = 226.22
                                                        Prob > chi2   = 0.0000
Log likelihood = -401.76515                             Pseudo R2     = 0.2197

------------------------------------------------------------------------------
        inlf | Coefficient  Std. err.      z    P>|z|     [95% conf. interval]
-------------+----------------------------------------------------------------
    nwifeinc |  -.0213452   .0084214    -2.53   0.011    -.0378509   -.0048394
        educ |   .2211704   .0434396     5.09   0.000     .1360303    .3063105
       exper |   .2058695   .0320569     6.42   0.000     .1430391    .2686999
     expersq |  -.0031541   .0010161    -3.10   0.002    -.0051456   -.0011626
         age |  -.0880244    .014573    -6.04   0.000     -.116587   -.0594618
     kidslt6 |  -1.443354   .2035849    -7.09   0.000    -1.842373   -1.044335
     kidsge6 |   .0601122   .0747897     0.80   0.422     -.086473    .2066974
       _cons |   .4254524   .8603697     0.49   0.621    -1.260841    2.111746
------------------------------------------------------------------------------

. margins, dydx(nwifeinc educ exper expersq age kidslt6 kidsge6) atmeans 

Conditional marginal effects                               Number of obs = 753
Model VCE: OIM

Expression: Pr(inlf), predict()
dy/dx wrt:  nwifeinc educ exper expersq age kidslt6 kidsge6
At: nwifeinc = 20.12896 (mean)
    educ     = 12.28685 (mean)
    exper    = 10.63081 (mean)
    expersq  = 178.0385 (mean)
    age      = 42.53785 (mean)
    kidslt6  = .2377158 (mean)
    kidsge6  = 1.353254 (mean)

------------------------------------------------------------------------------
             |            Delta-method
             |      dy/dx   std. err.      z    P>|z|     [95% conf. interval]
-------------+----------------------------------------------------------------
    nwifeinc |  -.0051901   .0020482    -2.53   0.011    -.0092045   -.0011756
        educ |   .0537773   .0105608     5.09   0.000     .0330785    .0744761
       exper |   .0500569   .0078247     6.40   0.000     .0347209     .065393
     expersq |  -.0007669   .0002477    -3.10   0.002    -.0012524   -.0002815
         age |   -.021403   .0035398    -6.05   0.000    -.0283408   -.0144652
     kidslt6 |  -.3509498   .0496395    -7.07   0.000    -.4482414   -.2536583
     kidsge6 |   .0146162   .0181884     0.80   0.422    -.0210324    .0502649
------------------------------------------------------------------------------

. tab kidslt6

    kidslt6 |      Freq.     Percent        Cum.
------------+-----------------------------------
          0 |        606       80.48       80.48
          1 |        118       15.67       96.15
          2 |         26        3.45       99.60
          3 |          3        0.40      100.00
------------+-----------------------------------
      Total |        753      100.00

. tab kidsge6

    kidsge6 |      Freq.     Percent        Cum.
------------+-----------------------------------
          0 |        258       34.26       34.26
          1 |        185       24.57       58.83
          2 |        162       21.51       80.35
          3 |        103       13.68       94.02
          4 |         30        3.98       98.01
          5 |         12        1.59       99.60
          6 |          1        0.13       99.73
          7 |          1        0.13       99.87
          8 |          1        0.13      100.00
------------+-----------------------------------
      Total |        753      100.00

. ** una manera correcta para el Partial Effect at Means (PEM) es seleccionando un "perfil":
. margins, dydx(nwifeinc educ exper expersq age kidslt6 kidsge6) atmeans at(kidslt6==0  kidsge6==0) 

Conditional marginal effects                               Number of obs = 753
Model VCE: OIM

Expression: Pr(inlf), predict()
dy/dx wrt:  nwifeinc educ exper expersq age kidslt6 kidsge6
At: nwifeinc = 20.12896 (mean)
    educ     = 12.28685 (mean)
    exper    = 10.63081 (mean)
    expersq  = 178.0385 (mean)
    age      = 42.53785 (mean)
    kidslt6  =        0
    kidsge6  =        0

------------------------------------------------------------------------------
             |            Delta-method
             |      dy/dx   std. err.      z    P>|z|     [95% conf. interval]
-------------+----------------------------------------------------------------
    nwifeinc |  -.0048892   .0019415    -2.52   0.012    -.0086945   -.0010839
        educ |   .0506602   .0101797     4.98   0.000     .0307084    .0706121
       exper |   .0471555   .0077067     6.12   0.000     .0320507    .0622603
     expersq |  -.0007225   .0002356    -3.07   0.002    -.0011843   -.0002606
         age |  -.0201624   .0030722    -6.56   0.000    -.0261839    -.014141
     kidslt6 |  -.3306077   .0424102    -7.80   0.000    -.4137302   -.2474853
     kidsge6 |    .013769   .0175693     0.78   0.433    -.0206663    .0482043
------------------------------------------------------------------------------

. 
. 
. ** varianza robusta (logistica como aproximacion a una verdadera distribucion desconocida)
. logit inlf nwifeinc educ exper expersq age kidslt6 kidsge6, vce(robust)

Iteration 0:  Log pseudolikelihood =  -514.8732  
Iteration 1:  Log pseudolikelihood = -402.38502  
Iteration 2:  Log pseudolikelihood = -401.76569  
Iteration 3:  Log pseudolikelihood = -401.76515  
Iteration 4:  Log pseudolikelihood = -401.76515  

Logistic regression                                     Number of obs =    753
                                                        Wald chi2(7)  = 158.48
                                                        Prob > chi2   = 0.0000
Log pseudolikelihood = -401.76515                       Pseudo R2     = 0.2197

------------------------------------------------------------------------------
             |               Robust
        inlf | Coefficient  std. err.      z    P>|z|     [95% conf. interval]
-------------+----------------------------------------------------------------
    nwifeinc |  -.0213452   .0090782    -2.35   0.019     -.039138   -.0035523
        educ |   .2211704   .0444509     4.98   0.000     .1340482    .3082925
       exper |   .2058695   .0322914     6.38   0.000     .1425796    .2691594
     expersq |  -.0031541   .0010124    -3.12   0.002    -.0051384   -.0011698
         age |  -.0880244   .0144393    -6.10   0.000    -.1163248   -.0597239
     kidslt6 |  -1.443354   .2031615    -7.10   0.000    -1.841543   -1.045165
     kidsge6 |   .0601122   .0798825     0.75   0.452    -.0964546    .2166791
       _cons |   .4254524   .8597308     0.49   0.621    -1.259589    2.110494
------------------------------------------------------------------------------

. estimates store logit_rob

. scalar r2_logit_r = e(r2_p)

. predict phat_logit_rob, pr

. margins, dydx(*) post

Average marginal effects                                   Number of obs = 753
Model VCE: Robust

Expression: Pr(inlf), predict()
dy/dx wrt:  nwifeinc educ exper expersq age kidslt6 kidsge6

------------------------------------------------------------------------------
             |            Delta-method
             |      dy/dx   std. err.      z    P>|z|     [95% conf. interval]
-------------+----------------------------------------------------------------
    nwifeinc |  -.0038118   .0015923    -2.39   0.017    -.0069327   -.0006909
        educ |   .0394965   .0074931     5.27   0.000     .0248103    .0541827
       exper |   .0367641   .0052149     7.05   0.000     .0265431    .0469851
     expersq |  -.0005633   .0001767    -3.19   0.001    -.0009096   -.0002169
         age |  -.0157194   .0023861    -6.59   0.000     -.020396   -.0110427
     kidslt6 |  -.2577537   .0323592    -7.97   0.000    -.3211766   -.1943307
     kidsge6 |   .0107348   .0142388     0.75   0.451    -.0171727    .0386424
------------------------------------------------------------------------------

. estadd scalar r2   = r2_logit_r

added scalar:
                 e(r2) =  .21968137

. estimates store APE_logit_rob

. 
. 
. **# Tabla comparativa: MPL vs Probit (APE) vs Logit (APE)
. 
. ** tabla comparativa
. esttab mpl_full mcp APE_probit APE_probit_rob APE_logit APE_logit_rob, ///
>     label ///
>     mtitles("MPL (robust)" "MCP (aweight)" "APE Probit" "APE Probit_robust" "APE Logit" "APE Logit_robust") ///
>     b(%9.4f) se(%9.4f) ///
>     star(* 0.10 ** 0.05 *** 0.01) ///
>     stats(N r2, labels("Obs." "R2 (Pseudo-R2)") fmt(0 3)) ///
>     compress nogaps 

----------------------------------------------------------------------------------------------
                       (1)          (2)          (3)          (4)          (5)          (6)   
                 MPL (ro~)    MCP (aw~)    APE Pro~t    APE Pro~t    APE Logit    APE Log~t   
----------------------------------------------------------------------------------------------
nwifeinc           -0.0034**     0.0044***   -0.0036**    -0.0036**    -0.0038**    -0.0038** 
                  (0.0015)     (0.0012)     (0.0014)     (0.0016)     (0.0015)     (0.0016)   
educ                0.0380***    0.0140**     0.0394***    0.0394***    0.0395***    0.0395***
                  (0.0073)     (0.0062)     (0.0072)     (0.0074)     (0.0073)     (0.0075)   
exper               0.0395***    0.0381***    0.0371***    0.0371***    0.0368***    0.0368***
                  (0.0058)     (0.0057)     (0.0052)     (0.0052)     (0.0052)     (0.0052)   
expersq            -0.0006***   -0.0006***   -0.0006***   -0.0006***   -0.0006***   -0.0006***
                  (0.0002)     (0.0002)     (0.0002)     (0.0002)     (0.0002)     (0.0002)   
age                -0.0161***   -0.0183***   -0.0159***   -0.0159***   -0.0157***   -0.0157***
                  (0.0024)     (0.0023)     (0.0024)     (0.0023)     (0.0024)     (0.0024)   
kidslt6            -0.2618***   -0.3266***   -0.2612***   -0.2612***   -0.2578***   -0.2578***
                  (0.0318)     (0.0276)     (0.0319)     (0.0317)     (0.0319)     (0.0324)   
kidsge6             0.0130      -0.0000       0.0108       0.0108       0.0107       0.0107   
                  (0.0135)     (0.0113)     (0.0131)     (0.0136)     (0.0133)     (0.0142)   
Constant            0.5855***    0.8959***                                                    
                  (0.1523)     (0.1450)                                                       
----------------------------------------------------------------------------------------------
Obs.                   753          720          753          753          753          753   
R2 (Pseudo-R2)       0.264        0.392        0.221        0.221        0.220        0.220   
----------------------------------------------------------------------------------------------
Standard errors in parentheses
* p<0.10, ** p<0.05, *** p<0.01

. 
. ** salvo el MCPonderados, el resto son similares.
. ** es decir, el Efecto Parcial Promedio (APE) tanto del probit como del logit son similares al efecto de MPL.
. ** Este es un modelo donde se asume que todas son exogenas, por lo que no hay tratamiento por endogeneidad para alguna variable particular
. ** Tampoco tenemos datos de panel, y por ende no se trata la posible heterogeneidad inobservable a nivel individual.
. 
. 
. 
. 
. 
. ********************************************************************************
. ******    Medidas de diagnostico                                  **************
. ********************************************************************************
. 
. *==============================================================*
. * PROBIT: Medidas de ajuste / capacidad predictiva (Sección 15.6)
. *==============================================================*
. 
. *-------------------------------*
. * Probit 
. *-------------------------------*
. drop phat

. probit inlf nwifeinc educ exper expersq age kidslt6 kidsge6

Iteration 0:  Log likelihood =  -514.8732  
Iteration 1:  Log likelihood = -402.06651  
Iteration 2:  Log likelihood = -401.30273  
Iteration 3:  Log likelihood = -401.30219  
Iteration 4:  Log likelihood = -401.30219  

Probit regression                                       Number of obs =    753
                                                        LR chi2(7)    = 227.14
                                                        Prob > chi2   = 0.0000
Log likelihood = -401.30219                             Pseudo R2     = 0.2206

------------------------------------------------------------------------------
        inlf | Coefficient  Std. err.      z    P>|z|     [95% conf. interval]
-------------+----------------------------------------------------------------
    nwifeinc |  -.0120237   .0048398    -2.48   0.013    -.0215096   -.0025378
        educ |   .1309047   .0252542     5.18   0.000     .0814074     .180402
       exper |   .1233476   .0187164     6.59   0.000     .0866641    .1600311
     expersq |  -.0018871      .0006    -3.15   0.002     -.003063   -.0007111
         age |  -.0528527   .0084772    -6.23   0.000    -.0694678   -.0362376
     kidslt6 |  -.8683285   .1185223    -7.33   0.000    -1.100628    -.636029
     kidsge6 |    .036005   .0434768     0.83   0.408     -.049208    .1212179
       _cons |   .2700768    .508593     0.53   0.595    -.7267472    1.266901
------------------------------------------------------------------------------

. predict double phat, pr

. 
. **# Porcentaje Correctamente Predicho (PCP)
. 
. *-------------------------------*
. *  PCP con umbral t = 0.5
. *-------------------------------*
. gen byte yhat_05 = (phat >= 0.5)   // crea variable que vale 1 si ^p>=0.5

. tab yhat_05

    yhat_05 |      Freq.     Percent        Cum.
------------+-----------------------------------
          0 |        285       37.85       37.85
          1 |        468       62.15      100.00
------------+-----------------------------------
      Total |        753      100.00

. 
. * PCP global
. gen byte ok_05 = (yhat_05 == inlf)   // crea variable que vale 1 si yhat_05=inlf, por ejemplo, si yhat_05=inlf=1 o si yhat_05=inlf=0

. summ ok_05, meanonly

. scalar PCP_05 = 100*r(mean)

. tab ok_05

      ok_05 |      Freq.     Percent        Cum.
------------+-----------------------------------
          0 |        200       26.56       26.56
          1 |        553       73.44      100.00
------------+-----------------------------------
      Total |        753      100.00

. 
. * PCP condicional en y=0 o y=1
. summ ok_05 if inlf==0, meanonly

. scalar PCP0_05 = 100*r(mean)

. tab ok_05 if inlf==0

      ok_05 |      Freq.     Percent        Cum.
------------+-----------------------------------
          0 |        120       36.92       36.92
          1 |        205       63.08      100.00
------------+-----------------------------------
      Total |        325      100.00

. 
. summ ok_05 if inlf==1, meanonly

. scalar PCP1_05 = 100*r(mean)

. tab ok_05 if inlf==1

      ok_05 |      Freq.     Percent        Cum.
------------+-----------------------------------
          0 |         80       18.69       18.69
          1 |        348       81.31      100.00
------------+-----------------------------------
      Total |        428      100.00

. 
. display "PCP (t=0.5) global = " %6.2f PCP_05
PCP (t=0.5) global =  73.44

. display "PCP (t=0.5) | y=0  = " %6.2f PCP0_05
PCP (t=0.5) | y=0  =  63.08

. display "PCP (t=0.5) | y=1  = " %6.2f PCP1_05
PCP (t=0.5) | y=1  =  81.31

. 
. 
. **# Pseudo-R2
. 
. *--------------------------------------------*
. *  Pseudo-R2 de McFadden: 1 - LL_ur/LL_0
. *--------------------------------------------*
. probit inlf nwifeinc educ exper expersq age kidslt6 kidsge6

Iteration 0:  Log likelihood =  -514.8732  
Iteration 1:  Log likelihood = -402.06651  
Iteration 2:  Log likelihood = -401.30273  
Iteration 3:  Log likelihood = -401.30219  
Iteration 4:  Log likelihood = -401.30219  

Probit regression                                       Number of obs =    753
                                                        LR chi2(7)    = 227.14
                                                        Prob > chi2   = 0.0000
Log likelihood = -401.30219                             Pseudo R2     = 0.2206

------------------------------------------------------------------------------
        inlf | Coefficient  Std. err.      z    P>|z|     [95% conf. interval]
-------------+----------------------------------------------------------------
    nwifeinc |  -.0120237   .0048398    -2.48   0.013    -.0215096   -.0025378
        educ |   .1309047   .0252542     5.18   0.000     .0814074     .180402
       exper |   .1233476   .0187164     6.59   0.000     .0866641    .1600311
     expersq |  -.0018871      .0006    -3.15   0.002     -.003063   -.0007111
         age |  -.0528527   .0084772    -6.23   0.000    -.0694678   -.0362376
     kidslt6 |  -.8683285   .1185223    -7.33   0.000    -1.100628    -.636029
     kidsge6 |    .036005   .0434768     0.83   0.408     -.049208    .1212179
       _cons |   .2700768    .508593     0.53   0.595    -.7267472    1.266901
------------------------------------------------------------------------------

. scalar LL_ur = e(ll)

. 
. * Estimar modelo con solo intercepto (nula)
. quietly probit inlf

. scalar LL_0 = e(ll)

. 
. scalar R2_McF = 1 - (LL_ur/LL_0)

. 
. display "LL_ur (modelo completo) = " %10.4f LL_ur
LL_ur (modelo completo) =  -401.3022

. display "LL_0  (solo constante)  = " %10.4f LL_0
LL_0  (solo constante)  =  -514.8732

. display "Pseudo-R2 McFadden      = " %8.4f R2_McF
Pseudo-R2 McFadden      =   0.2206

. 
. 
. *--------------------------------------------------------------*
. *  R2_SSR: 1 - SSR_ur / SSR_0  con uhat = y - phat
. *--------------------------------------------------------------*
. probit inlf nwifeinc educ exper expersq age kidslt6 kidsge6

Iteration 0:  Log likelihood =  -514.8732  
Iteration 1:  Log likelihood = -402.06651  
Iteration 2:  Log likelihood = -401.30273  
Iteration 3:  Log likelihood = -401.30219  
Iteration 4:  Log likelihood = -401.30219  

Probit regression                                       Number of obs =    753
                                                        LR chi2(7)    = 227.14
                                                        Prob > chi2   = 0.0000
Log likelihood = -401.30219                             Pseudo R2     = 0.2206

------------------------------------------------------------------------------
        inlf | Coefficient  Std. err.      z    P>|z|     [95% conf. interval]
-------------+----------------------------------------------------------------
    nwifeinc |  -.0120237   .0048398    -2.48   0.013    -.0215096   -.0025378
        educ |   .1309047   .0252542     5.18   0.000     .0814074     .180402
       exper |   .1233476   .0187164     6.59   0.000     .0866641    .1600311
     expersq |  -.0018871      .0006    -3.15   0.002     -.003063   -.0007111
         age |  -.0528527   .0084772    -6.23   0.000    -.0694678   -.0362376
     kidslt6 |  -.8683285   .1185223    -7.33   0.000    -1.100628    -.636029
     kidsge6 |    .036005   .0434768     0.83   0.408     -.049208    .1212179
       _cons |   .2700768    .508593     0.53   0.595    -.7267472    1.266901
------------------------------------------------------------------------------

. 
. * SSR_ur = sum (y - phat)^2
. gen double uhat = inlf - phat

. gen double uhat2 = uhat^2

. summ uhat2, meanonly

. scalar SSR_ur = r(sum)

. 
. * SSR_0 = "suma total de cuadrados de y"
. * (para y binaria: sum (y - ybar)^2)
. summ inlf, meanonly

. scalar ybar = r(mean)

. 
. gen double ydev2 = (inlf - ybar)^2

. summ ydev2, meanonly

. scalar SSR_0 = r(sum)

. 
. scalar R2_SSR = 1 - (SSR_ur/SSR_0)

. 
. display "SSR_ur = " %10.4f SSR_ur
SSR_ur =   135.1646

. display "SSR_0  = " %10.4f SSR_0
SSR_0  =   184.7278

. display "R2_SSR = " %8.4f R2_SSR
R2_SSR =   0.2683

. 
. 
. 
. 
. 
. 
. 
. 
. 
. 
. 
. 
. 
. 
. ********************************************************************************
. ****                     Pruebas de hipotesis                                ***
. ********************************************************************************
. 
. 
. 
. /* A continuacion vamos a ver diferentes pruebas para los modelos 
>    de respuesta binaria. Son validas tanto para Probit como para Logit.
>    Vamos a replicarlas para el Logit en este caso.
> */
. 
. **# Pruebas de hipotesis sobre los coeficientes (Wald, LR, LM)
. 
. 
. 
. ** Wald (estimando el modelo no restringido)
. ** Vamos a suponer que queremos constrastar que kidslt6b y kidsge6 no forman parte de la ecuacion estructural para linf
. ** x = nwifeinc educ exper expersq age
. ** z = kidslt6 kidsge6
. ** H0) gamma=0  
. ** Q=2
. 
. logit inlf nwifeinc educ exper expersq age kidslt6 kidsge6

Iteration 0:  Log likelihood =  -514.8732  
Iteration 1:  Log likelihood = -402.38502  
Iteration 2:  Log likelihood = -401.76569  
Iteration 3:  Log likelihood = -401.76515  
Iteration 4:  Log likelihood = -401.76515  

Logistic regression                                     Number of obs =    753
                                                        LR chi2(7)    = 226.22
                                                        Prob > chi2   = 0.0000
Log likelihood = -401.76515                             Pseudo R2     = 0.2197

------------------------------------------------------------------------------
        inlf | Coefficient  Std. err.      z    P>|z|     [95% conf. interval]
-------------+----------------------------------------------------------------
    nwifeinc |  -.0213452   .0084214    -2.53   0.011    -.0378509   -.0048394
        educ |   .2211704   .0434396     5.09   0.000     .1360303    .3063105
       exper |   .2058695   .0320569     6.42   0.000     .1430391    .2686999
     expersq |  -.0031541   .0010161    -3.10   0.002    -.0051456   -.0011626
         age |  -.0880244    .014573    -6.04   0.000     -.116587   -.0594618
     kidslt6 |  -1.443354   .2035849    -7.09   0.000    -1.842373   -1.044335
     kidsge6 |   .0601122   .0747897     0.80   0.422     -.086473    .2066974
       _cons |   .4254524   .8603697     0.49   0.621    -1.260841    2.111746
------------------------------------------------------------------------------

. test kidslt6 kidsge6

 ( 1)  [inlf]kidslt6 = 0
 ( 2)  [inlf]kidsge6 = 0

           chi2(  2) =   53.54
         Prob > chi2 =    0.0000

. 
. logit inlf nwifeinc educ exper expersq age kidslt6 kidsge6, vce(robust)

Iteration 0:  Log pseudolikelihood =  -514.8732  
Iteration 1:  Log pseudolikelihood = -402.38502  
Iteration 2:  Log pseudolikelihood = -401.76569  
Iteration 3:  Log pseudolikelihood = -401.76515  
Iteration 4:  Log pseudolikelihood = -401.76515  

Logistic regression                                     Number of obs =    753
                                                        Wald chi2(7)  = 158.48
                                                        Prob > chi2   = 0.0000
Log pseudolikelihood = -401.76515                       Pseudo R2     = 0.2197

------------------------------------------------------------------------------
             |               Robust
        inlf | Coefficient  std. err.      z    P>|z|     [95% conf. interval]
-------------+----------------------------------------------------------------
    nwifeinc |  -.0213452   .0090782    -2.35   0.019     -.039138   -.0035523
        educ |   .2211704   .0444509     4.98   0.000     .1340482    .3082925
       exper |   .2058695   .0322914     6.38   0.000     .1425796    .2691594
     expersq |  -.0031541   .0010124    -3.12   0.002    -.0051384   -.0011698
         age |  -.0880244   .0144393    -6.10   0.000    -.1163248   -.0597239
     kidslt6 |  -1.443354   .2031615    -7.10   0.000    -1.841543   -1.045165
     kidsge6 |   .0601122   .0798825     0.75   0.452    -.0964546    .2166791
       _cons |   .4254524   .8597308     0.49   0.621    -1.259589    2.110494
------------------------------------------------------------------------------

. test kidslt6 kidsge6

 ( 1)  [inlf]kidslt6 = 0
 ( 2)  [inlf]kidsge6 = 0

           chi2(  2) =   54.80
         Prob > chi2 =    0.0000

. 
. /*Ese test te da el Wald χQ2 para H0: ambos coeficientes = 0.
> */
. 
. **   Tambien podriamos poner a prueba una categorica, cada una de sus dummies
. ** Usemos las variables creadas anteriormente 
. logit inlf nwifeinc educ exper expersq age kidslt6_bin kidsge6_cat

Iteration 0:  Log likelihood =  -514.8732  
Iteration 1:  Log likelihood = -407.28015  
Iteration 2:  Log likelihood = -406.48132  
Iteration 3:  Log likelihood = -406.47987  
Iteration 4:  Log likelihood = -406.47987  

Logistic regression                                     Number of obs =    753
                                                        LR chi2(7)    = 216.79
                                                        Prob > chi2   = 0.0000
Log likelihood = -406.47987                             Pseudo R2     = 0.2105

------------------------------------------------------------------------------
        inlf | Coefficient  Std. err.      z    P>|z|     [95% conf. interval]
-------------+----------------------------------------------------------------
    nwifeinc |  -.0205956   .0082694    -2.49   0.013    -.0368033   -.0043878
        educ |   .2095675   .0426544     4.91   0.000     .1259664    .2931686
       exper |   .2000093   .0320347     6.24   0.000     .1372225     .262796
     expersq |  -.0029845   .0010182    -2.93   0.003    -.0049801    -.000989
         age |  -.0827941    .014494    -5.71   0.000    -.1112018   -.0543864
 kidslt6_bin |  -1.673926   .2498322    -6.70   0.000    -2.163588   -1.184264
 kidsge6_cat |   .1041438   .0868988     1.20   0.231    -.0661748    .2744623
       _cons |   .2982482   .8641193     0.35   0.730    -1.395394    1.991891
------------------------------------------------------------------------------

. test kidsge6_cat

 ( 1)  [inlf]kidsge6_cat = 0

           chi2(  1) =    1.44
         Prob > chi2 =    0.2307

. 
. logit inlf nwifeinc educ exper expersq age kidslt6_bin kidsge6_cat

Iteration 0:  Log likelihood =  -514.8732  
Iteration 1:  Log likelihood = -407.28015  
Iteration 2:  Log likelihood = -406.48132  
Iteration 3:  Log likelihood = -406.47987  
Iteration 4:  Log likelihood = -406.47987  

Logistic regression                                     Number of obs =    753
                                                        LR chi2(7)    = 216.79
                                                        Prob > chi2   = 0.0000
Log likelihood = -406.47987                             Pseudo R2     = 0.2105

------------------------------------------------------------------------------
        inlf | Coefficient  Std. err.      z    P>|z|     [95% conf. interval]
-------------+----------------------------------------------------------------
    nwifeinc |  -.0205956   .0082694    -2.49   0.013    -.0368033   -.0043878
        educ |   .2095675   .0426544     4.91   0.000     .1259664    .2931686
       exper |   .2000093   .0320347     6.24   0.000     .1372225     .262796
     expersq |  -.0029845   .0010182    -2.93   0.003    -.0049801    -.000989
         age |  -.0827941    .014494    -5.71   0.000    -.1112018   -.0543864
 kidslt6_bin |  -1.673926   .2498322    -6.70   0.000    -2.163588   -1.184264
 kidsge6_cat |   .1041438   .0868988     1.20   0.231    -.0661748    .2744623
       _cons |   .2982482   .8641193     0.35   0.730    -1.395394    1.991891
------------------------------------------------------------------------------

. test kidslt6_bin kidsge6_cat

 ( 1)  [inlf]kidslt6_bin = 0
 ( 2)  [inlf]kidsge6_cat = 0

           chi2(  2) =   48.98
         Prob > chi2 =    0.0000

. 
. **   Tambien podriamos poner a prueba formas funcionales
. logit inlf nwifeinc educ exper expersq age kidslt6 kidsge6

Iteration 0:  Log likelihood =  -514.8732  
Iteration 1:  Log likelihood = -402.38502  
Iteration 2:  Log likelihood = -401.76569  
Iteration 3:  Log likelihood = -401.76515  
Iteration 4:  Log likelihood = -401.76515  

Logistic regression                                     Number of obs =    753
                                                        LR chi2(7)    = 226.22
                                                        Prob > chi2   = 0.0000
Log likelihood = -401.76515                             Pseudo R2     = 0.2197

------------------------------------------------------------------------------
        inlf | Coefficient  Std. err.      z    P>|z|     [95% conf. interval]
-------------+----------------------------------------------------------------
    nwifeinc |  -.0213452   .0084214    -2.53   0.011    -.0378509   -.0048394
        educ |   .2211704   .0434396     5.09   0.000     .1360303    .3063105
       exper |   .2058695   .0320569     6.42   0.000     .1430391    .2686999
     expersq |  -.0031541   .0010161    -3.10   0.002    -.0051456   -.0011626
         age |  -.0880244    .014573    -6.04   0.000     -.116587   -.0594618
     kidslt6 |  -1.443354   .2035849    -7.09   0.000    -1.842373   -1.044335
     kidsge6 |   .0601122   .0747897     0.80   0.422     -.086473    .2066974
       _cons |   .4254524   .8603697     0.49   0.621    -1.260841    2.111746
------------------------------------------------------------------------------

. test expersq

 ( 1)  [inlf]expersq = 0

           chi2(  1) =    9.64
         Prob > chi2 =    0.0019

. 
. 
. ** LR (comparando no restringido vs restringido)
. 
. ** Importante: para que lrtest sea válido y Stata lo permita, estimar ambos con MV estándar, sin opcion robusta para la varianza.
. ** volvamos al caso donde ponemos a prueba a kidslt6 kidsge6
. 
. logit inlf nwifeinc educ exper expersq age

Iteration 0:  Log likelihood =  -514.8732  
Iteration 1:  Log likelihood = -433.23398  
Iteration 2:  Log likelihood = -432.77698  
Iteration 3:  Log likelihood = -432.77639  
Iteration 4:  Log likelihood = -432.77639  

Logistic regression                                     Number of obs =    753
                                                        LR chi2(5)    = 164.19
                                                        Prob > chi2   = 0.0000
Log likelihood = -432.77639                             Pseudo R2     = 0.1595

------------------------------------------------------------------------------
        inlf | Coefficient  Std. err.      z    P>|z|     [95% conf. interval]
-------------+----------------------------------------------------------------
    nwifeinc |   -.019565   .0078045    -2.51   0.012    -.0348616   -.0042684
        educ |   .1796119   .0410154     4.38   0.000     .0992232    .2600006
       exper |   .2062419    .030682     6.72   0.000     .1461062    .2663776
     expersq |  -.0033556   .0009911    -3.39   0.001    -.0052981   -.0014131
         age |  -.0475556   .0114907    -4.14   0.000     -.070077   -.0250343
       _cons |  -1.064353    .693538    -1.53   0.125    -2.423663    .2949563
------------------------------------------------------------------------------

. estimates store R

. 
. logit inlf nwifeinc educ exper expersq age kidslt6 kidsge6

Iteration 0:  Log likelihood =  -514.8732  
Iteration 1:  Log likelihood = -402.38502  
Iteration 2:  Log likelihood = -401.76569  
Iteration 3:  Log likelihood = -401.76515  
Iteration 4:  Log likelihood = -401.76515  

Logistic regression                                     Number of obs =    753
                                                        LR chi2(7)    = 226.22
                                                        Prob > chi2   = 0.0000
Log likelihood = -401.76515                             Pseudo R2     = 0.2197

------------------------------------------------------------------------------
        inlf | Coefficient  Std. err.      z    P>|z|     [95% conf. interval]
-------------+----------------------------------------------------------------
    nwifeinc |  -.0213452   .0084214    -2.53   0.011    -.0378509   -.0048394
        educ |   .2211704   .0434396     5.09   0.000     .1360303    .3063105
       exper |   .2058695   .0320569     6.42   0.000     .1430391    .2686999
     expersq |  -.0031541   .0010161    -3.10   0.002    -.0051456   -.0011626
         age |  -.0880244    .014573    -6.04   0.000     -.116587   -.0594618
     kidslt6 |  -1.443354   .2035849    -7.09   0.000    -1.842373   -1.044335
     kidsge6 |   .0601122   .0747897     0.80   0.422     -.086473    .2066974
       _cons |   .4254524   .8603697     0.49   0.621    -1.260841    2.111746
------------------------------------------------------------------------------

. estimates store UR

. 
. lrtest UR R

Likelihood-ratio test
Assumption: R nested within UR

 LR chi2(2) =  62.02
Prob > chi2 = 0.0000

. 
. /* Esto computa LR=2(Lur−Lr) ∼ χQ2  Q=2 */
. 
. 
. ** LM   (Score vía regresión auxiliar (15.22))
. ** Acá solo estimás el modelo restringido (sin kidslt6 kidsge6) y después armás la auxiliar.
. 
. * a) estimo modelo restringido y construyo u, G, g estimados.
. logit inlf nwifeinc educ exper expersq age

Iteration 0:  Log likelihood =  -514.8732  
Iteration 1:  Log likelihood = -433.23398  
Iteration 2:  Log likelihood = -432.77698  
Iteration 3:  Log likelihood = -432.77639  
Iteration 4:  Log likelihood = -432.77639  

Logistic regression                                     Number of obs =    753
                                                        LR chi2(5)    = 164.19
                                                        Prob > chi2   = 0.0000
Log likelihood = -432.77639                             Pseudo R2     = 0.1595

------------------------------------------------------------------------------
        inlf | Coefficient  Std. err.      z    P>|z|     [95% conf. interval]
-------------+----------------------------------------------------------------
    nwifeinc |   -.019565   .0078045    -2.51   0.012    -.0348616   -.0042684
        educ |   .1796119   .0410154     4.38   0.000     .0992232    .2600006
       exper |   .2062419    .030682     6.72   0.000     .1461062    .2663776
     expersq |  -.0033556   .0009911    -3.39   0.001    -.0052981   -.0014131
         age |  -.0475556   .0114907    -4.14   0.000     -.070077   -.0250343
       _cons |  -1.064353    .693538    -1.53   0.125    -2.423663    .2949563
------------------------------------------------------------------------------

. 
. predict double phat_lm, pr                       // valores predichos = G(x'^b) = ^p

. drop uhat

. gen double uhat   = inlf - phat_lm               // residuos ^u

. gen double denom  = sqrt(phat_lm*(1 - phat_lm))   // denominador para los residuos

. 
. gen double s = uhat/denom                      // para simplificar, sera la variable dependiente transformada

. 
. ** Punto importante: ahora debemos calcular la funcion g(xb), que es la densidad de la funcion acumulada G(xb)
. ** En el caso logit, la funcion G debe derivarse y asi obtenemos la funcion de densidad estandar logistica.
. ** Podemos optar por hacer esto explicitamente y evaluarlo en x'^b, donde ^b son los coeficientes estimados de la regresion anterior, restringida.
. ** Pero cuando tenemos la funcion logistica uno puede demostrar un resultado que simplifica las cuentas muchisimo:
. 
. /* -------------------------------------------------------------------------
> LM en logit
> 
> En la teoría, g(·) se define como la derivada de G(·) respecto del índice:
>     G(x'b) = P(y=1 | x)    
>     g(x'b) = dG(x'b)/dx'b
> 
> En LOGIT, G es la CDF logística:
>     G(x'b) = Λ(x'b) = exp(x'b) / (1 + exp(x'b))
> 
> Su derivada (la "densidad logística" evaluada en x'b) es:
>     g(x'b) = Λ'(x'b) = exp(x'b) / (1 + exp(x'b))^2
> 
> Pero existe la identidad:
>     Λ'(x'b) = Λ(x'b) * [1 - Λ(x'b)]
> 
> Demostración rápida:
>     Λ(η)[1-Λ(η)] = [exp(η)/(1+exp(η))] * [1 - exp(η)/(1+exp(η))] = 
>                        [exp(η)/(1+exp(η))] * [1/(1+exp(η))] =
>                   = exp(η)/(1+exp(η))^2
>     Λ(η)[1-Λ(η)]  = Λ'(η)
> 
> Esto NO "reemplaza" la densidad por otra cosa: es exactamente la misma
> densidad logística, solo expresada en función de la probabilidad estimada.
> Por eso el LM en logit queda especialmente simple de implementar.
> ------------------------------------------------------------------------- */
. 
. ** entonces:
. gen double ghat = phat_lm*(1 - phat_lm)        // g = G(1-G) (solo valido en logit)

. gen double w_lm = ghat/denom                 // denominador para las variables x y z

. 
. * b)  Armar regresores ponderados y correr la auxiliar sin constante
. 
. * Incluyo el "intercepto" de la auxiliar como wcons = w (porque el intercepto en x se vuelve una columna que varía con wi): 
. 
. gen double wcons = w_lm

. 
. gen double w_nwifeinc = w_lm*nwifeinc

. gen double w_educ     = w_lm*educ

. gen double w_exper    = w_lm*exper

. gen double w_expersq  = w_lm*expersq

. gen double w_age      = w_lm*age

. 
. gen double w_kidslt6  = w_lm*kidslt6

. gen double w_kidsge6  = w_lm*kidsge6

. 
. regress s wcons w_nwifeinc w_educ w_exper w_expersq w_age w_kidslt6 w_kidsge6, nocons 

      Source |       SS           df       MS      Number of obs   =       753
-------------+----------------------------------   F(8, 745)       =      8.12
       Model |  60.4530759         8  7.55663448   Prob > F        =    0.0000
    Residual |  693.387446       745  .930721404   R-squared       =    0.0802
-------------+----------------------------------   Adj R-squared   =    0.0703
       Total |  753.840522       753  1.00111623   Root MSE        =    .96474

------------------------------------------------------------------------------
           s | Coefficient  Std. err.      t    P>|t|     [95% conf. interval]
-------------+----------------------------------------------------------------
       wcons |   1.509424   .7881463     1.92   0.056    -.0378282    3.056676
  w_nwifeinc |   .0023726   .0075398     0.31   0.753    -.0124292    .0171744
      w_educ |   .0168089   .0397649     0.42   0.673    -.0612558    .0948735
     w_exper |  -.0190643   .0298188    -0.64   0.523    -.0776031    .0394745
   w_expersq |   .0006478   .0009597     0.68   0.500    -.0012362    .0025319
       w_age |  -.0341564    .012843    -2.66   0.008    -.0593692   -.0089435
   w_kidslt6 |  -1.333839    .170154    -7.84   0.000    -1.667878   -.9998011
   w_kidsge6 |   .0668433   .0672644     0.99   0.321     -.065207    .1988935
------------------------------------------------------------------------------

. 
. * c) LM = ESS (y variante NR2 no centrado)
. 
. scalar LM_ESS  = e(mss)

. scalar LM_NR2  = e(N)*e(r2)

. 
. display "LM (ESS)  = " LM_ESS
LM (ESS)  = 60.453076

. display "LM (N*R2) = " LM_NR2
LM (N*R2) = 60.385671

. 
. display "p-value (df=2) usando ESS:  " chi2tail(2, LM_ESS)
p-value (df=2) usando ESS:  7.461e-14

. display "p-value (df=2) usando N*R2: " chi2tail(2, LM_NR2)
p-value (df=2) usando N*R2: 7.716e-14

. 
. 
. 
. *----------------------- LM: alternativa: pedir explicitamente la densidad g(xb) del logit ---------------------------------------
. 
. /* ------------------------------------------------------------
> LM (alternativa explícita): ghat como densidad logística en xb
> Bajo H0 (modelo restringido): logit con x solamente.
> Luego:
>   Ghat_i = phat_i = Λ(xb_i)
>   Su derivada (la "densidad logística" evaluada en x'b) es:
>     g(x'b) = Λ'(x'b) = exp(x'b) / (1 + exp(x'b))^2
> ------------------------------------------------------------ */
. drop uhat phat_lm denom s ghat w_lm wcons w_nwifeinc w_exper w_expersq w_kidslt6 w_kidsge6 w_age w_educ

. 
. * 1) Modelo restringido (H0: excluís el bloque z)
. logit inlf nwifeinc educ exper expersq age

Iteration 0:  Log likelihood =  -514.8732  
Iteration 1:  Log likelihood = -433.23398  
Iteration 2:  Log likelihood = -432.77698  
Iteration 3:  Log likelihood = -432.77639  
Iteration 4:  Log likelihood = -432.77639  

Logistic regression                                     Number of obs =    753
                                                        LR chi2(5)    = 164.19
                                                        Prob > chi2   = 0.0000
Log likelihood = -432.77639                             Pseudo R2     = 0.1595

------------------------------------------------------------------------------
        inlf | Coefficient  Std. err.      z    P>|z|     [95% conf. interval]
-------------+----------------------------------------------------------------
    nwifeinc |   -.019565   .0078045    -2.51   0.012    -.0348616   -.0042684
        educ |   .1796119   .0410154     4.38   0.000     .0992232    .2600006
       exper |   .2062419    .030682     6.72   0.000     .1461062    .2663776
     expersq |  -.0033556   .0009911    -3.39   0.001    -.0052981   -.0014131
         age |  -.0475556   .0114907    -4.14   0.000     -.070077   -.0250343
       _cons |  -1.064353    .693538    -1.53   0.125    -2.423663    .2949563
------------------------------------------------------------------------------

. * 2) Predicciones bajo H0
. predict double phat_lm, pr      // Ghat_i = Λ(xb_i)

. predict double xb, xb        // xb_i = x_i' b_hat  (índice bajo H0)

. 
. * 3) Residuo y estandarización
. gen double uhat  = inlf - phat_lm

. gen double denom = sqrt(phat_lm*(1 - phat_lm))

. gen double s     = uhat/denom                 // residuos estandarizados (transformados)

. 
. * 4) ghat explícito: densidad logística evaluada en xb
. gen double exb   = exp(xb)

. gen double ghat  = exb/((1 + exb)^2)

. 
. 
. * 5) Peso de regresores auxiliares: ghat / sqrt(Ghat*(1-Ghat))
. gen double w_lm = ghat/denom

. 
. * 6) Construir regresores ponderados (incluye intercepto como wcons = w)
. gen double wcons = w_lm

. 
. gen double w_nwifeinc = w_lm*nwifeinc

. gen double w_educ     = w_lm*educ

. gen double w_exper    = w_lm*exper

. gen double w_expersq  = w_lm*expersq

. gen double w_age      = w_lm*age

. 
. * Bloque z (restricciones H0: coeficientes=0)
. gen double w_kidslt6  = w_lm*kidslt6

. gen double w_kidsge6  = w_lm*kidsge6

. 
. * 7) Regresión auxiliar LM (sin constante)
. regress s wcons w_nwifeinc w_educ w_exper w_expersq w_age w_kidslt6 w_kidsge6, nocons

      Source |       SS           df       MS      Number of obs   =       753
-------------+----------------------------------   F(8, 745)       =      8.12
       Model |  60.4530759         8  7.55663448   Prob > F        =    0.0000
    Residual |  693.387446       745  .930721404   R-squared       =    0.0802
-------------+----------------------------------   Adj R-squared   =    0.0703
       Total |  753.840522       753  1.00111623   Root MSE        =    .96474

------------------------------------------------------------------------------
           s | Coefficient  Std. err.      t    P>|t|     [95% conf. interval]
-------------+----------------------------------------------------------------
       wcons |   1.509424   .7881463     1.92   0.056    -.0378282    3.056676
  w_nwifeinc |   .0023726   .0075398     0.31   0.753    -.0124292    .0171744
      w_educ |   .0168089   .0397649     0.42   0.673    -.0612558    .0948735
     w_exper |  -.0190643   .0298188    -0.64   0.523    -.0776031    .0394745
   w_expersq |   .0006478   .0009597     0.68   0.500    -.0012362    .0025319
       w_age |  -.0341564    .012843    -2.66   0.008    -.0593692   -.0089435
   w_kidslt6 |  -1.333839    .170154    -7.84   0.000    -1.667878   -.9998011
   w_kidsge6 |   .0668433   .0672644     0.99   0.321     -.065207    .1988935
------------------------------------------------------------------------------

. 
. * 8) Estadístico LM: ESS (y variante NR2)
. scalar LM_ESS = e(mss)

. scalar LM_NR2 = e(N)*e(r2)

. 
. display "LM (ESS)  = " LM_ESS
LM (ESS)  = 60.453076

. display "LM (N*R2) = " LM_NR2
LM (N*R2) = 60.385671

. 
. * p-values (Q = #restricciones = 2)
. display "p-value (df=2) usando ESS:  " chi2tail(2, LM_ESS)
p-value (df=2) usando ESS:  7.461e-14

. display "p-value (df=2) usando N*R2: " chi2tail(2, LM_NR2)
p-value (df=2) usando N*R2: 7.716e-14

. 
. 
. ** Take Aeway: 
. /*           Wald: más cómodo si el modelo "no restringido" se estima fácil. Permite estimarse bajo varianza robusta.
>              LR: muy estándar, pero exige estimar ambos y no usar robust/cluster. (El menos ventajoso de los tres)
>                          LM: útil si el modelo "no restringido" es pesado (muchos z), porque estimás solo bajo H0 (solo para x). Ventaja computacional.
>                          LM: si usas logit se puede pedir tanto la densidad explicitamente evaluada en x^b, como tambien usar el resultado discutido.
>                              si usas probit debemos pedir la densidad explicitamente, pero la densidad en ese caso es la de la normal estandar, tambien evaluada en
>  x^b
> */
. 
. 
. ********************************************************************************
. ******               LM para heterocedasticidad                          *******
. ********************************************************************************
. 
. 
. **# Prueba LM para la heterocedasticidad en variable latente: caso probit
. 
. /* El modelo probit  parten de un modelo de variable latente, donde e es el error para dicho modelo latente.
>    Este error, e, se asume que sigue una distribucion condicial en X como N(0,1), es decir, una normal estandar.
>    En particular, la varianza es unitaria, y no depende de X. 
>    ¿Que pasa si la verdadera distribucion es tal que e tiene una distribucion normal que ya no es la estandar, y, por sobre todo, 
>    depende de X? Esto es heterocedasticidad.
> */
. 
. drop uhat denom s exb ghat w_lm wcons w_nwifeinc w_educ w_exper w_expersq  w_age w_kidslt6 w_kidsge6 phat_lm xb

. ** Uso como nula el probit estándar: 
. probit inlf nwifeinc educ exper expersq age kidslt6 kidsge6

Iteration 0:  Log likelihood =  -514.8732  
Iteration 1:  Log likelihood = -402.06651  
Iteration 2:  Log likelihood = -401.30273  
Iteration 3:  Log likelihood = -401.30219  
Iteration 4:  Log likelihood = -401.30219  

Probit regression                                       Number of obs =    753
                                                        LR chi2(7)    = 227.14
                                                        Prob > chi2   = 0.0000
Log likelihood = -401.30219                             Pseudo R2     = 0.2206

------------------------------------------------------------------------------
        inlf | Coefficient  Std. err.      z    P>|z|     [95% conf. interval]
-------------+----------------------------------------------------------------
    nwifeinc |  -.0120237   .0048398    -2.48   0.013    -.0215096   -.0025378
        educ |   .1309047   .0252542     5.18   0.000     .0814074     .180402
       exper |   .1233476   .0187164     6.59   0.000     .0866641    .1600311
     expersq |  -.0018871      .0006    -3.15   0.002     -.003063   -.0007111
         age |  -.0528527   .0084772    -6.23   0.000    -.0694678   -.0362376
     kidslt6 |  -.8683285   .1185223    -7.33   0.000    -1.100628    -.636029
     kidsge6 |    .036005   .0434768     0.83   0.408     -.049208    .1212179
       _cons |   .2700768    .508593     0.53   0.595    -.7267472    1.266901
------------------------------------------------------------------------------

. ** definir x1 (las variables que "mueven" la varianza) como el subconjunto sin constante. 
. ** por ejemplo, x1 = todas las regresoras excepto la constante.
. 
. ** A) LM explícito (eq. 15.28): ESS de la regresión auxiliar
. 
. 
. *-------------------------------*
. * 0) Nula: probit homocedástico
. *-------------------------------*
. probit inlf nwifeinc educ exper expersq age kidslt6 kidsge6

Iteration 0:  Log likelihood =  -514.8732  
Iteration 1:  Log likelihood = -402.06651  
Iteration 2:  Log likelihood = -401.30273  
Iteration 3:  Log likelihood = -401.30219  
Iteration 4:  Log likelihood = -401.30219  

Probit regression                                       Number of obs =    753
                                                        LR chi2(7)    = 227.14
                                                        Prob > chi2   = 0.0000
Log likelihood = -401.30219                             Pseudo R2     = 0.2206

------------------------------------------------------------------------------
        inlf | Coefficient  Std. err.      z    P>|z|     [95% conf. interval]
-------------+----------------------------------------------------------------
    nwifeinc |  -.0120237   .0048398    -2.48   0.013    -.0215096   -.0025378
        educ |   .1309047   .0252542     5.18   0.000     .0814074     .180402
       exper |   .1233476   .0187164     6.59   0.000     .0866641    .1600311
     expersq |  -.0018871      .0006    -3.15   0.002     -.003063   -.0007111
         age |  -.0528527   .0084772    -6.23   0.000    -.0694678   -.0362376
     kidslt6 |  -.8683285   .1185223    -7.33   0.000    -1.100628    -.636029
     kidsge6 |    .036005   .0434768     0.83   0.408     -.049208    .1212179
       _cons |   .2700768    .508593     0.53   0.595    -.7267472    1.266901
------------------------------------------------------------------------------

. 
. * Índice bajo H0: xb = x^b
. predict double xb, xb

. 
. * Probabilidad bajo H0: Fhat = Φ(xb)
. predict double Fhat, pr

. 
. * Densidad normal: fhat = φ(xb)
. gen double fhat = normalden(xb)

. 
. * Residuo tipo Bernoulli: uhat = y - Fhat
. gen double uhat = inlf - Fhat

. 
. * Estandarización: denom = sqrt(Fhat*(1-Fhat))
. gen double denom = sqrt(Fhat*(1 - Fhat))

. 
. * LHS auxiliar: s = uhat / denom
. gen double s = uhat/denom

. 
. 
. *----------------------------------------------*
. * 1) Bloque β: (fhat/denom) * x   (incluye 1)
. *----------------------------------------------*
. gen double wB0 = fhat/denom          // corresponde al intercepto ponderado

. 
. gen double wB_nwifeinc = wB0*nwifeinc

. gen double wB_educ     = wB0*educ

. gen double wB_exper    = wB0*exper

. gen double wB_expersq  = wB0*expersq

. gen double wB_age      = wB0*age

. gen double wB_kidslt6  = wB0*kidslt6

. gen double wB_kidsge6  = wB0*kidsge6

. 
. *------------------------------------------------------*
. * 2) Bloque δ: (xb*fhat/denom) * x1   (x1 sin constante) 
. * este es el termino nuevo que aparece ahora, que es el gradiente de m() respecto de delta para el caso probit.
. * notar que fhat es la densidad normal estandar evaluada x^b. 
. * necesitamos ademas el indice, y luego ponderar por el peso.
. * si aplicamos lo anterior a cada variable ya luego podremos correr la regresion.
. 
. *------------------------------------------------------*
. gen double wD0 = xb*fhat/denom

. 
. *  ELECCIÓN DE x1 (K1 variables, sin constante) 
. gen double wD_nwifeinc = wD0*nwifeinc

. gen double wD_educ     = wD0*educ

. gen double wD_exper    = wD0*exper

. gen double wD_expersq  = wD0*expersq

. gen double wD_age      = wD0*age

. gen double wD_kidslt6  = wD0*kidslt6

. gen double wD_kidsge6  = wD0*kidsge6

. 
. *--------------------------------------------------*
. * 3) Regresión auxiliar (15.28): como constante uso wB0
. *--------------------------------------------------*
. regress s  wB0 wB_nwifeinc wB_educ wB_exper wB_expersq wB_age wB_kidslt6 wB_kidsge6 ///
>     wD_nwifeinc wD_educ wD_exper wD_expersq wD_age wD_kidslt6 wD_kidsge6, nocons

      Source |       SS           df       MS      Number of obs   =       753
-------------+----------------------------------   F(15, 738)      =      0.60
       Model |  8.86334023        15  .590889349   Prob > F        =    0.8747
    Residual |  724.365625       738  .981525238   R-squared       =    0.0121
-------------+----------------------------------   Adj R-squared   =   -0.0080
       Total |  733.228966       753  .973743646   Root MSE        =    .99072

------------------------------------------------------------------------------
           s | Coefficient  Std. err.      t    P>|t|     [95% conf. interval]
-------------+----------------------------------------------------------------
         wB0 |  -.0738229   .5166522    -0.14   0.886    -1.088106    .9404603
 wB_nwifeinc |  -.0035046   .0104837    -0.33   0.738     -.024086    .0170767
     wB_educ |   .0270088   .1061439     0.25   0.799    -.1813711    .2353887
    wB_exper |   .0354506   .0943429     0.38   0.707    -.1497619    .2206631
  wB_expersq |  -.0005988   .0016032    -0.37   0.709    -.0037461    .0025486
      wB_age |  -.0105792   .0386897    -0.27   0.785    -.0865341    .0653758
  wB_kidslt6 |  -.2199955   .6542038    -0.34   0.737    -1.504318    1.064327
  wB_kidsge6 |   .0353847   .0568653     0.62   0.534    -.0762523    .1470217
 wD_nwifeinc |  -.0103352    .006659    -1.55   0.121     -.023408    .0027377
     wD_educ |   .0550177   .0347353     1.58   0.114    -.0131741    .1232096
    wD_exper |  -.0047132   .0310515    -0.15   0.879    -.0656731    .0562467
  wD_expersq |    .000106   .0011356     0.09   0.926    -.0021234    .0023353
      wD_age |  -.0126024   .0122243    -1.03   0.303    -.0366009    .0113961
  wD_kidslt6 |  -.0974768   .1804497    -0.54   0.589    -.4517326     .256779
  wD_kidsge6 |  -.1081018   .0615193    -1.76   0.079    -.2288754    .0126719
------------------------------------------------------------------------------

. 
. * LM = ESS (y variante N*R2 no centrado)
. scalar LM_ESS = e(mss)

. scalar LM_NR2 = e(N)*e(r2)

. 
. display "LM (ESS)  = " LM_ESS
LM (ESS)  = 8.8633402

. display "LM (N*R2) = " LM_NR2
LM (N*R2) = 9.1023343

. 
. * Grados de libertad = K1 (dimensión de x1)
. * En la opción amplia de arriba: K1 = 7
. display "p-value (df=7) usando ESS:  " chi2tail(7, LM_ESS)
p-value (df=7) usando ESS:  .2626172

. display "p-value (df=7) usando N*R2: " chi2tail(7, LM_NR2)
p-value (df=7) usando N*R2: .24539215

. 
.  
.         
. ** B) Variante LM con 1 g.l. (regresor basado en (x^b)^2)
. 
. * Regresor único (1 df)
. gen double wD1 = (xb^2)*fhat/denom

. 
. regress s ///
>     wB0 wB_nwifeinc wB_educ wB_exper wB_expersq wB_age wB_kidslt6 wB_kidsge6 ///
>     wD1, nocons

      Source |       SS           df       MS      Number of obs   =       753
-------------+----------------------------------   F(9, 744)       =      0.32
       Model |  2.79720373         9  .310800415   Prob > F        =    0.9697
    Residual |  730.431762       744  .981763121   R-squared       =    0.0038
-------------+----------------------------------   Adj R-squared   =   -0.0082
       Total |  733.228966       753  .973743646   Root MSE        =    .99084

------------------------------------------------------------------------------
           s | Coefficient  Std. err.      t    P>|t|     [95% conf. interval]
-------------+----------------------------------------------------------------
         wB0 |  -.1032696   .5071418    -0.20   0.839    -1.098869    .8923297
 wB_nwifeinc |   .0004283   .0049006     0.09   0.930    -.0091923    .0100489
     wB_educ |  -.0048305    .025329    -0.19   0.849    -.0545554    .0448944
    wB_exper |  -.0006227   .0185909    -0.03   0.973    -.0371195    .0358741
  wB_expersq |  -.0000786   .0005963    -0.13   0.895    -.0012491     .001092
      wB_age |   .0022512   .0084906     0.27   0.791    -.0144171    .0189195
  wB_kidslt6 |   .0177475   .1177679     0.15   0.880    -.2134494    .2489445
  wB_kidsge6 |   .0020673   .0436454     0.05   0.962    -.0836155    .0877501
         wD1 |   .1414773   .0838162     1.69   0.092    -.0230671    .3060216
------------------------------------------------------------------------------

. 
. scalar LM1_ESS = e(mss)

. scalar LM1_NR2 = e(N)*e(r2)

. 
. display "LM 1df (ESS)  = " LM1_ESS
LM 1df (ESS)  = 2.7972037

. display "LM 1df (N*R2) = " LM1_NR2
LM 1df (N*R2) = 2.8726285

. 
. display "p-value (df=1) ESS:  " chi2tail(1, LM1_ESS)
p-value (df=1) ESS:  .09442886

. display "p-value (df=1) NR2:  " chi2tail(1, LM1_NR2)
p-value (df=1) NR2:  .09009761

. 
. **# Prueba VAT
. 
. **C) VAT (Variable Addition Test): alternativa práctica al score test
. **La idea: crear variables (xb)x1 (usando el xb del probit nulo) y correr un probit auxiliar, luego testear ese bloque con un Wald.
. 
. * xb ya lo tenés del probit nulo
. 
. gen double add_nwifeinc = xb*nwifeinc

. gen double add_educ     = xb*educ

. gen double add_exper    = xb*exper

. gen double add_expersq  = xb*expersq

. gen double add_age      = xb*age

. gen double add_kidslt6  = xb*kidslt6

. gen double add_kidsge6  = xb*kidsge6

. 
. probit inlf nwifeinc educ exper expersq age kidslt6 kidsge6 ///
>     add_nwifeinc add_educ add_exper add_expersq add_age add_kidslt6 add_kidsge6

Iteration 0:  Log likelihood =  -514.8732  
Iteration 1:  Log likelihood =  -398.8513  
Iteration 2:  Log likelihood = -397.33023  
Iteration 3:  Log likelihood = -397.32439  
Iteration 4:  Log likelihood = -397.32439  

Probit regression                                       Number of obs =    753
                                                        LR chi2(14)   = 235.10
                                                        Prob > chi2   = 0.0000
Log likelihood = -397.32439                             Pseudo R2     = 0.2283

------------------------------------------------------------------------------
        inlf | Coefficient  Std. err.      z    P>|z|     [95% conf. interval]
-------------+----------------------------------------------------------------
    nwifeinc |  -.0175223   .0106465    -1.65   0.100    -.0383891    .0033445
        educ |   .1726942   .1073133     1.61   0.108     -.037636    .3830244
       exper |   .1670074   .0967642     1.73   0.084    -.0226469    .3566617
     expersq |  -.0026322   .0016332    -1.61   0.107    -.0058332    .0005687
         age |  -.0675334   .0400954    -1.68   0.092     -.146119    .0110522
     kidslt6 |  -1.161222   .6721891    -1.73   0.084    -2.478688    .1562446
     kidsge6 |   .0680739   .0560542     1.21   0.225    -.0417904    .1779381
add_nwifeinc |    -.00744     .00568    -1.31   0.190    -.0185725    .0036926
    add_educ |   .0461678   .0333542     1.38   0.166    -.0192052    .1115407
   add_exper |  -.0061639   .0308025    -0.20   0.841    -.0665356    .0542078
 add_expersq |    .000146    .001127     0.13   0.897    -.0020628    .0023548
     add_age |  -.0123397   .0124124    -0.99   0.320    -.0366676    .0119881
 add_kidslt6 |  -.1008085   .1662542    -0.61   0.544    -.4266608    .2250438
 add_kidsge6 |  -.1027243   .0589716    -1.74   0.082    -.2183066    .0128579
       _cons |   .2085453    .529216     0.39   0.694     -.828699     1.24579
------------------------------------------------------------------------------

. 
. test add_nwifeinc add_educ add_exper add_expersq add_age add_kidslt6 add_kidsge6

 ( 1)  [inlf]add_nwifeinc = 0
 ( 2)  [inlf]add_educ = 0
 ( 3)  [inlf]add_exper = 0
 ( 4)  [inlf]add_expersq = 0
 ( 5)  [inlf]add_age = 0
 ( 6)  [inlf]add_kidslt6 = 0
 ( 7)  [inlf]add_kidsge6 = 0

           chi2(  7) =    8.66
         Prob > chi2 =    0.2776

. 
. * VAT con 1 g.l. (usando xb2)
. 
. gen double add1 = xb^2

. 
. probit inlf nwifeinc educ exper expersq age kidslt6 kidsge6 add1

Iteration 0:  Log likelihood =  -514.8732  
Iteration 1:  Log likelihood = -401.08795  
Iteration 2:  Log likelihood = -399.93877  
Iteration 3:  Log likelihood = -399.93613  
Iteration 4:  Log likelihood = -399.93613  

Probit regression                                       Number of obs =    753
                                                        LR chi2(8)    = 229.87
                                                        Prob > chi2   = 0.0000
Log likelihood = -399.93613                             Pseudo R2     = 0.2232

------------------------------------------------------------------------------
        inlf | Coefficient  Std. err.      z    P>|z|     [95% conf. interval]
-------------+----------------------------------------------------------------
    nwifeinc |  -.0122007   .0048041    -2.54   0.011    -.0216165   -.0027848
        educ |   .1295211   .0252409     5.13   0.000     .0800498    .1789924
       exper |   .1246753   .0187231     6.66   0.000     .0879787    .1613719
     expersq |   -.002005   .0006061    -3.31   0.001     -.003193    -.000817
         age |  -.0515078   .0085026    -6.06   0.000    -.0681726    -.034843
     kidslt6 |  -.8643518   .1162429    -7.44   0.000    -1.092184   -.6365199
     kidsge6 |   .0383773   .0436581     0.88   0.379     -.047191    .1239456
        add1 |   .1344874   .0790437     1.70   0.089    -.0204354    .2894101
       _cons |   .1686232    .514132     0.33   0.743    -.8390569    1.176303
------------------------------------------------------------------------------

. test add1

 ( 1)  [inlf]add1 = 0

           chi2(  1) =    2.89
         Prob > chi2 =    0.0889

. 
. 
. 
. ********************************************************************************
. ******    Metodo delta y bootstrap para APE                       **************
. ********************************************************************************
.  
. *==============================================================*
. * PROBIT + Efectos parciales (APE) + EE delta y bootstrap
. * Ejemplo base: inlf nwifeinc educ exper expersq age kidslt6 kidsge6
. *==============================================================*
. 
. 
. *-------------------------------*
. * 0) Estimar probit (H0 estándar)
. *-------------------------------*
. probit inlf nwifeinc educ exper expersq age kidslt6 kidsge6

Iteration 0:  Log likelihood =  -514.8732  
Iteration 1:  Log likelihood = -402.06651  
Iteration 2:  Log likelihood = -401.30273  
Iteration 3:  Log likelihood = -401.30219  
Iteration 4:  Log likelihood = -401.30219  

Probit regression                                       Number of obs =    753
                                                        LR chi2(7)    = 227.14
                                                        Prob > chi2   = 0.0000
Log likelihood = -401.30219                             Pseudo R2     = 0.2206

------------------------------------------------------------------------------
        inlf | Coefficient  Std. err.      z    P>|z|     [95% conf. interval]
-------------+----------------------------------------------------------------
    nwifeinc |  -.0120237   .0048398    -2.48   0.013    -.0215096   -.0025378
        educ |   .1309047   .0252542     5.18   0.000     .0814074     .180402
       exper |   .1233476   .0187164     6.59   0.000     .0866641    .1600311
     expersq |  -.0018871      .0006    -3.15   0.002     -.003063   -.0007111
         age |  -.0528527   .0084772    -6.23   0.000    -.0694678   -.0362376
     kidslt6 |  -.8683285   .1185223    -7.33   0.000    -1.100628    -.636029
     kidsge6 |    .036005   .0434768     0.83   0.408     -.049208    .1212179
       _cons |   .2700768    .508593     0.53   0.595    -.7267472    1.266901
------------------------------------------------------------------------------

. *drop xb 
. 
. **# Error estandar de ATE: Metodo delta
. 
. 
. * APE y EE delta "oficial" (Stata)
. margins, dydx(age)

Average marginal effects                                   Number of obs = 753
Model VCE: OIM

Expression: Pr(inlf), predict()
dy/dx wrt:  age

------------------------------------------------------------------------------
             |            Delta-method
             |      dy/dx   std. err.      z    P>|z|     [95% conf. interval]
-------------+----------------------------------------------------------------
         age |  -.0158957   .0023587    -6.74   0.000    -.0205186   -.0112728
------------------------------------------------------------------------------

. * 0023587 
. 
. * Preparar insumos para Mata
. tempvar touse

. gen byte `touse' = e(sample)

. 
. matrix b = e(b)

. matrix V = e(V)

. 
. local xvars "nwifeinc educ exper expersq age kidslt6 kidsge6"

. local k_age = colnumb(b,"age")

. 
. mata:
------------------------------------------------- mata (type end to exit) -------------------------------------------------------------------------------------------
:     // 1) traer b y V
:     b = st_matrix("b")'              // p x 1

:     V = st_matrix("V")               // p x p

: 
:     // 2) traer X (sin constante) en el mismo orden que xvars
:     X = st_data(., tokens(st_local("xvars")), st_local("touse"))

:     N = rows(X)

: 
:     // 3) agregar constante al final (porque _cons está al final en e(b))
:     X = X, J(N,1,1)

: 
:     // 4) objetos del APE continuo: APE = b_k * mean(phi(xb))
:     xb  = X*b

:     phi = normalden(xb)

:     a   = mean(phi)

: 
:     // 5) derivada de phi: phi'(t) = -t*phi(t)
:     phip = -xb :* phi

: 
:     // 6) da/db = mean_i[ phi'(xb_i) * x_i ]
:     da = (X' * phip) / N

: 
:     // 7) gradiente total: grad = a*e_k + b_k*da
:     k  = strtoreal(st_local("k_age"))

:     bk = b[k]

: 
:     grad = bk*da

:     grad[k] = grad[k] + a

: 
:     ape = bk*a

:     se  = sqrt( grad' * V * grad )

: 
:     st_numscalar("APE_age_man", ape)

:     st_numscalar("SE_age_man",  se)

: end
---------------------------------------------------------------------------------------------------------------------------------------------------------------------

. 
. display "APE(age) manual (punto) = " %10.7f scalar(APE_age_man)
APE(age) manual (punto) = -0.0158957

. display "SE delta manual         = " %10.7f scalar(SE_age_man)
SE delta manual         =  0.0023587

. 
. 
. 
. * ---------- DELTA MANUAL (APE discreta) ----------
. 
. 
. probit inlf nwifeinc educ exper expersq age kidslt6 kidsge6

Iteration 0:  Log likelihood =  -514.8732  
Iteration 1:  Log likelihood = -402.06651  
Iteration 2:  Log likelihood = -401.30273  
Iteration 3:  Log likelihood = -401.30219  
Iteration 4:  Log likelihood = -401.30219  

Probit regression                                       Number of obs =    753
                                                        LR chi2(7)    = 227.14
                                                        Prob > chi2   = 0.0000
Log likelihood = -401.30219                             Pseudo R2     = 0.2206

------------------------------------------------------------------------------
        inlf | Coefficient  Std. err.      z    P>|z|     [95% conf. interval]
-------------+----------------------------------------------------------------
    nwifeinc |  -.0120237   .0048398    -2.48   0.013    -.0215096   -.0025378
        educ |   .1309047   .0252542     5.18   0.000     .0814074     .180402
       exper |   .1233476   .0187164     6.59   0.000     .0866641    .1600311
     expersq |  -.0018871      .0006    -3.15   0.002     -.003063   -.0007111
         age |  -.0528527   .0084772    -6.23   0.000    -.0694678   -.0362376
     kidslt6 |  -.8683285   .1185223    -7.33   0.000    -1.100628    -.636029
     kidsge6 |    .036005   .0434768     0.83   0.408     -.049208    .1212179
       _cons |   .2700768    .508593     0.53   0.595    -.7267472    1.266901
------------------------------------------------------------------------------

. estimates store PROBIT0

. 
. * APE discreta y EE delta "oficial" (para comparar)
. margins, at(kidslt6=(0 1)) post

Predictive margins                                         Number of obs = 753
Model VCE: OIM

Expression: Pr(inlf), predict()
1._at: kidslt6 = 0
2._at: kidslt6 = 1

------------------------------------------------------------------------------
             |            Delta-method
             |     Margin   std. err.      z    P>|z|     [95% conf. interval]
-------------+----------------------------------------------------------------
         _at |
          1  |   .6356769   .0171786    37.00   0.000     .6020075    .6693462
          2  |   .3637312   .0306643    11.86   0.000     .3036303    .4238321
------------------------------------------------------------------------------

. lincom _b[2._at] - _b[1._at]

 ( 1)  - 1bn._at + 2._at = 0

------------------------------------------------------------------------------
             | Coefficient  Std. err.      z    P>|z|     [95% conf. interval]
-------------+----------------------------------------------------------------
         (1) |  -.2719457   .0344914    -7.88   0.000    -.3395476   -.2043437
------------------------------------------------------------------------------

. 
. * Volver al probit (porque margins, post pisó e(b), e(V))
. estimates restore PROBIT0
(results PROBIT0 are active now)

. 
. * ---------- DELTA MANUAL (APE discreta 0->1) ----------
. tempvar touse

. gen byte `touse' = e(sample)

. 
. matrix b = e(b)

. matrix V = e(V)

. 
. local xvars "nwifeinc educ exper expersq age kidslt6 kidsge6"

. local k = colnumb(b,"kidslt6")

. 
. mata:
------------------------------------------------- mata (type end to exit) -------------------------------------------------------------------------------------------
:     b = st_matrix("b")'

:     V = st_matrix("V")

: 
:     X = st_data(., tokens(st_local("xvars")), st_local("touse"))

:     N = rows(X)

: 
:     // agregar constante al final (_cons está al final en e(b))
:     X = X, J(N,1,1)

: 
:     k  = strtoreal(st_local("k"))

:     xk = X[,k]

:     bk = b[k]

: 
:     xb  = X*b

:     xb1 = xb + bk*(1 :- xk)     // forzar kidslt6=1 para todos

:     xb0 = xb - bk*(xk)          // forzar kidslt6=0 para todos

: 
:     p1  = normal(xb1)

:     p0  = normal(xb0)

:     ape = mean(p1 - p0)

: 
:     // gradiente: mean[ phi(xb1)*d(xb1)/db  - phi(xb0)*d(xb0)/db ]
:     phi1 = normalden(xb1)

:     phi0 = normalden(xb0)

: 
:     D1 = X

:     D0 = X

:     D1[,k] = J(N,1,1)           // en el escenario kidslt6=1

:     D0[,k] = J(N,1,0)           // en el escenario kidslt6=0

: 
:     grad = (D1' * phi1 - D0' * phi0) / N

:     se   = sqrt( grad' * V * grad )

: 
:     st_numscalar("APE_kidslt6_man", ape)

:     st_numscalar("SE_kidslt6_man",  se)

: end
---------------------------------------------------------------------------------------------------------------------------------------------------------------------

. 
. display "APE kidslt6 0->1 manual (punto) = " %10.7f scalar(APE_kidslt6_man)
APE kidslt6 0->1 manual (punto) = -0.2719457

. display "SE  delta manual                = " %10.7f scalar(SE_kidslt6_man)
SE  delta manual                =  0.0344914

. 
. 
. **# Error estandar de ATE: bootstrap
. 
. 
. **************** bootstrap ****************
. 
. * ejemplo continua age
. capture program drop ape_age

. program define ape_age, rclass
  1.     probit inlf nwifeinc educ exper expersq age kidslt6 kidsge6
  2.     margins, dydx(age)
  3.     matrix bb = r(b)
  4.     return scalar ape = bb[1,1]
  5. end

. bootstrap r(ape), reps(400) seed(12345): ape_age
(running ape_age on estimation sample)

Bootstrap replications (400): .........10.........20.........30.........40.........50.........60.........70.........80.........90.........100.........110.........120
> .........130.........140.........150.........160.........170.........180.........190.........200.........210.........220.........230.........240.........250.......
> ..260.........270.........280.........290.........300.........310.........320.........330.........340.........350.........360.........370.........380.........390..
> .......400 done

Bootstrap results                                          Number of obs = 753
                                                           Replications  = 400

      Command: ape_age
        _bs_1: r(ape)

------------------------------------------------------------------------------
             |   Observed   Bootstrap                         Normal-based
             | coefficient  std. err.      z    P>|z|     [95% conf. interval]
-------------+----------------------------------------------------------------
       _bs_1 |  -.0158957   .0022879    -6.95   0.000    -.0203799   -.0114115
------------------------------------------------------------------------------

. 
. ** en panel agregar "cluster(id)" como opcion en el bootstrap.
. 
. * ejemplo discreta kidslt6
. capture program drop ape_kidslt6

. program define ape_kidslt6, rclass
  1.     probit inlf nwifeinc educ exper expersq age kidslt6 kidsge6
  2.     margins, at(kidslt6=(0 1))
  3.     matrix bb = r(b)
  4.     return scalar ape = bb[1,2] - bb[1,1]
  5. end

. bootstrap r(ape), reps(400) seed(12345): ape_kidslt6
(running ape_kidslt6 on estimation sample)

Bootstrap replications (400): .........10.........20.........30.........40.........50.........60.........70.........80.........90.........100.........110.........120
> .........130.........140.........150.........160.........170.........180.........190.........200.........210.........220.........230.........240.........250.......
> ..260.........270.........280.........290.........300.........310.........320.........330.........340.........350.........360.........370.........380.........390..
> .......400 done

Bootstrap results                                          Number of obs = 753
                                                           Replications  = 400

      Command: ape_kidslt6
        _bs_1: r(ape)

------------------------------------------------------------------------------
             |   Observed   Bootstrap                         Normal-based
             | coefficient  std. err.      z    P>|z|     [95% conf. interval]
-------------+----------------------------------------------------------------
       _bs_1 |  -.2719457   .0352505    -7.71   0.000    -.3410354   -.2028559
------------------------------------------------------------------------------

. 
. ** en panel agregar "cluster(id)" como opcion en el bootstrap.
. 
. 
. ********************************************************************************
. ******  Bootstrap APE: continuas (dydx) + dummies (0->1) en una sola corrida  ***
. ********************************************************************************
. 
. capture program drop ape_all

. program define ape_all, rclass
  1.     probit inlf nwifeinc educ exper expersq age kidslt6 kidsge6
  2. 
.     * --- Definí acá qué tratás como continua vs dummy ---
.     local contvars "nwifeinc educ exper expersq age"
  3.     local discvars "kidslt6 kidsge6"
  4. 
.     *-------------------------------*
.     * A) APE CONTINUAS: dydx (AME/APE)
.     *-------------------------------*
.     margins, dydx(`contvars')
  5.     matrix bb = r(b)
  6. 
.     foreach v of local contvars {
  7.         return scalar ape_`v' = bb[1,"`v'"]
  8.     }
  9. 
.     *----------------------------------------*
.     * B) APE DUMMIES: cambio discreto 0 -> 1
.     *----------------------------------------*
.     foreach d of local discvars {
 10.         margins, at(`d'=(0 1))
 11.         matrix bd = r(b)
 12.         return scalar ape_`d'_01 = bd[1,2] - bd[1,1]
 13.     }
 14. end

. 
. bootstrap ///
>     r(ape_nwifeinc) r(ape_educ) r(ape_exper) r(ape_expersq) r(ape_age) ///
>     r(ape_kidslt6_01) r(ape_kidsge6_01), ///
>     reps(400) seed(12345): ape_all
(running ape_all on estimation sample)

Bootstrap replications (400): .........10.........20.........30.........40.........50.........60.........70.........80.........90.........100.........110.........120
> .........130.........140.........150.........160.........170.........180.........190.........200.........210.........220.........230.........240.........250.......
> ..260.........270.........280.........290.........300.........310.........320.........330.........340.........350.........360.........370.........380.........390..
> .......400 done

Bootstrap results                                          Number of obs = 753
                                                           Replications  = 400

      Command: ape_all
        _bs_1: r(ape_nwifeinc)
        _bs_2: r(ape_educ)
        _bs_3: r(ape_exper)
        _bs_4: r(ape_expersq)
        _bs_5: r(ape_age)
        _bs_6: r(ape_kidslt6_01)
        _bs_7: r(ape_kidsge6_01)

------------------------------------------------------------------------------
             |   Observed   Bootstrap                         Normal-based
             | coefficient  std. err.      z    P>|z|     [95% conf. interval]
-------------+----------------------------------------------------------------
       _bs_1 |  -.0036162   .0015898    -2.27   0.023    -.0067321   -.0005003
       _bs_2 |   .0393703   .0072386     5.44   0.000      .025183    .0535576
       _bs_3 |   .0370974   .0057232     6.48   0.000     .0258801    .0483148
       _bs_4 |  -.0005675   .0002037    -2.79   0.005    -.0009667   -.0001683
       _bs_5 |  -.0158957   .0022879    -6.95   0.000    -.0203799   -.0114115
       _bs_6 |  -.2719457   .0352505    -7.71   0.000    -.3410354   -.2028559
       _bs_7 |   .0108716   .0139557     0.78   0.436    -.0164811    .0382244
------------------------------------------------------------------------------

. 
. ** comparar estos errores estandar para APE por bootstrap vs los del metodo delta.
. ** los coeficientes deben ser identicos en ambos metodos.
. 
. 
. ** en panel agregar "cluster(id)" como opcion en el bootstrap.
. 
.   
.  
. 
end of do-file

. log close
      name:  <unnamed>
       log:  C:\Users\Equipo\Downloads\12_taller.log
  log type:  text
 closed on:  26 Mar 2026, 04:24:43
---------------------------------------------------------------------------------------------------------------------------------------------------------------------
