---------------------------------------------------------------------------------------------------------------------------------------------------------------------
      name:  <unnamed>
       log:  C:\Users\Equipo\Downloads\8_VI.log
  log type:  text
 opened on:  28 Mar 2026, 10:55:36

. do "C:\Users\Equipo\OneDrive\Desktop\Notebook HP NEGRA\POSGRADO\MicroEconometría Aplicada\Talleres y Prácticos\1. Talleres\TALLER 3 - VI\2_Taller mejorado\taller_V
> I_causalidad_mejorado.do"

. ******************************************************************************************************************************
. ******************************************** MICROECONOMETRIA APLICADA *******************************************************
. ******************************************************************************************************************************
. 
. *******************
. *** CURSO 2021
. *** TALLER 2
. *** VARIABLES INSTRUMENTALES
. *** ANGRIST Y KRUEGER (1991)
. *** VERSION AMPLIADA Y ORDENADA
. *******************
. 
. clear all

. set more off

. 
. *==================================================================================================*
. * 0. PAQUETES Y CONFIGURACION                                                                      *
. *==================================================================================================*
. 
. cap which ivreg2

. if _rc ssc install ivreg2

. 
. cap which ranktest

. if _rc ssc install ranktest

. 
. cap which overid

. if _rc ssc install overid

. 
. * Ajustar la ruta si hiciera falta.
. cd "C:/Users/Equipo/OneDrive/Desktop/Notebook HP NEGRA/POSGRADO/MicroEconometría Aplicada/Talleres y Prácticos/1. Talleres/Directorio común bases"
C:\Users\Equipo\OneDrive\Desktop\Notebook HP NEGRA\POSGRADO\MicroEconometría Aplicada\Talleres y Prácticos\1. Talleres\Directorio común bases

. 
. * Abrir la base
. use base_2, clear

. 
. *==================================================================================================*
. * 1. RENOMBRE, LIMPIEZA Y PREPARACION BASICA                                                       *
. *==================================================================================================*
. 
. rename v1  edad

. rename v2  edadT

. rename v4  educ

. rename v5  ENOCENT

. rename v6  ESOCENT

. rename v9  logSalSem

. rename v10 casado

. rename v11 MIDATL

. rename v12 MT

. rename v13 NEWENG

. rename v16 censo

. rename v18 TdN

. rename v19 raza

. rename v20 urbano

. rename v21 SOATL

. rename v24 WNOCENT

. rename v25 WSOCENT

. rename v27 AdN

. 
. capture drop v8

. 
. describe

Contains data from base_2.dta
 Observations:     1,063,634                  
    Variables:            26                  16 Jun 2022 17:31
---------------------------------------------------------------------------------------------------------------------------------------------------------------------
Variable      Storage   Display    Value
    name         type    format    label      Variable label
---------------------------------------------------------------------------------------------------------------------------------------------------------------------
edad            byte    %8.0g                 
edadT           float   %9.0g                 
v3              byte    %8.0g                 
educ            byte    %8.0g                 
ENOCENT         byte    %8.0g                 
ESOCENT         byte    %8.0g                 
v7              byte    %8.0g                 
logSalSem       float   %9.0g                 
casado          byte    %8.0g                 
MIDATL          byte    %8.0g                 
MT              byte    %8.0g                 
NEWENG          byte    %8.0g                 
v14             byte    %8.0g                 
v15             byte    %8.0g                 
censo           byte    %8.0g                 
v17             byte    %8.0g                 
TdN             byte    %8.0g                 
raza            byte    %8.0g                 
urbano          byte    %8.0g                 
SOATL           byte    %8.0g                 
v22             byte    %8.0g                 
v23             byte    %8.0g                 
WNOCENT         byte    %8.0g                 
WSOCENT         byte    %8.0g                 
v26             byte    %8.0g                 
AdN             int     %8.0g                 
---------------------------------------------------------------------------------------------------------------------------------------------------------------------
Sorted by: 
     Note: Dataset has changed since last saved.

. summarize

    Variable |        Obs        Mean    Std. dev.       Min        Max
-------------+---------------------------------------------------------
        edad |  1,063,634    39.93726    5.920283         30         50
       edadT |  1,063,634    1498.733     799.884      40.25       1950
          v3 |  1,063,634    1.881698    .5645637          0          3
        educ |  1,063,634    12.84031    3.270231          0         20
     ENOCENT |  1,063,634    .2021776    .4016242          0          1
-------------+---------------------------------------------------------
     ESOCENT |  1,063,634    .0637513    .2443094          0          1
          v7 |  1,063,634    15.01869    3.235566          0         22
   logSalSem |  1,063,634    5.679936    .7192516  -2.341806   11.22524
      casado |  1,063,634    .8428501    .3639422          0          1
      MIDATL |  1,063,634    .1651414    .3713083          0          1
-------------+---------------------------------------------------------
          MT |  1,063,634    .0481679     .214121          0          1
      NEWENG |  1,063,634    .0556291    .2292042          0          1
         v14 |  1,063,634    .0067918    .0821321          0          1
         v15 |  1,063,634    .1279425    .3340259          0          1
       censo |  1,063,634     77.6759    4.223691         70         80
-------------+---------------------------------------------------------
         v17 |  1,063,634    30.69755    14.75761          1         99
         TdN |  1,063,634    2.516151    1.113988          1          4
        raza |  1,063,634    .0817527    .2739878          0          1
      urbano |  1,063,634    .2128307    .4093091          0          1
       SOATL |  1,063,634    .1651884    .3713507          0          1
-------------+---------------------------------------------------------
         v22 |    899,225    28.79114    15.25393          1         56
         v23 |  1,063,634    38.55831    19.99006          0         52
     WNOCENT |  1,063,634    .0765075    .2658086          0          1
     WSOCENT |  1,063,634    .0954943    .2938966          0          1
         v26 |  1,063,634    .1515192    .3664287         -1          1
-------------+---------------------------------------------------------
         AdN |  1,063,634    478.5637    795.6642         30       1929

. 
. * Estandarizo algunas variables temporales
. tab censo

      censo |      Freq.     Percent        Cum.
------------+-----------------------------------
         70 |    247,199       23.24       23.24
         80 |    816,435       76.76      100.00
------------+-----------------------------------
      Total |  1,063,634      100.00

. tab edadT 

      edadT |      Freq.     Percent        Cum.
------------+-----------------------------------
      40.25 |      6,226        0.59        0.59
       40.5 |      6,468        0.61        1.19
      40.75 |      6,124        0.58        1.77
         41 |      5,992        0.56        2.33
      41.25 |      5,852        0.55        2.88
       41.5 |      6,365        0.60        3.48
      41.75 |      6,104        0.57        4.06
         42 |      6,293        0.59        4.65
      42.25 |      6,236        0.59        5.23
       42.5 |      6,719        0.63        5.86
      42.75 |      6,184        0.58        6.45
         43 |      6,511        0.61        7.06
      43.25 |      5,835        0.55        7.61
       43.5 |      6,448        0.61        8.21
      43.75 |      6,035        0.57        8.78
         44 |      6,113        0.57        9.36
      44.25 |      5,938        0.56        9.91
       44.5 |      6,502        0.61       10.52
      44.75 |      6,052        0.57       11.09
         45 |      6,342        0.60       11.69
      45.25 |      6,220        0.58       12.27
       45.5 |      6,616        0.62       12.90
      45.75 |      6,330        0.60       13.49
         46 |      6,382        0.60       14.09
      46.25 |      5,894        0.55       14.65
       46.5 |      6,191        0.58       15.23
      46.75 |      6,101        0.57       15.80
         47 |      6,159        0.58       16.38
      47.25 |      5,868        0.55       16.93
       47.5 |      6,418        0.60       17.54
      47.75 |      5,874        0.55       18.09
         48 |      6,104        0.57       18.66
      48.25 |      6,118        0.58       19.24
       48.5 |      6,291        0.59       19.83
      48.75 |      6,271        0.59       20.42
         49 |      6,298        0.59       21.01
      49.25 |      5,408        0.51       21.52
       49.5 |      6,070        0.57       22.09
      49.75 |      5,813        0.55       22.64
         50 |      6,434        0.60       23.24
    1930.25 |     14,520        1.37       24.61
     1930.5 |     15,225        1.43       26.04
    1930.75 |     13,635        1.28       27.32
       1931 |     14,039        1.32       28.64
    1931.25 |     14,525        1.37       30.00
     1931.5 |     15,403        1.45       31.45
    1931.75 |     13,416        1.26       32.71
       1932 |     14,348        1.35       34.06
    1932.25 |     14,291        1.34       35.41
     1932.5 |     15,662        1.47       36.88
    1932.75 |     14,914        1.40       38.28
       1933 |     15,921        1.50       39.78
    1933.25 |     16,607        1.56       41.34
     1933.5 |     15,332        1.44       42.78
    1933.75 |     11,391        1.07       43.85
       1934 |     10,792        1.01       44.87
    1934.25 |     11,104        1.04       45.91
     1934.5 |     11,787        1.11       47.02
    1934.75 |     10,720        1.01       48.03
       1935 |     10,935        1.03       49.06
    1935.25 |     11,226        1.06       50.11
     1935.5 |     11,742        1.10       51.21
    1935.75 |     10,521        0.99       52.20
       1936 |     10,898        1.02       53.23
    1936.25 |     11,150        1.05       54.28
     1936.5 |     12,155        1.14       55.42
    1936.75 |     11,284        1.06       56.48
       1937 |     11,760        1.11       57.59
    1937.25 |     12,372        1.16       58.75
     1937.5 |     11,950        1.12       59.87
    1937.75 |     10,338        0.97       60.84
       1938 |     10,358        0.97       61.82
    1938.25 |      9,590        0.90       62.72
     1938.5 |     10,314        0.97       63.69
    1938.75 |      9,150        0.86       64.55
       1939 |      9,333        0.88       65.43
    1939.25 |      9,309        0.88       66.30
     1939.5 |     10,235        0.96       67.26
    1939.75 |      9,338        0.88       68.14
       1940 |      9,336        0.88       69.02
    1940.25 |      8,839        0.83       69.85
     1940.5 |      9,683        0.91       70.76
    1940.75 |      8,583        0.81       71.57
       1941 |      8,700        0.82       72.39
    1941.25 |      8,662        0.81       73.20
     1941.5 |      9,371        0.88       74.08
    1941.75 |      8,482        0.80       74.88
       1942 |      8,708        0.82       75.70
    1942.25 |      8,374        0.79       76.49
     1942.5 |      9,226        0.87       77.35
    1942.75 |      8,182        0.77       78.12
       1943 |      8,187        0.77       78.89
    1943.25 |      7,960        0.75       79.64
     1943.5 |      8,579        0.81       80.45
    1943.75 |      7,945        0.75       81.19
       1944 |      8,192        0.77       81.96
    1944.25 |      7,984        0.75       82.71
     1944.5 |      8,792        0.83       83.54
    1944.75 |      8,002        0.75       84.29
       1945 |      7,995        0.75       85.05
    1945.25 |      8,069        0.76       85.80
     1945.5 |      8,474        0.80       86.60
    1945.75 |      7,591        0.71       87.31
       1946 |      7,782        0.73       88.05
    1946.25 |      7,643        0.72       88.76
     1946.5 |      7,718        0.73       89.49
    1946.75 |      7,572        0.71       90.20
       1947 |      7,818        0.74       90.94
    1947.25 |      7,897        0.74       91.68
     1947.5 |      8,311        0.78       92.46
    1947.75 |      7,751        0.73       93.19
       1948 |      8,252        0.78       93.97
    1948.25 |      7,327        0.69       94.65
     1948.5 |      7,980        0.75       95.40
    1948.75 |      7,634        0.72       96.12
       1949 |      7,642        0.72       96.84
    1949.25 |      8,089        0.76       97.60
     1949.5 |      8,722        0.82       98.42
    1949.75 |      8,396        0.79       99.21
       1950 |      8,395        0.79      100.00
------------+-----------------------------------
      Total |  1,063,634      100.00

. tab edadT censo

           |         censo
     edadT |        70         80 |     Total
-----------+----------------------+----------
     40.25 |     6,226          0 |     6,226 
      40.5 |     6,468          0 |     6,468 
     40.75 |     6,124          0 |     6,124 
        41 |     5,992          0 |     5,992 
     41.25 |     5,852          0 |     5,852 
      41.5 |     6,365          0 |     6,365 
     41.75 |     6,104          0 |     6,104 
        42 |     6,293          0 |     6,293 
     42.25 |     6,236          0 |     6,236 
      42.5 |     6,719          0 |     6,719 
     42.75 |     6,184          0 |     6,184 
        43 |     6,511          0 |     6,511 
     43.25 |     5,835          0 |     5,835 
      43.5 |     6,448          0 |     6,448 
     43.75 |     6,035          0 |     6,035 
        44 |     6,113          0 |     6,113 
     44.25 |     5,938          0 |     5,938 
      44.5 |     6,502          0 |     6,502 
     44.75 |     6,052          0 |     6,052 
        45 |     6,342          0 |     6,342 
     45.25 |     6,220          0 |     6,220 
      45.5 |     6,616          0 |     6,616 
     45.75 |     6,330          0 |     6,330 
        46 |     6,382          0 |     6,382 
     46.25 |     5,894          0 |     5,894 
      46.5 |     6,191          0 |     6,191 
     46.75 |     6,101          0 |     6,101 
        47 |     6,159          0 |     6,159 
     47.25 |     5,868          0 |     5,868 
      47.5 |     6,418          0 |     6,418 
     47.75 |     5,874          0 |     5,874 
        48 |     6,104          0 |     6,104 
     48.25 |     6,118          0 |     6,118 
      48.5 |     6,291          0 |     6,291 
     48.75 |     6,271          0 |     6,271 
        49 |     6,298          0 |     6,298 
     49.25 |     5,408          0 |     5,408 
      49.5 |     6,070          0 |     6,070 
     49.75 |     5,813          0 |     5,813 
        50 |     6,434          0 |     6,434 
   1930.25 |         0     14,520 |    14,520 
    1930.5 |         0     15,225 |    15,225 
   1930.75 |         0     13,635 |    13,635 
      1931 |         0     14,039 |    14,039 
   1931.25 |         0     14,525 |    14,525 
    1931.5 |         0     15,403 |    15,403 
   1931.75 |         0     13,416 |    13,416 
      1932 |         0     14,348 |    14,348 
   1932.25 |         0     14,291 |    14,291 
    1932.5 |         0     15,662 |    15,662 
   1932.75 |         0     14,914 |    14,914 
      1933 |         0     15,921 |    15,921 
   1933.25 |         0     16,607 |    16,607 
    1933.5 |         0     15,332 |    15,332 
   1933.75 |         0     11,391 |    11,391 
      1934 |         0     10,792 |    10,792 
   1934.25 |         0     11,104 |    11,104 
    1934.5 |         0     11,787 |    11,787 
   1934.75 |         0     10,720 |    10,720 
      1935 |         0     10,935 |    10,935 
   1935.25 |         0     11,226 |    11,226 
    1935.5 |         0     11,742 |    11,742 
   1935.75 |         0     10,521 |    10,521 
      1936 |         0     10,898 |    10,898 
   1936.25 |         0     11,150 |    11,150 
    1936.5 |         0     12,155 |    12,155 
   1936.75 |         0     11,284 |    11,284 
      1937 |         0     11,760 |    11,760 
   1937.25 |         0     12,372 |    12,372 
    1937.5 |         0     11,950 |    11,950 
   1937.75 |         0     10,338 |    10,338 
      1938 |         0     10,358 |    10,358 
   1938.25 |         0      9,590 |     9,590 
    1938.5 |         0     10,314 |    10,314 
   1938.75 |         0      9,150 |     9,150 
      1939 |         0      9,333 |     9,333 
   1939.25 |         0      9,309 |     9,309 
    1939.5 |         0     10,235 |    10,235 
   1939.75 |         0      9,338 |     9,338 
      1940 |         0      9,336 |     9,336 
   1940.25 |         0      8,839 |     8,839 
    1940.5 |         0      9,683 |     9,683 
   1940.75 |         0      8,583 |     8,583 
      1941 |         0      8,700 |     8,700 
   1941.25 |         0      8,662 |     8,662 
    1941.5 |         0      9,371 |     9,371 
   1941.75 |         0      8,482 |     8,482 
      1942 |         0      8,708 |     8,708 
   1942.25 |         0      8,374 |     8,374 
    1942.5 |         0      9,226 |     9,226 
   1942.75 |         0      8,182 |     8,182 
      1943 |         0      8,187 |     8,187 
   1943.25 |         0      7,960 |     7,960 
    1943.5 |         0      8,579 |     8,579 
   1943.75 |         0      7,945 |     7,945 
      1944 |         0      8,192 |     8,192 
   1944.25 |         0      7,984 |     7,984 
    1944.5 |         0      8,792 |     8,792 
   1944.75 |         0      8,002 |     8,002 
      1945 |         0      7,995 |     7,995 
   1945.25 |         0      8,069 |     8,069 
    1945.5 |         0      8,474 |     8,474 
   1945.75 |         0      7,591 |     7,591 
      1946 |         0      7,782 |     7,782 
   1946.25 |         0      7,643 |     7,643 
    1946.5 |         0      7,718 |     7,718 
   1946.75 |         0      7,572 |     7,572 
      1947 |         0      7,818 |     7,818 
   1947.25 |         0      7,897 |     7,897 
    1947.5 |         0      8,311 |     8,311 
   1947.75 |         0      7,751 |     7,751 
      1948 |         0      8,252 |     8,252 
   1948.25 |         0      7,327 |     7,327 
    1948.5 |         0      7,980 |     7,980 
   1948.75 |         0      7,634 |     7,634 
      1949 |         0      7,642 |     7,642 
   1949.25 |         0      8,089 |     8,089 
    1949.5 |         0      8,722 |     8,722 
   1949.75 |         0      8,396 |     8,396 
      1950 |         0      8,395 |     8,395 
-----------+----------------------+----------
     Total |   247,199    816,435 | 1,063,634 

. * mejorar edadT si el censo es de 1980
. replace edadT = edadT - 1900 if censo == 80
(816,435 real changes made)

. tab edadT

      edadT |      Freq.     Percent        Cum.
------------+-----------------------------------
      30.25 |     14,520        1.37        1.37
       30.5 |     15,225        1.43        2.80
      30.75 |     13,635        1.28        4.08
         31 |     14,039        1.32        5.40
      31.25 |     14,525        1.37        6.76
       31.5 |     15,403        1.45        8.21
      31.75 |     13,416        1.26        9.47
         32 |     14,348        1.35       10.82
      32.25 |     14,291        1.34       12.17
       32.5 |     15,662        1.47       13.64
      32.75 |     14,914        1.40       15.04
         33 |     15,921        1.50       16.54
      33.25 |     16,607        1.56       18.10
       33.5 |     15,332        1.44       19.54
      33.75 |     11,391        1.07       20.61
         34 |     10,792        1.01       21.63
      34.25 |     11,104        1.04       22.67
       34.5 |     11,787        1.11       23.78
      34.75 |     10,720        1.01       24.79
         35 |     10,935        1.03       25.81
      35.25 |     11,226        1.06       26.87
       35.5 |     11,742        1.10       27.97
      35.75 |     10,521        0.99       28.96
         36 |     10,898        1.02       29.99
      36.25 |     11,150        1.05       31.04
       36.5 |     12,155        1.14       32.18
      36.75 |     11,284        1.06       33.24
         37 |     11,760        1.11       34.34
      37.25 |     12,372        1.16       35.51
       37.5 |     11,950        1.12       36.63
      37.75 |     10,338        0.97       37.60
         38 |     10,358        0.97       38.58
      38.25 |      9,590        0.90       39.48
       38.5 |     10,314        0.97       40.45
      38.75 |      9,150        0.86       41.31
         39 |      9,333        0.88       42.19
      39.25 |      9,309        0.88       43.06
       39.5 |     10,235        0.96       44.02
      39.75 |      9,338        0.88       44.90
         40 |      9,336        0.88       45.78
      40.25 |     15,065        1.42       47.20
       40.5 |     16,151        1.52       48.71
      40.75 |     14,707        1.38       50.10
         41 |     14,692        1.38       51.48
      41.25 |     14,514        1.36       52.84
       41.5 |     15,736        1.48       54.32
      41.75 |     14,586        1.37       55.69
         42 |     15,001        1.41       57.10
      42.25 |     14,610        1.37       58.48
       42.5 |     15,945        1.50       59.98
      42.75 |     14,366        1.35       61.33
         43 |     14,698        1.38       62.71
      43.25 |     13,795        1.30       64.01
       43.5 |     15,027        1.41       65.42
      43.75 |     13,980        1.31       66.73
         44 |     14,305        1.34       68.08
      44.25 |     13,922        1.31       69.39
       44.5 |     15,294        1.44       70.83
      44.75 |     14,054        1.32       72.15
         45 |     14,337        1.35       73.49
      45.25 |     14,289        1.34       74.84
       45.5 |     15,090        1.42       76.26
      45.75 |     13,921        1.31       77.57
         46 |     14,164        1.33       78.90
      46.25 |     13,537        1.27       80.17
       46.5 |     13,909        1.31       81.48
      46.75 |     13,673        1.29       82.76
         47 |     13,977        1.31       84.08
      47.25 |     13,765        1.29       85.37
       47.5 |     14,729        1.38       86.76
      47.75 |     13,625        1.28       88.04
         48 |     14,356        1.35       89.39
      48.25 |     13,445        1.26       90.65
       48.5 |     14,271        1.34       91.99
      48.75 |     13,905        1.31       93.30
         49 |     13,940        1.31       94.61
      49.25 |     13,497        1.27       95.88
       49.5 |     14,792        1.39       97.27
      49.75 |     14,209        1.34       98.61
         50 |     14,829        1.39      100.00
------------+-----------------------------------
      Total |  1,063,634      100.00

. 
. tab AdN

        AdN |      Freq.     Percent        Cum.
------------+-----------------------------------
         30 |     33,602        3.16        3.16
         31 |     30,583        2.88        6.03
         32 |     32,211        3.03        9.06
         33 |     30,751        2.89       11.95
         34 |     31,916        3.00       14.95
         35 |     32,773        3.08       18.04
         36 |     32,676        3.07       21.11
         37 |     33,969        3.19       24.30
         38 |     35,223        3.31       27.61
         39 |     35,805        3.37       30.98
         40 |     38,218        3.59       34.57
         41 |     38,387        3.61       38.18
         42 |     45,018        4.23       42.41
         43 |     46,349        4.36       46.77
         44 |     44,387        4.17       50.94
         45 |     44,546        4.19       55.13
         46 |     54,122        5.09       60.22
         47 |     60,788        5.72       65.94
         48 |     57,692        5.42       71.36
         49 |     57,419        5.40       76.76
       1920 |     23,725        2.23       78.99
       1921 |     24,978        2.35       81.34
       1922 |     24,264        2.28       83.62
       1923 |     24,345        2.29       85.91
       1924 |     25,548        2.40       88.31
       1925 |     24,834        2.33       90.64
       1926 |     24,431        2.30       92.94
       1927 |     25,650        2.41       95.35
       1928 |     24,614        2.31       97.67
       1929 |     24,810        2.33      100.00
------------+-----------------------------------
      Total |  1,063,634      100.00

. *mejorar AdN para 1930-1949 
. replace AdN   = 1900 + AdN if AdN < 100
(816,435 real changes made)

. tab AdN

        AdN |      Freq.     Percent        Cum.
------------+-----------------------------------
       1920 |     23,725        2.23        2.23
       1921 |     24,978        2.35        4.58
       1922 |     24,264        2.28        6.86
       1923 |     24,345        2.29        9.15
       1924 |     25,548        2.40       11.55
       1925 |     24,834        2.33       13.89
       1926 |     24,431        2.30       16.18
       1927 |     25,650        2.41       18.59
       1928 |     24,614        2.31       20.91
       1929 |     24,810        2.33       23.24
       1930 |     33,602        3.16       26.40
       1931 |     30,583        2.88       29.28
       1932 |     32,211        3.03       32.30
       1933 |     30,751        2.89       35.20
       1934 |     31,916        3.00       38.20
       1935 |     32,773        3.08       41.28
       1936 |     32,676        3.07       44.35
       1937 |     33,969        3.19       47.54
       1938 |     35,223        3.31       50.85
       1939 |     35,805        3.37       54.22
       1940 |     38,218        3.59       57.81
       1941 |     38,387        3.61       61.42
       1942 |     45,018        4.23       65.66
       1943 |     46,349        4.36       70.01
       1944 |     44,387        4.17       74.19
       1945 |     44,546        4.19       78.37
       1946 |     54,122        5.09       83.46
       1947 |     60,788        5.72       89.18
       1948 |     57,692        5.42       94.60
       1949 |     57,419        5.40      100.00
------------+-----------------------------------
      Total |  1,063,634      100.00

. 
. * genero variable al cuadrado correcta
. gen edadTQ = edadT^2

. 
. * Cohortes por decadas (solo con fines descriptivos)
. gen COHORTE = .
(1,063,634 missing values generated)

. replace COHORTE = 2029 if inrange(AdN,1920,1929)
(247,199 real changes made)

. replace COHORTE = 3039 if inrange(AdN,1930,1939)
(329,509 real changes made)

. replace COHORTE = 4049 if inrange(AdN,1940,1949)
(486,926 real changes made)

. 
. label define coh_lbl 2029 "1920-1929" 3039 "1930-1939" 4049 "1940-1949"

. label values COHORTE coh_lbl

. 
. tab COHORTE

    COHORTE |      Freq.     Percent        Cum.
------------+-----------------------------------
  1920-1929 |    247,199       23.24       23.24
  1930-1939 |    329,509       30.98       54.22
  1940-1949 |    486,926       45.78      100.00
------------+-----------------------------------
      Total |  1,063,634      100.00

. summarize edad edadT edadTQ educ logSalSem TdN AdN

    Variable |        Obs        Mean    Std. dev.       Min        Max
-------------+---------------------------------------------------------
        edad |  1,063,634    39.93726    5.920283         30         50
       edadT |  1,063,634    40.31188    5.911709      30.25         50
      edadTQ |  1,063,634    1659.996    474.4135   915.0625       2500
        educ |  1,063,634    12.84031    3.270231          0         20
   logSalSem |  1,063,634    5.679936    .7192516  -2.341806   11.22524
-------------+---------------------------------------------------------
         TdN |  1,063,634    2.516151    1.113988          1          4
         AdN |  1,063,634    1936.985    8.653178       1920       1949

. 
. global muestra "inrange(AdN,1930,1939)"

. *==================================================================================================*
. * 2. DUMMIES E INTERACCIONES                                                                       *
. *==================================================================================================*
. 
. 
. * Limpiar globals para evitar duplicados si re-ejecutas este bloque
. global yob_controls ""

. global qob_excl     "qob_2 qob_3 qob_4"

. global z_yobqob     ""

. 
. * Dummies por año de nacimiento (1930-1939)
. forvalues yy = 1930/1939 {
  2.     capture confirm variable yob_`yy'
  3.     if _rc {
  4.         gen yob_`yy' = (AdN == `yy')
  5.     }
  6. }

. 
. * Dummies por trimestre de nacimiento
. forvalues q = 1/4 {
  2.     capture confirm variable qob_`q'
  3.     if _rc {
  4.         gen qob_`q' = (TdN == `q')
  5.     }
  6. }

. 
. * Controles por año de nacimiento: se omite 1930 como categoría base
. forvalues yy = 1931/1939 {
  2.     global yob_controls "$yob_controls yob_`yy'"
  3. }

. 
. * Instrumentos simples: dummies de trimestre (se omite qob_1)
. global qob_excl "qob_2 qob_3 qob_4"

. 
. * Instrumentos ricos de Angrist-Krueger: interacciones trimestre x año de nacimiento
. * Se dejan los tres primeros trimestres; el cuarto queda como base
. foreach q in 1 2 3 {
  2.     forvalues yy = 1930/1939 {
  3.         capture confirm variable z_q`q'_`yy'
  4.         if _rc {
  5.             gen z_q`q'_`yy' = qob_`q' * yob_`yy'
  6.         }
  7.         global z_yobqob "$z_yobqob z_q`q'_`yy'"
  8.     }
  9. }

. 
. 
. *==================================================================================================*
. * 3. LOGICA DESCRIPTIVA DE LA ESTRATEGIA IV                                                        *
. *==================================================================================================*
. 
. sort AdN TdN

. egen AdNTdN = group(AdN TdN)

. 
. bysort AdNTdN: egen prom_edu = mean(educ)

. bysort AdNTdN: egen prom_sal = mean(logSalSem)

. 
. * Figura descriptiva de la "primera etapa"
. twoway connected prom_edu AdNTdN if inrange(AdN,1930,1939), ///
>     title("Educacion promedio por anio-trimestre de nacimiento") ///
>     ytitle("Educacion promedio") xtitle("Grupo anio-trimestre") name(fs, replace)

. 
. * Figura descriptiva de la "forma reducida"
. twoway connected prom_sal AdNTdN if inrange(AdN,1930,1939), ///
>     title("Log salario promedio por anio-trimestre de nacimiento") ///
>     ytitle("Log salario promedio") xtitle("Grupo anio-trimestre") name(rf, replace)

. 
. * Instrumento: Promedios simples por trimestre 1 versus resto de trimestres
. gen Z = (TdN == 1)

. 
. summarize educ if $muestra & Z == 0

    Variable |        Obs        Mean    Std. dev.       Min        Max
-------------+---------------------------------------------------------
        educ |    247,838    12.79688    3.271337          0         20

. summarize educ if $muestra & Z == 1

    Variable |        Obs        Mean    Std. dev.       Min        Max
-------------+---------------------------------------------------------
        educ |     81,671    12.68807    3.309801          0         20

. 
. tabstat educ if $muestra, by(Z) stat(mean sd n)

Summary for variables: educ
Group variable: Z 

       Z |      Mean        SD         N
---------+------------------------------
       0 |  12.79688  3.271337    247838
       1 |  12.68807  3.309801     81671
---------+------------------------------
   Total |  12.76991  3.281244    329509
----------------------------------------

. 
. 
. summarize logSalSem if $muestra & Z == 0

    Variable |        Obs        Mean    Std. dev.       Min        Max
-------------+---------------------------------------------------------
   logSalSem |    247,838    5.902695    .6781127  -2.341806    10.5321

. summarize logSalSem if $muestra & Z == 1

    Variable |        Obs        Mean    Std. dev.       Min        Max
-------------+---------------------------------------------------------
   logSalSem |     81,671    5.891596    .6809133  -2.341806    10.5321

. 
. tabstat logSalSem if $muestra, by(Z) stat(mean sd n)

Summary for variables: logSalSem
Group variable: Z 

       Z |      Mean        SD         N
---------+------------------------------
       0 |  5.902695  .6781127    247838
       1 |  5.891596  .6809133     81671
---------+------------------------------
   Total |  5.899944  .6788238    329509
----------------------------------------

. 
. * Comentario conceptual:
. * Si Z mueve educacion, hay una primera senal de relevancia.
. * Si Z mueve salarios, hay una primera senal de forma reducida.
. * Todavia no alcanza para concluir nada formal sobre identificacion.
. 
. *==================================================================================================*
. * 4. ESTIMADOR DE WALD Y 2SLS MAS BASICO                                                           *
. *==================================================================================================*
. 
. *------------------------------------------*
. * 4.1 MCO base y MCO robusto               *
. *------------------------------------------*
. regress logSalSem educ if $muestra

      Source |       SS           df       MS      Number of obs   =   329,509
-------------+----------------------------------   F(1, 329507)    =  43782.56
       Model |  17808.8293         1  17808.8293   Prob > F        =    0.0000
    Residual |  134029.041   329,507   .40675628   R-squared       =    0.1173
-------------+----------------------------------   Adj R-squared   =    0.1173
       Total |  151837.871   329,508  .460801773   Root MSE        =    .63777

------------------------------------------------------------------------------
   logSalSem | Coefficient  Std. err.      t    P>|t|     [95% conf. interval]
-------------+----------------------------------------------------------------
        educ |    .070851   .0003386   209.24   0.000     .0701874    .0715147
       _cons |   4.995182   .0044644  1118.88   0.000     4.986432    5.003932
------------------------------------------------------------------------------

. regress logSalSem educ if $muestra, vce(robust)

Linear regression                               Number of obs     =    329,509
                                                F(1, 329507)      =   34577.15
                                                Prob > F          =     0.0000
                                                R-squared         =     0.1173
                                                Root MSE          =     .63777

------------------------------------------------------------------------------
             |               Robust
   logSalSem | Coefficient  std. err.      t    P>|t|     [95% conf. interval]
-------------+----------------------------------------------------------------
        educ |    .070851    .000381   185.95   0.000     .0701042    .0715978
       _cons |   4.995182   .0050739   984.49   0.000     4.985238    5.005127
------------------------------------------------------------------------------

. 
. *------------------------------------------*
. * 4.2 Forma reducida y primera etapa       *
. *------------------------------------------*
. regress logSalSem Z if $muestra, vce(robust)

Linear regression                               Number of obs     =    329,509
                                                F(1, 329507)      =      16.35
                                                Prob > F          =     0.0001
                                                R-squared         =     0.0000
                                                Root MSE          =     .67881

------------------------------------------------------------------------------
             |               Robust
   logSalSem | Coefficient  std. err.      t    P>|t|     [95% conf. interval]
-------------+----------------------------------------------------------------
           Z |  -.0110989   .0027445    -4.04   0.000     -.016478   -.0057197
       _cons |   5.902695   .0013621  4333.43   0.000     5.900025    5.905365
------------------------------------------------------------------------------

. regress educ Z if $muestra, vce(robust)

Linear regression                               Number of obs     =    329,509
                                                F(1, 329507)      =      66.78
                                                Prob > F          =     0.0000
                                                R-squared         =     0.0002
                                                Root MSE          =     3.2809

------------------------------------------------------------------------------
             |               Robust
        educ | Coefficient  std. err.      t    P>|t|     [95% conf. interval]
-------------+----------------------------------------------------------------
           Z |  -.1088179   .0133159    -8.17   0.000    -.1349166   -.0827192
       _cons |   12.79688   .0065712  1947.43   0.000       12.784    12.80976
------------------------------------------------------------------------------

. 
. *------------------------------------------*
. * 4.3 2SLS con un solo instrumento binario *
. *------------------------------------------*
. ivregress 2sls logSalSem (educ = Z) if $muestra

Instrumental-variables 2SLS regression            Number of obs   =    329,509
                                                  Wald chi2(1)    =      18.14
                                                  Prob > chi2     =     0.0000
                                                  R-squared       =     0.0946
                                                  Root MSE        =     .64591

------------------------------------------------------------------------------
   logSalSem | Coefficient  Std. err.      z    P>|z|     [95% conf. interval]
-------------+----------------------------------------------------------------
        educ |    .101995   .0239489     4.26   0.000      .055056     .148934
       _cons |   4.597477   .3058276    15.03   0.000     3.998066    5.196888
------------------------------------------------------------------------------
Endogenous: educ
Exogenous:  Z

. ivregress 2sls logSalSem (educ = Z) if $muestra, vce(robust)

Instrumental-variables 2SLS regression            Number of obs   =    329,509
                                                  Wald chi2(1)    =      18.01
                                                  Prob > chi2     =     0.0000
                                                  R-squared       =     0.0946
                                                  Root MSE        =     .64591

------------------------------------------------------------------------------
             |               Robust
   logSalSem | Coefficient  std. err.      z    P>|z|     [95% conf. interval]
-------------+----------------------------------------------------------------
        educ |    .101995   .0240315     4.24   0.000     .0548941    .1490959
       _cons |   4.597477    .306889    14.98   0.000     3.995985    5.198968
------------------------------------------------------------------------------
Endogenous: educ
Exogenous:  Z

. 
. *------------------------------------------*
. * 4.4 2SLS "a mano" para ver la logica     *
. *------------------------------------------*
. regress educ Z if $muestra

      Source |       SS           df       MS      Number of obs   =   329,509
-------------+----------------------------------   F(1, 329507)    =     67.57
       Model |  727.393312         1  727.393312   Prob > F        =    0.0000
    Residual |  3546940.27   329,507  10.7643852   R-squared       =    0.0002
-------------+----------------------------------   Adj R-squared   =    0.0002
       Total |  3547667.66   329,508    10.76656   Root MSE        =    3.2809

------------------------------------------------------------------------------
        educ | Coefficient  Std. err.      t    P>|t|     [95% conf. interval]
-------------+----------------------------------------------------------------
           Z |  -.1088179   .0132376    -8.22   0.000    -.1347633   -.0828725
       _cons |   12.79688   .0065904  1941.75   0.000     12.78397     12.8098
------------------------------------------------------------------------------

. capture drop educ_hat_Z

. predict educ_hat_Z, xb

. 
. regress logSalSem educ_hat_Z if $muestra                

      Source |       SS           df       MS      Number of obs   =   329,509
-------------+----------------------------------   F(1, 329507)    =     16.42
       Model |  7.56705738         1  7.56705738   Prob > F        =    0.0001
    Residual |  151830.304   329,507  .460780207   R-squared       =    0.0000
-------------+----------------------------------   Adj R-squared   =    0.0000
       Total |  151837.871   329,508  .460801773   Root MSE        =    .67881

------------------------------------------------------------------------------
   logSalSem | Coefficient  Std. err.      t    P>|t|     [95% conf. interval]
-------------+----------------------------------------------------------------
  educ_hat_Z |   .1019949   .0251688     4.05   0.000     .0526648    .1513249
       _cons |   4.597478    .321405    14.30   0.000     3.967534    5.227423
------------------------------------------------------------------------------

. 
. * IMPORTANTE:
. * El coeficiente coincide con 2SLS, pero los errores estandar de hacer "MCO en dos etapas"
. * no son correctos porque no propagan la incertidumbre de la primera etapa.
. 
. *------------------------------------------*
. * 4.5 ivreg2 corrige la inferencia         *
. *------------------------------------------*
. ivreg2 logSalSem (educ = Z) if $muestra

IV (2SLS) estimation
--------------------

Estimates efficient for homoskedasticity only
Statistics consistent for homoskedasticity only

                                                      Number of obs =   329509
                                                      F(  1,329507) =    18.14
                                                      Prob > F      =   0.0000
Total (centered) SS     =  151837.8708                Centered R2   =   0.0946
Total (uncentered) SS   =  11621827.82                Uncentered R2 =   0.9882
Residual SS             =  137470.0876                Root MSE      =    .6459

------------------------------------------------------------------------------
   logSalSem | Coefficient  Std. err.      z    P>|z|     [95% conf. interval]
-------------+----------------------------------------------------------------
        educ |    .101995   .0239489     4.26   0.000      .055056     .148934
       _cons |   4.597477   .3058276    15.03   0.000     3.998066    5.196888
------------------------------------------------------------------------------
Underidentification test (Anderson canon. corr. LM statistic):          67.561
                                                   Chi-sq(1) P-val =    0.0000
------------------------------------------------------------------------------
Weak identification test (Cragg-Donald Wald F statistic):               67.574
Stock-Yogo weak ID test critical values: 10% maximal IV size             16.38
                                         15% maximal IV size              8.96
                                         20% maximal IV size              6.66
                                         25% maximal IV size              5.53
Source: Stock-Yogo (2005).  Reproduced by permission.
------------------------------------------------------------------------------
Sargan statistic (overidentification test of all instruments):           0.000
                                                 (equation exactly identified)
------------------------------------------------------------------------------
Instrumented:         educ
Excluded instruments: Z
------------------------------------------------------------------------------

. ivreg2 logSalSem (educ = Z) if $muestra, robust first

First-stage regressions
-----------------------


First-stage regression of educ:

Statistics robust to heteroskedasticity
Number of obs =                 329509
------------------------------------------------------------------------------
             |               Robust
        educ | Coefficient  std. err.      t    P>|t|     [95% conf. interval]
-------------+----------------------------------------------------------------
           Z |  -.1088179   .0133159    -8.17   0.000    -.1349166   -.0827192
       _cons |   12.79688   .0065712  1947.43   0.000       12.784    12.80976
------------------------------------------------------------------------------
F test of excluded instruments:
  F(  1,329507) =    66.78
  Prob > F      =   0.0000
Sanderson-Windmeijer multivariate F test of excluded instruments:
  F(  1,329507) =    66.78
  Prob > F      =   0.0000



Summary results for first-stage regressions
-------------------------------------------

                                           (Underid)            (Weak id)
Variable     | F(  1,329507)  P-val | SW Chi-sq(  1) P-val | SW F(  1,329507)
educ         |      66.78    0.0000 |       66.78   0.0000 |       66.78

NB: first-stage test statistics heteroskedasticity-robust

Stock-Yogo weak ID F test critical values for single endogenous regressor:
                                   10% maximal IV size             16.38
                                   15% maximal IV size              8.96
                                   20% maximal IV size              6.66
                                   25% maximal IV size              5.53
Source: Stock-Yogo (2005).  Reproduced by permission.
NB: Critical values are for i.i.d. errors only.

Underidentification test
Ho: matrix of reduced form coefficients has rank=K1-1 (underidentified)
Ha: matrix has rank=K1 (identified)
Kleibergen-Paap rk LM statistic          Chi-sq(1)=66.75    P-val=0.0000

Weak identification test
Ho: equation is weakly identified
Cragg-Donald Wald F statistic                                      67.57
Kleibergen-Paap Wald rk F statistic                                66.78

Stock-Yogo weak ID test critical values for K1=1 and L1=1:
                                   10% maximal IV size             16.38
                                   15% maximal IV size              8.96
                                   20% maximal IV size              6.66
                                   25% maximal IV size              5.53
Source: Stock-Yogo (2005).  Reproduced by permission.
NB: Critical values are for Cragg-Donald F statistic and i.i.d. errors.

Weak-instrument-robust inference
Tests of joint significance of endogenous regressors B1 in main equation
Ho: B1=0 and orthogonality conditions are valid
Anderson-Rubin Wald test           F(1,329507)=   16.35     P-val=0.0001
Anderson-Rubin Wald test           Chi-sq(1)=     16.35     P-val=0.0001
Stock-Wright LM S statistic        Chi-sq(1)=     16.35     P-val=0.0001

NB: Underidentification, weak identification and weak-identification-robust
    test statistics heteroskedasticity-robust

Number of observations               N  =     329509
Number of regressors                 K  =          2
Number of endogenous regressors      K1 =          1
Number of instruments                L  =          2
Number of excluded instruments       L1 =          1

IV (2SLS) estimation
--------------------

Estimates efficient for homoskedasticity only
Statistics robust to heteroskedasticity

                                                      Number of obs =   329509
                                                      F(  1,329507) =    18.01
                                                      Prob > F      =   0.0000
Total (centered) SS     =  151837.8708                Centered R2   =   0.0946
Total (uncentered) SS   =  11621827.82                Uncentered R2 =   0.9882
Residual SS             =  137470.0876                Root MSE      =    .6459

------------------------------------------------------------------------------
             |               Robust
   logSalSem | Coefficient  std. err.      z    P>|z|     [95% conf. interval]
-------------+----------------------------------------------------------------
        educ |    .101995   .0240315     4.24   0.000     .0548941    .1490959
       _cons |   4.597477    .306889    14.98   0.000     3.995985    5.198968
------------------------------------------------------------------------------
Underidentification test (Kleibergen-Paap rk LM statistic):             66.751
                                                   Chi-sq(1) P-val =    0.0000
------------------------------------------------------------------------------
Weak identification test (Cragg-Donald Wald F statistic):               67.574
                         (Kleibergen-Paap rk Wald F statistic):         66.782
Stock-Yogo weak ID test critical values: 10% maximal IV size             16.38
                                         15% maximal IV size              8.96
                                         20% maximal IV size              6.66
                                         25% maximal IV size              5.53
Source: Stock-Yogo (2005).  Reproduced by permission.
NB: Critical values are for Cragg-Donald F statistic and i.i.d. errors.
------------------------------------------------------------------------------
Hansen J statistic (overidentification test of all instruments):         0.000
                                                 (equation exactly identified)
------------------------------------------------------------------------------
Instrumented:         educ
Excluded instruments: Z
------------------------------------------------------------------------------

. 
. * Con un solo instrumento excluido para una sola endogena el modelo queda exactamente identificado.
. * Por eso, en este caso, NO hay test de sobreidentificacion.
. 
. *==================================================================================================*
. * 5. DISTINTAS FORMAS DE DEFINIR EL INSTRUMENTO                                                    *
. *==================================================================================================*
. 
. *------------------------------------------*
. * 5.1 Usando TdN como variable numerica    *
. *------------------------------------------*
. ivreg2 logSalSem (educ = TdN) if $muestra, robust first

First-stage regressions
-----------------------


First-stage regression of educ:

Statistics robust to heteroskedasticity
Number of obs =                 329509
------------------------------------------------------------------------------
             |               Robust
        educ | Coefficient  std. err.      t    P>|t|     [95% conf. interval]
-------------+----------------------------------------------------------------
         TdN |   .0515679   .0051315    10.05   0.000     .0415104    .0616255
       _cons |   12.64066   .0141806   891.41   0.000     12.61287    12.66845
------------------------------------------------------------------------------
F test of excluded instruments:
  F(  1,329507) =   100.99
  Prob > F      =   0.0000
Sanderson-Windmeijer multivariate F test of excluded instruments:
  F(  1,329507) =   100.99
  Prob > F      =   0.0000



Summary results for first-stage regressions
-------------------------------------------

                                           (Underid)            (Weak id)
Variable     | F(  1,329507)  P-val | SW Chi-sq(  1) P-val | SW F(  1,329507)
educ         |     100.99    0.0000 |      100.99   0.0000 |      100.99

NB: first-stage test statistics heteroskedasticity-robust

Stock-Yogo weak ID F test critical values for single endogenous regressor:
                                   10% maximal IV size             16.38
                                   15% maximal IV size              8.96
                                   20% maximal IV size              6.66
                                   25% maximal IV size              5.53
Source: Stock-Yogo (2005).  Reproduced by permission.
NB: Critical values are for i.i.d. errors only.

Underidentification test
Ho: matrix of reduced form coefficients has rank=K1-1 (underidentified)
Ha: matrix has rank=K1 (identified)
Kleibergen-Paap rk LM statistic          Chi-sq(1)=100.94   P-val=0.0000

Weak identification test
Ho: equation is weakly identified
Cragg-Donald Wald F statistic                                     100.65
Kleibergen-Paap Wald rk F statistic                               100.99

Stock-Yogo weak ID test critical values for K1=1 and L1=1:
                                   10% maximal IV size             16.38
                                   15% maximal IV size              8.96
                                   20% maximal IV size              6.66
                                   25% maximal IV size              5.53
Source: Stock-Yogo (2005).  Reproduced by permission.
NB: Critical values are for Cragg-Donald F statistic and i.i.d. errors.

Weak-instrument-robust inference
Tests of joint significance of endogenous regressors B1 in main equation
Ho: B1=0 and orthogonality conditions are valid
Anderson-Rubin Wald test           F(1,329507)=   23.13     P-val=0.0000
Anderson-Rubin Wald test           Chi-sq(1)=     23.13     P-val=0.0000
Stock-Wright LM S statistic        Chi-sq(1)=     23.13     P-val=0.0000

NB: Underidentification, weak identification and weak-identification-robust
    test statistics heteroskedasticity-robust

Number of observations               N  =     329509
Number of regressors                 K  =          2
Number of endogenous regressors      K1 =          1
Number of instruments                L  =          2
Number of excluded instruments       L1 =          1

IV (2SLS) estimation
--------------------

Estimates efficient for homoskedasticity only
Statistics robust to heteroskedasticity

                                                      Number of obs =   329509
                                                      F(  1,329507) =    25.59
                                                      Prob > F      =   0.0000
Total (centered) SS     =  151837.8708                Centered R2   =   0.0985
Total (uncentered) SS   =  11621827.82                Uncentered R2 =   0.9882
Residual SS             =  136883.6283                Root MSE      =    .6445

------------------------------------------------------------------------------
             |               Robust
   logSalSem | Coefficient  std. err.      z    P>|z|     [95% conf. interval]
-------------+----------------------------------------------------------------
        educ |   .0992172   .0196135     5.06   0.000     .0607755    .1376589
       _cons |   4.632949   .2504745    18.50   0.000     4.142028     5.12387
------------------------------------------------------------------------------
Underidentification test (Kleibergen-Paap rk LM statistic):            100.940
                                                   Chi-sq(1) P-val =    0.0000
------------------------------------------------------------------------------
Weak identification test (Cragg-Donald Wald F statistic):              100.653
                         (Kleibergen-Paap rk Wald F statistic):        100.989
Stock-Yogo weak ID test critical values: 10% maximal IV size             16.38
                                         15% maximal IV size              8.96
                                         20% maximal IV size              6.66
                                         25% maximal IV size              5.53
Source: Stock-Yogo (2005).  Reproduced by permission.
NB: Critical values are for Cragg-Donald F statistic and i.i.d. errors.
------------------------------------------------------------------------------
Hansen J statistic (overidentification test of all instruments):         0.000
                                                 (equation exactly identified)
------------------------------------------------------------------------------
Instrumented:         educ
Excluded instruments: TdN
------------------------------------------------------------------------------

. 
. * Ojo: tratar TdN como numerica impone una estructura lineal muy fuerte
. * entre pasar del trimestre 1 al 2, del 2 al 3 y del 3 al 4.
. 
. *------------------------------------------*
. * 5.2 Usando dummies de trimestre          *
. *------------------------------------------*
. ivreg2 logSalSem (educ = $qob_excl) if $muestra, robust first

First-stage regressions
-----------------------


First-stage regression of educ:

Statistics robust to heteroskedasticity
Number of obs =                 329509
------------------------------------------------------------------------------
             |               Robust
        educ | Coefficient  std. err.      t    P>|t|     [95% conf. interval]
-------------+----------------------------------------------------------------
       qob_2 |   .0566498   .0165056     3.43   0.001     .0242993    .0890004
       qob_3 |    .117348   .0159903     7.34   0.000     .0860075    .1486886
       qob_4 |    .151366   .0162383     9.32   0.000     .1195393    .1831926
       _cons |   12.68807   .0115816  1095.54   0.000     12.66537    12.71077
------------------------------------------------------------------------------
F test of excluded instruments:
  F(  3,329505) =    34.05
  Prob > F      =   0.0000
Sanderson-Windmeijer multivariate F test of excluded instruments:
  F(  3,329505) =    34.05
  Prob > F      =   0.0000



Summary results for first-stage regressions
-------------------------------------------

                                           (Underid)            (Weak id)
Variable     | F(  3,329505)  P-val | SW Chi-sq(  3) P-val | SW F(  3,329505)
educ         |      34.05    0.0000 |      102.16   0.0000 |       34.05

NB: first-stage test statistics heteroskedasticity-robust

Stock-Yogo weak ID F test critical values for single endogenous regressor:
                                    5% maximal IV relative bias    13.91
                                   10% maximal IV relative bias     9.08
                                   20% maximal IV relative bias     6.46
                                   30% maximal IV relative bias     5.39
                                   10% maximal IV size             22.30
                                   15% maximal IV size             12.83
                                   20% maximal IV size              9.54
                                   25% maximal IV size              7.80
Source: Stock-Yogo (2005).  Reproduced by permission.
NB: Critical values are for i.i.d. errors only.

Underidentification test
Ho: matrix of reduced form coefficients has rank=K1-1 (underidentified)
Ha: matrix has rank=K1 (identified)
Kleibergen-Paap rk LM statistic          Chi-sq(3)=102.12   P-val=0.0000

Weak identification test
Ho: equation is weakly identified
Cragg-Donald Wald F statistic                                      34.01
Kleibergen-Paap Wald rk F statistic                                34.05

Stock-Yogo weak ID test critical values for K1=1 and L1=3:
                                    5% maximal IV relative bias    13.91
                                   10% maximal IV relative bias     9.08
                                   20% maximal IV relative bias     6.46
                                   30% maximal IV relative bias     5.39
                                   10% maximal IV size             22.30
                                   15% maximal IV size             12.83
                                   20% maximal IV size              9.54
                                   25% maximal IV size              7.80
Source: Stock-Yogo (2005).  Reproduced by permission.
NB: Critical values are for Cragg-Donald F statistic and i.i.d. errors.

Weak-instrument-robust inference
Tests of joint significance of endogenous regressors B1 in main equation
Ho: B1=0 and orthogonality conditions are valid
Anderson-Rubin Wald test           F(3,329505)=    9.24     P-val=0.0000
Anderson-Rubin Wald test           Chi-sq(3)=     27.72     P-val=0.0000
Stock-Wright LM S statistic        Chi-sq(3)=     27.72     P-val=0.0000

NB: Underidentification, weak identification and weak-identification-robust
    test statistics heteroskedasticity-robust

Number of observations               N  =     329509
Number of regressors                 K  =          2
Number of endogenous regressors      K1 =          1
Number of instruments                L  =          4
Number of excluded instruments       L1 =          3

IV (2SLS) estimation
--------------------

Estimates efficient for homoskedasticity only
Statistics robust to heteroskedasticity

                                                      Number of obs =   329509
                                                      F(  1,329507) =    27.60
                                                      Prob > F      =   0.0000
Total (centered) SS     =  151837.8708                Centered R2   =   0.0937
Total (uncentered) SS   =  11621827.82                Uncentered R2 =   0.9882
Residual SS             =  137604.5389                Root MSE      =    .6462

------------------------------------------------------------------------------
             |               Robust
   logSalSem | Coefficient  std. err.      z    P>|z|     [95% conf. interval]
-------------+----------------------------------------------------------------
        educ |   .1025976   .0195281     5.25   0.000     .0643233    .1408719
       _cons |   4.589781    .249385    18.40   0.000     4.100996    5.078567
------------------------------------------------------------------------------
Underidentification test (Kleibergen-Paap rk LM statistic):            102.115
                                                   Chi-sq(3) P-val =    0.0000
------------------------------------------------------------------------------
Weak identification test (Cragg-Donald Wald F statistic):               34.009
                         (Kleibergen-Paap rk Wald F statistic):         34.054
Stock-Yogo weak ID test critical values:  5% maximal IV relative bias    13.91
                                         10% maximal IV relative bias     9.08
                                         20% maximal IV relative bias     6.46
                                         30% maximal IV relative bias     5.39
                                         10% maximal IV size             22.30
                                         15% maximal IV size             12.83
                                         20% maximal IV size              9.54
                                         25% maximal IV size              7.80
Source: Stock-Yogo (2005).  Reproduced by permission.
NB: Critical values are for Cragg-Donald F statistic and i.i.d. errors.
------------------------------------------------------------------------------
Hansen J statistic (overidentification test of all instruments):         2.884
                                                   Chi-sq(2) P-val =    0.2365
------------------------------------------------------------------------------
Instrumented:         educ
Excluded instruments: qob_2 qob_3 qob_4
------------------------------------------------------------------------------

. 
. * Aqui la primera etapa ya no obliga a que el efecto del trimestre sea lineal.
. * Se estima un desplazamiento distinto respecto del trimestre base.
. 
. *==================================================================================================*
. * 6. ESPECIFICACIONES CON CONTROLES E INSTRUMENTOS RICOS                                           *
. *==================================================================================================*
. 
. *------------------------------------------*
. * 6.1 MCO con controles                     *
. *------------------------------------------*
. regress logSalSem educ $yob_controls if $muestra

      Source |       SS           df       MS      Number of obs   =   329,509
-------------+----------------------------------   F(10, 329498)   =   4397.45
       Model |  17878.1586        10  1787.81586   Prob > F        =    0.0000
    Residual |  133959.712   329,498  .406556981   R-squared       =    0.1177
-------------+----------------------------------   Adj R-squared   =    0.1177
       Total |  151837.871   329,508  .460801773   Root MSE        =    .63762

------------------------------------------------------------------------------
   logSalSem | Coefficient  Std. err.      t    P>|t|     [95% conf. interval]
-------------+----------------------------------------------------------------
        educ |    .071081    .000339   209.67   0.000     .0704166    .0717455
    yob_1931 |  -.0063875   .0050393    -1.27   0.205    -.0162644    .0034895
    yob_1932 |  -.0148384   .0049724    -2.98   0.003    -.0245841   -.0050927
    yob_1933 |  -.0175832   .0050325    -3.49   0.000    -.0274468   -.0077195
    yob_1934 |  -.0209993   .0049845    -4.21   0.000    -.0307688   -.0112297
    yob_1935 |  -.0328947   .0049515    -6.64   0.000    -.0425994     -.02319
    yob_1936 |  -.0317808   .0049557    -6.41   0.000    -.0414937   -.0220678
    yob_1937 |  -.0367121   .0049082    -7.48   0.000    -.0463321   -.0270921
    yob_1938 |  -.0368905   .0048656    -7.58   0.000     -.046427   -.0273539
    yob_1939 |  -.0481636   .0048468    -9.94   0.000    -.0576633    -.038664
       _cons |   5.017348   .0054706   917.14   0.000     5.006626    5.028071
------------------------------------------------------------------------------

. regress logSalSem educ edad edadTQ $yob_controls if $muestra, vce(robust)

Linear regression                               Number of obs     =    329,509
                                                F(12, 329496)     =    2903.14
                                                Prob > F          =     0.0000
                                                R-squared         =     0.1178
                                                Root MSE          =     .63762

------------------------------------------------------------------------------
             |               Robust
   logSalSem | Coefficient  std. err.      t    P>|t|     [95% conf. interval]
-------------+----------------------------------------------------------------
        educ |   .0710722   .0003815   186.27   0.000     .0703244      .07182
        edad |  -.0015307   .0041155    -0.37   0.710    -.0095969    .0065355
      edadTQ |  -.0000456   .0000709    -0.64   0.520    -.0001845    .0000933
    yob_1931 |   -.012397   .0068602    -1.81   0.071    -.0258428    .0010488
    yob_1932 |  -.0267606   .0102734    -2.60   0.009    -.0468962   -.0066251
    yob_1933 |  -.0353391   .0142486    -2.48   0.013    -.0632659   -.0074123
    yob_1934 |  -.0445439   .0182991    -2.43   0.015    -.0804096   -.0086783
    yob_1935 |  -.0620688   .0222279    -2.79   0.005    -.1056349   -.0185027
    yob_1936 |  -.0664869   .0261345    -2.54   0.011    -.1177098   -.0152641
    yob_1937 |  -.0769209   .0299474    -2.57   0.010    -.1356168   -.0182249
    yob_1938 |  -.0824493   .0336368    -2.45   0.014    -.1483765    -.016522
    yob_1939 |  -.0990201   .0372864    -2.66   0.008    -.1721003   -.0259398
       _cons |   5.205176     .12843    40.53   0.000     4.953457    5.456895
------------------------------------------------------------------------------

. 
. *------------------------------------------*
. * 6.2 IV con interacciones QOB x YOB        *
. *------------------------------------------*
. * Exogenas incluidas: edad, edad^2, dummies de anio de nacimiento
. * Endogena: educ
. * Instrumentos excluidos: interacciones trimestre x anio de nacimiento
. ivreg2 logSalSem $yob_controls (educ = $z_yobqob) if $muestra, robust first

First-stage regressions
-----------------------


First-stage regression of educ:

Statistics robust to heteroskedasticity
Number of obs =                 329509
------------------------------------------------------------------------------
             |               Robust
        educ | Coefficient  std. err.      t    P>|t|     [95% conf. interval]
-------------+----------------------------------------------------------------
   z_q1_1930 |  -.3442705   .0534123    -6.45   0.000     -.448957    -.239584
   z_q1_1931 |  -.0716851   .0548709    -1.31   0.191    -.1792305    .0358603
   z_q1_1932 |  -.1931804   .0534868    -3.61   0.000     -.298013   -.0883478
   z_q1_1933 |  -.0190774   .0542061    -0.35   0.725    -.1253198     .087165
   z_q1_1934 |  -.1506055   .0522972    -2.88   0.004    -.2531065   -.0481044
   z_q1_1935 |  -.1687325   .0517645    -3.26   0.001    -.2701894   -.0672756
   z_q1_1936 |  -.1849731   .0496409    -3.73   0.000    -.2822679   -.0876783
   z_q1_1937 |  -.1386865   .0490588    -2.83   0.005    -.2348403   -.0425328
   z_q1_1938 |  -.0914545   .0478477    -1.91   0.056    -.1852345    .0023255
   z_q1_1939 |  -.1135405   .0470246    -2.41   0.016    -.2057074   -.0213736
   z_q2_1930 |  -.1962572   .0536482    -3.66   0.000    -.3014061   -.0911083
   z_q2_1931 |  -.0810742   .0549315    -1.48   0.140    -.1887383    .0265899
   z_q2_1932 |  -.1175128   .0545118    -2.16   0.031    -.2243543   -.0106713
   z_q2_1933 |  -.0575606   .0542998    -1.06   0.289    -.1639866    .0488654
   z_q2_1934 |  -.0699011   .0528258    -1.32   0.186    -.1734382    .0336361
   z_q2_1935 |  -.0227135   .0516392    -0.44   0.660    -.1239249    .0784979
   z_q2_1936 |  -.1169389   .0504503    -2.32   0.020    -.2158201   -.0180578
   z_q2_1937 |  -.1269337    .049604    -2.56   0.010    -.2241561   -.0297113
   z_q2_1938 |  -.0224683   .0480625    -0.47   0.640    -.1166695    .0717328
   z_q2_1939 |  -.1031304   .0477828    -2.16   0.031    -.1967833   -.0094776
   z_q3_1930 |  -.1328158   .0525736    -2.53   0.012    -.2358586    -.029773
   z_q3_1931 |   .0745972   .0540456     1.38   0.168    -.0313305     .180525
   z_q3_1932 |  -.0666616   .0526216    -1.27   0.205    -.1697985    .0364753
   z_q3_1933 |   .0616844   .0537361     1.15   0.251    -.0436369    .1670056
   z_q3_1934 |  -.0898202   .0511066    -1.76   0.079    -.1899876    .0103472
   z_q3_1935 |   .0417119   .0497955     0.84   0.402    -.0558858    .1393097
   z_q3_1936 |  -.0417812   .0492685    -0.85   0.396    -.1383461    .0547836
   z_q3_1937 |  -.0088095    .046837    -0.19   0.851    -.1006086    .0829897
   z_q3_1938 |  -.0435773   .0464241    -0.94   0.348    -.1345671    .0474125
   z_q3_1939 |  -.1272695     .04563    -2.79   0.005     -.216703    -.037836
    yob_1931 |  -.0125559   .0540798    -0.23   0.816    -.1185507    .0934388
    yob_1932 |   .1024361   .0535484     1.91   0.056    -.0025172    .2073893
    yob_1933 |   .0675919   .0538546     1.26   0.209    -.0379615    .1731454
    yob_1934 |   .1731929   .0523894     3.31   0.001     .0705111    .2758747
    yob_1935 |   .1949638   .0524038     3.72   0.000     .0922539    .2976737
    yob_1936 |   .3033396   .0515085     5.89   0.000     .2023845    .4042947
    yob_1937 |   .3463061   .0509012     6.80   0.000     .2465412    .4460711
    yob_1938 |   .4054561   .0505893     8.01   0.000     .3063026    .5046096
    yob_1939 |   .4918535   .0503386     9.77   0.000     .3931913    .5905157
       _cons |   12.62468   .0379199   332.93   0.000     12.55035      12.699
------------------------------------------------------------------------------
F test of excluded instruments:
  F( 30,329469) =     4.80
  Prob > F      =   0.0000
Sanderson-Windmeijer multivariate F test of excluded instruments:
  F( 30,329469) =     4.80
  Prob > F      =   0.0000



Summary results for first-stage regressions
-------------------------------------------

                                           (Underid)            (Weak id)
Variable     | F( 30,329469)  P-val | SW Chi-sq( 30) P-val | SW F( 30,329469)
educ         |       4.80    0.0000 |      144.04   0.0000 |        4.80

NB: first-stage test statistics heteroskedasticity-robust

Stock-Yogo weak ID F test critical values for single endogenous regressor:
                                    5% maximal IV relative bias    21.42
                                   10% maximal IV relative bias    11.32
                                   20% maximal IV relative bias     6.09
                                   30% maximal IV relative bias     4.29
                                   10% maximal IV size             86.17
                                   15% maximal IV size             44.78
                                   20% maximal IV size             30.72
                                   25% maximal IV size             23.65
Source: Stock-Yogo (2005).  Reproduced by permission.
NB: Critical values are for i.i.d. errors only.

Underidentification test
Ho: matrix of reduced form coefficients has rank=K1-1 (underidentified)
Ha: matrix has rank=K1 (identified)
Kleibergen-Paap rk LM statistic          Chi-sq(30)=143.86  P-val=0.0000

Weak identification test
Ho: equation is weakly identified
Cragg-Donald Wald F statistic                                       4.91
Kleibergen-Paap Wald rk F statistic                                 4.80

Stock-Yogo weak ID test critical values for K1=1 and L1=30:
                                    5% maximal IV relative bias    21.42
                                   10% maximal IV relative bias    11.32
                                   20% maximal IV relative bias     6.09
                                   30% maximal IV relative bias     4.29
                                   10% maximal IV size             86.17
                                   15% maximal IV size             44.78
                                   20% maximal IV size             30.72
                                   25% maximal IV size             23.65
Source: Stock-Yogo (2005).  Reproduced by permission.
NB: Critical values are for Cragg-Donald F statistic and i.i.d. errors.

Weak-instrument-robust inference
Tests of joint significance of endogenous regressors B1 in main equation
Ho: B1=0 and orthogonality conditions are valid
Anderson-Rubin Wald test           F(30,329469)=   1.66     P-val=0.0126
Anderson-Rubin Wald test           Chi-sq(30)=    49.95     P-val=0.0125
Stock-Wright LM S statistic        Chi-sq(30)=    49.98     P-val=0.0125

NB: Underidentification, weak identification and weak-identification-robust
    test statistics heteroskedasticity-robust

Number of observations               N  =     329509
Number of regressors                 K  =         11
Number of endogenous regressors      K1 =          1
Number of instruments                L  =         40
Number of excluded instruments       L1 =         30

IV (2SLS) estimation
--------------------

Estimates efficient for homoskedasticity only
Statistics robust to heteroskedasticity

                                                      Number of obs =   329509
                                                      F( 10,329498) =     4.10
                                                      Prob > F      =   0.0000
Total (centered) SS     =  151837.8708                Centered R2   =   0.1102
Total (uncentered) SS   =  11621827.82                Uncentered R2 =   0.9884
Residual SS             =  135110.2715                Root MSE      =    .6403

------------------------------------------------------------------------------
             |               Robust
   logSalSem | Coefficient  std. err.      z    P>|z|     [95% conf. interval]
-------------+----------------------------------------------------------------
        educ |   .0891155    .016212     5.50   0.000     .0573405    .1208905
    yob_1931 |  -.0088813   .0056153    -1.58   0.114    -.0198871    .0021245
    yob_1932 |  -.0180303   .0058057    -3.11   0.002    -.0294093   -.0066514
    yob_1933 |  -.0217955   .0063395    -3.44   0.001    -.0342208   -.0093703
    yob_1934 |  -.0257878   .0066636    -3.87   0.000    -.0388482   -.0127274
    yob_1935 |  -.0388275   .0073566    -5.28   0.000    -.0532461   -.0244088
    yob_1936 |  -.0387617   .0080379    -4.82   0.000    -.0545156   -.0230077
    yob_1937 |  -.0448175   .0088087    -5.09   0.000    -.0620822   -.0275527
    yob_1938 |  -.0465455   .0099433    -4.68   0.000    -.0660339    -.027057
    yob_1939 |  -.0585271   .0105169    -5.57   0.000    -.0791398   -.0379143
       _cons |   4.792727   .2019637    23.73   0.000     4.396885    5.188569
------------------------------------------------------------------------------
Underidentification test (Kleibergen-Paap rk LM statistic):            143.863
                                                   Chi-sq(30) P-val =   0.0000
------------------------------------------------------------------------------
Weak identification test (Cragg-Donald Wald F statistic):                4.907
                         (Kleibergen-Paap rk Wald F statistic):          4.801
Stock-Yogo weak ID test critical values:  5% maximal IV relative bias    21.42
                                         10% maximal IV relative bias    11.32
                                         20% maximal IV relative bias     6.09
                                         30% maximal IV relative bias     4.29
                                         10% maximal IV size             86.17
                                         15% maximal IV size             44.78
                                         20% maximal IV size             30.72
                                         25% maximal IV size             23.65
Source: Stock-Yogo (2005).  Reproduced by permission.
NB: Critical values are for Cragg-Donald F statistic and i.i.d. errors.
------------------------------------------------------------------------------
Hansen J statistic (overidentification test of all instruments):        24.653
                                                   Chi-sq(29) P-val =   0.6961
------------------------------------------------------------------------------
Instrumented:         educ
Included instruments: yob_1931 yob_1932 yob_1933 yob_1934 yob_1935 yob_1936
                      yob_1937 yob_1938 yob_1939
Excluded instruments: z_q1_1930 z_q1_1931 z_q1_1932 z_q1_1933 z_q1_1934
                      z_q1_1935 z_q1_1936 z_q1_1937 z_q1_1938 z_q1_1939
                      z_q2_1930 z_q2_1931 z_q2_1932 z_q2_1933 z_q2_1934
                      z_q2_1935 z_q2_1936 z_q2_1937 z_q2_1938 z_q2_1939
                      z_q3_1930 z_q3_1931 z_q3_1932 z_q3_1933 z_q3_1934
                      z_q3_1935 z_q3_1936 z_q3_1937 z_q3_1938 z_q3_1939
------------------------------------------------------------------------------

. ivreg2 logSalSem edad edadTQ $yob_controls (educ = $z_yobqob) if $muestra, robust first
Warning - collinearities detected
Vars dropped:       z_q1_1939 z_q3_1939

First-stage regressions
-----------------------


First-stage regression of educ:

Statistics robust to heteroskedasticity
Number of obs =                 329509
------------------------------------------------------------------------------
             |               Robust
        educ | Coefficient  std. err.      t    P>|t|     [95% conf. interval]
-------------+----------------------------------------------------------------
   z_q1_1930 |   -.145621   .0863784    -1.69   0.092    -.3149202    .0236782
   z_q1_1931 |   .1175079   .0852108     1.38   0.168    -.0495028    .2845185
   z_q1_1932 |   -.013444    .082314    -0.16   0.870     -.174777     .147889
   z_q1_1933 |   .1512025   .0808748     1.87   0.062    -.0073098    .3097148
   z_q1_1934 |   .0102178   .0777695     0.13   0.895    -.1422082    .1626439
   z_q1_1935 |  -.0173657   .0756725    -0.23   0.818    -.1656816    .1309502
   z_q1_1936 |  -.0430629   .0725785    -0.59   0.553    -.1853146    .0991888
   z_q1_1937 |  -.0062329   .0706387    -0.09   0.930    -.1446826    .1322169
   z_q1_1938 |   .0315425   .0683746     0.46   0.645    -.1024698    .1655548
   z_q1_1939 |          0  (omitted)
   z_q2_1930 |   .1158092   .1240825     0.93   0.351    -.1273889    .3590072
   z_q2_1931 |   .2246878   .1226177     1.83   0.067    -.0156395     .465015
   z_q2_1932 |   .1819448   .1204106     1.51   0.131    -.0540565    .4179462
   z_q2_1933 |   .2355926   .1183022     1.99   0.046     .0037238    .4674615
   z_q2_1934 |   .2169478   .1156178     1.88   0.061    -.0096597    .4435554
   z_q2_1935 |    .257831   .1130651     2.28   0.023     .0362267    .4794353
   z_q2_1936 |   .1573012   .1105113     1.42   0.155    -.0592977    .3739001
   z_q2_1937 |   .1410021   .1081142     1.30   0.192    -.0708987    .3529029
   z_q2_1938 |   .2391631   .1053992     2.27   0.023     .0325838    .4457424
   z_q2_1939 |   .1521966   .0791546     1.92   0.055    -.0029441    .3073373
   z_q3_1930 |   .0228233   .0766667     0.30   0.766    -.1274412    .1730879
   z_q3_1931 |   .2270842   .0768757     2.95   0.003     .0764101    .3777583
   z_q3_1932 |   .0826732   .0750712     1.10   0.271    -.0644642    .2298106
   z_q3_1933 |    .207867   .0750632     2.77   0.006     .0607454    .3549886
   z_q3_1934 |   .0532102   .0723989     0.73   0.462    -.0886896    .1951099
   z_q3_1935 |   .1815902    .070673     2.57   0.010     .0430731    .3201073
   z_q3_1936 |   .0949448    .069501     1.37   0.172    -.0412752    .2311648
   z_q3_1937 |   .1247644   .0669865     1.86   0.063    -.0065271    .2560559
   z_q3_1938 |   .0868443   .0658916     1.32   0.188    -.0423013      .21599
   z_q3_1939 |          0  (omitted)
        edad |   .2706321   .1206894     2.24   0.025     .0340844    .5071798
      edadTQ |  -.0063044   .0022603    -2.79   0.005    -.0107345   -.0018742
    yob_1931 |     -.3566   .1262377    -2.82   0.005    -.6040223   -.1091778
    yob_1932 |  -.5730433    .230227    -2.49   0.013    -1.024282    -.121805
    yob_1933 |  -.9267141   .3339266    -2.78   0.006    -1.581201   -.2722276
    yob_1934 |  -1.127331   .4341854    -2.60   0.009    -1.978322   -.2763401
    yob_1935 |  -1.399169   .5309001    -2.64   0.008    -2.439718   -.3586204
    yob_1936 |  -1.571794   .6235915    -2.52   0.012    -2.794015   -.3495723
    yob_1937 |  -1.797219    .712318    -2.52   0.012    -3.193342   -.4010962
    yob_1938 |  -1.993852     .79705    -2.50   0.012    -3.556047   -.4316568
    yob_1939 |  -2.150628      .8502    -2.53   0.011    -3.816996    -.484261
       _cons |   14.65535   1.983306     7.39   0.000     10.76813    18.54257
------------------------------------------------------------------------------
F test of excluded instruments:
  F( 28,329469) =     1.70
  Prob > F      =   0.0119
Sanderson-Windmeijer multivariate F test of excluded instruments:
  F( 28,329469) =     1.70
  Prob > F      =   0.0119



Summary results for first-stage regressions
-------------------------------------------

                                           (Underid)            (Weak id)
Variable     | F( 28,329469)  P-val | SW Chi-sq( 28) P-val | SW F( 28,329469)
educ         |       1.70    0.0119 |       47.57   0.0119 |        1.70

NB: first-stage test statistics heteroskedasticity-robust

Stock-Yogo weak ID F test critical values for single endogenous regressor:
                                    5% maximal IV relative bias    21.42
                                   10% maximal IV relative bias    11.34
                                   20% maximal IV relative bias     6.13
                                   30% maximal IV relative bias     4.32
                                   10% maximal IV size             81.40
                                   15% maximal IV size             42.37
                                   20% maximal IV size             29.12
                                   25% maximal IV size             22.43
Source: Stock-Yogo (2005).  Reproduced by permission.
NB: Critical values are for i.i.d. errors only.

Underidentification test
Ho: matrix of reduced form coefficients has rank=K1-1 (underidentified)
Ha: matrix has rank=K1 (identified)
Kleibergen-Paap rk LM statistic          Chi-sq(28)=47.55   P-val=0.0120

Weak identification test
Ho: equation is weakly identified
Cragg-Donald Wald F statistic                                       1.73
Kleibergen-Paap Wald rk F statistic                                 1.70

Stock-Yogo weak ID test critical values for K1=1 and L1=28:
                                    5% maximal IV relative bias    21.42
                                   10% maximal IV relative bias    11.34
                                   20% maximal IV relative bias     6.13
                                   30% maximal IV relative bias     4.32
                                   10% maximal IV size             81.40
                                   15% maximal IV size             42.37
                                   20% maximal IV size             29.12
                                   25% maximal IV size             22.43
Source: Stock-Yogo (2005).  Reproduced by permission.
NB: Critical values are for Cragg-Donald F statistic and i.i.d. errors.

Weak-instrument-robust inference
Tests of joint significance of endogenous regressors B1 in main equation
Ho: B1=0 and orthogonality conditions are valid
Anderson-Rubin Wald test           F(28,329469)=   0.94     P-val=0.5625
Anderson-Rubin Wald test           Chi-sq(28)=    26.19     P-val=0.5624
Stock-Wright LM S statistic        Chi-sq(28)=    26.22     P-val=0.5611

NB: Underidentification, weak identification and weak-identification-robust
    test statistics heteroskedasticity-robust

Number of observations               N  =     329509
Number of regressors                 K  =         13
Number of endogenous regressors      K1 =          1
Number of instruments                L  =         40
Number of excluded instruments       L1 =         28

IV (2SLS) estimation
--------------------

Estimates efficient for homoskedasticity only
Statistics robust to heteroskedasticity

                                                      Number of obs =   329509
                                                      F( 12,329496) =     3.54
                                                      Prob > F      =   0.0000
Total (centered) SS     =  151837.8708                Centered R2   =   0.1171
Total (uncentered) SS   =  11621827.82                Uncentered R2 =   0.9885
Residual SS             =   134065.072                Root MSE      =    .6379

------------------------------------------------------------------------------
             |               Robust
   logSalSem | Coefficient  std. err.      z    P>|z|     [95% conf. interval]
-------------+----------------------------------------------------------------
        educ |   .0655891   .0282022     2.33   0.020     .0103138    .1208644
        edad |  -.0015897   .0041277    -0.39   0.700    -.0096799    .0065005
      edadTQ |  -.0000572   .0000926    -0.62   0.537    -.0002387    .0001243
    yob_1931 |  -.0128367   .0072207    -1.78   0.075    -.0269891    .0013156
    yob_1932 |  -.0281634   .0125579    -2.24   0.025    -.0527764   -.0035503
    yob_1933 |   -.037584   .0183399    -2.05   0.040    -.0735295   -.0016385
    yob_1934 |  -.0477518   .0246266    -1.94   0.052    -.0960189    .0005154
    yob_1935 |    -.06603   .0301216    -2.19   0.028    -.1250673   -.0069927
    yob_1936 |   -.071208   .0356374    -2.00   0.046    -.1410561     -.00136
    yob_1937 |  -.0823658   .0409563    -2.01   0.044    -.1626387    -.002093
    yob_1938 |  -.0884553   .0456455    -1.94   0.053    -.1779188    .0010082
    yob_1939 |   -.105826   .0511088    -2.07   0.038    -.2059974   -.0056546
       _cons |   5.304931   .5285458    10.04   0.000        4.269    6.340861
------------------------------------------------------------------------------
Underidentification test (Kleibergen-Paap rk LM statistic):             47.553
                                                   Chi-sq(28) P-val =   0.0120
------------------------------------------------------------------------------
Weak identification test (Cragg-Donald Wald F statistic):                1.728
                         (Kleibergen-Paap rk Wald F statistic):          1.699
Stock-Yogo weak ID test critical values:  5% maximal IV relative bias    21.42
                                         10% maximal IV relative bias    11.34
                                         20% maximal IV relative bias     6.13
                                         30% maximal IV relative bias     4.32
                                         10% maximal IV size             81.40
                                         15% maximal IV size             42.37
                                         20% maximal IV size             29.12
                                         25% maximal IV size             22.43
Source: Stock-Yogo (2005).  Reproduced by permission.
NB: Critical values are for Cragg-Donald F statistic and i.i.d. errors.
------------------------------------------------------------------------------
Hansen J statistic (overidentification test of all instruments):        23.782
                                                   Chi-sq(27) P-val =   0.6424
------------------------------------------------------------------------------
Instrumented:         educ
Included instruments: edad edadTQ yob_1931 yob_1932 yob_1933 yob_1934 yob_1935
                      yob_1936 yob_1937 yob_1938 yob_1939
Excluded instruments: z_q1_1930 z_q1_1931 z_q1_1932 z_q1_1933 z_q1_1934
                      z_q1_1935 z_q1_1936 z_q1_1937 z_q1_1938 z_q2_1930
                      z_q2_1931 z_q2_1932 z_q2_1933 z_q2_1934 z_q2_1935
                      z_q2_1936 z_q2_1937 z_q2_1938 z_q2_1939 z_q3_1930
                      z_q3_1931 z_q3_1932 z_q3_1933 z_q3_1934 z_q3_1935
                      z_q3_1936 z_q3_1937 z_q3_1938
Dropped collinear:    z_q1_1939 z_q3_1939
------------------------------------------------------------------------------

. 
. * Esta especificacion respeta mejor la logica del paper:
. * los anios de nacimiento (yob_controls) quedan como controles incluidos,
. * mientras que las interacciones trimestre x anio de nacimiento (z_yobqob) proveen la variacion exogena.
. 
. *==================================================================================================*
. * 7. DIAGNOSTICOS FORMALES: ENDOGENEIDAD, RELEVANCIA Y VALIDEZ                                     *
. *==================================================================================================*
. 
. /****************************************************************************************************
> IMPORTANTE:
> - Test de endogeneidad:
>       pregunta si educ realmente necesita ser tratada como endogena
>       o si MCO podria alcanzar.
> - Test de sobreidentificacion:
>       NO pregunta eso.
>       Pregunta, una vez que ya decidiste instrumentar educ, si los
>       instrumentos excedentes parecen compatibles con exogeneidad.
> - Test de primera etapa / weak IV:
>       pregunta si los instrumentos tienen fuerza suficiente para mover educ.
> No conviene confundir estas tres preguntas porque responden a cosas distintas.
> ****************************************************************************************************/
. 
. *------------------------------------------*
. * 7.1 Test de endogeneidad (DWH)           *
. *------------------------------------------*
. 
. * Version mas directa
. ivregress 2sls logSalSem edad edadTQ $yob_controls (educ = $z_yobqob) if $muestra
note: z_q1_1939 omitted because of collinearity.
note: z_q3_1939 omitted because of collinearity.

Instrumental-variables 2SLS regression            Number of obs   =    329,509
                                                  Wald chi2(12)   =      43.14
                                                  Prob > chi2     =     0.0000
                                                  R-squared       =     0.1171
                                                  Root MSE        =     .63786

------------------------------------------------------------------------------
   logSalSem | Coefficient  Std. err.      z    P>|z|     [95% conf. interval]
-------------+----------------------------------------------------------------
        educ |   .0655891   .0279905     2.34   0.019     .0107288    .1204494
        edad |  -.0015897   .0041049    -0.39   0.699    -.0096351    .0064557
      edadTQ |  -.0000572    .000092    -0.62   0.534    -.0002376    .0001232
    yob_1931 |  -.0128367   .0071446    -1.80   0.072    -.0268399    .0011664
    yob_1932 |  -.0281634   .0125101    -2.25   0.024    -.0526827    -.003644
    yob_1933 |   -.037584   .0182493    -2.06   0.039     -.073352    -.001816
    yob_1934 |  -.0477518   .0244859    -1.95   0.051    -.0957432    .0002397
    yob_1935 |    -.06603   .0299786    -2.20   0.028     -.124787   -.0072729
    yob_1936 |   -.071208   .0354595    -2.01   0.045    -.1407074   -.0017086
    yob_1937 |  -.0823658   .0407678    -2.02   0.043    -.1622692   -.0024625
    yob_1938 |  -.0884553   .0454238    -1.95   0.051    -.1774842    .0005737
    yob_1939 |   -.105826   .0508527    -2.08   0.037    -.2054956   -.0061565
       _cons |   5.304931   .5250547    10.10   0.000     4.275843    6.334019
------------------------------------------------------------------------------
Endogenous: educ
Exogenous:  edad edadTQ yob_1931 yob_1932 yob_1933 yob_1934 yob_1935
            yob_1936 yob_1937 yob_1938 yob_1939 z_q1_1930 z_q1_1931
            z_q1_1932 z_q1_1933 z_q1_1934 z_q1_1935 z_q1_1936 z_q1_1937
            z_q1_1938 z_q2_1930 z_q2_1931 z_q2_1932 z_q2_1933 z_q2_1934
            z_q2_1935 z_q2_1936 z_q2_1937 z_q2_1938 z_q2_1939 z_q3_1930
            z_q3_1931 z_q3_1932 z_q3_1933 z_q3_1934 z_q3_1935 z_q3_1936
            z_q3_1937 z_q3_1938

. estat endogenous

  Tests of endogeneity
  H0: Variables are exogenous

  Durbin (score) chi2(1)          =  .038409  (p = 0.8446)
  Wu-Hausman F(1,329495)          =  .038408  (p = 0.8446)

. 
. * Version "manual" tipo Hausman clasico (no robusta)
. regress logSalSem educ edad edadTQ $yob_controls if $muestra

      Source |       SS           df       MS      Number of obs   =   329,509
-------------+----------------------------------   F(12, 329496)   =   3664.75
       Model |   17879.121        12  1489.92675   Prob > F        =    0.0000
    Residual |   133958.75   329,496  .406556528   R-squared       =    0.1178
-------------+----------------------------------   Adj R-squared   =    0.1177
       Total |  151837.871   329,508  .460801773   Root MSE        =    .63762

------------------------------------------------------------------------------
   logSalSem | Coefficient  Std. err.      t    P>|t|     [95% conf. interval]
-------------+----------------------------------------------------------------
        educ |   .0710722   .0003391   209.62   0.000     .0704076    .0717367
        edad |  -.0015307   .0040923    -0.37   0.708    -.0095515    .0064901
      edadTQ |  -.0000456   .0000704    -0.65   0.517    -.0001837    .0000924
    yob_1931 |   -.012397   .0067803    -1.83   0.067    -.0256861    .0008922
    yob_1932 |  -.0267606   .0102546    -2.61   0.009    -.0468593    -.006662
    yob_1933 |  -.0353391   .0141978    -2.49   0.013    -.0631663   -.0075119
    yob_1934 |  -.0445439   .0181985    -2.45   0.014    -.0802125   -.0088754
    yob_1935 |  -.0620688   .0221249    -2.81   0.005    -.1054331   -.0187046
    yob_1936 |  -.0664869   .0260022    -2.56   0.011    -.1174505   -.0155234
    yob_1937 |  -.0769209   .0298136    -2.58   0.010    -.1353548    -.018487
    yob_1938 |  -.0824493    .033505    -2.46   0.014    -.1481181   -.0167805
    yob_1939 |  -.0990201   .0371218    -2.67   0.008    -.1717777   -.0262624
       _cons |   5.205176   .1280056    40.66   0.000     4.954288    5.456063
------------------------------------------------------------------------------

. estimates store ols_nr

. 
. ivregress 2sls logSalSem edad edadTQ $yob_controls (educ = $z_yobqob) if $muestra
note: z_q1_1939 omitted because of collinearity.
note: z_q3_1939 omitted because of collinearity.

Instrumental-variables 2SLS regression            Number of obs   =    329,509
                                                  Wald chi2(12)   =      43.14
                                                  Prob > chi2     =     0.0000
                                                  R-squared       =     0.1171
                                                  Root MSE        =     .63786

------------------------------------------------------------------------------
   logSalSem | Coefficient  Std. err.      z    P>|z|     [95% conf. interval]
-------------+----------------------------------------------------------------
        educ |   .0655891   .0279905     2.34   0.019     .0107288    .1204494
        edad |  -.0015897   .0041049    -0.39   0.699    -.0096351    .0064557
      edadTQ |  -.0000572    .000092    -0.62   0.534    -.0002376    .0001232
    yob_1931 |  -.0128367   .0071446    -1.80   0.072    -.0268399    .0011664
    yob_1932 |  -.0281634   .0125101    -2.25   0.024    -.0526827    -.003644
    yob_1933 |   -.037584   .0182493    -2.06   0.039     -.073352    -.001816
    yob_1934 |  -.0477518   .0244859    -1.95   0.051    -.0957432    .0002397
    yob_1935 |    -.06603   .0299786    -2.20   0.028     -.124787   -.0072729
    yob_1936 |   -.071208   .0354595    -2.01   0.045    -.1407074   -.0017086
    yob_1937 |  -.0823658   .0407678    -2.02   0.043    -.1622692   -.0024625
    yob_1938 |  -.0884553   .0454238    -1.95   0.051    -.1774842    .0005737
    yob_1939 |   -.105826   .0508527    -2.08   0.037    -.2054956   -.0061565
       _cons |   5.304931   .5250547    10.10   0.000     4.275843    6.334019
------------------------------------------------------------------------------
Endogenous: educ
Exogenous:  edad edadTQ yob_1931 yob_1932 yob_1933 yob_1934 yob_1935
            yob_1936 yob_1937 yob_1938 yob_1939 z_q1_1930 z_q1_1931
            z_q1_1932 z_q1_1933 z_q1_1934 z_q1_1935 z_q1_1936 z_q1_1937
            z_q1_1938 z_q2_1930 z_q2_1931 z_q2_1932 z_q2_1933 z_q2_1934
            z_q2_1935 z_q2_1936 z_q2_1937 z_q2_1938 z_q2_1939 z_q3_1930
            z_q3_1931 z_q3_1932 z_q3_1933 z_q3_1934 z_q3_1935 z_q3_1936
            z_q3_1937 z_q3_1938

. estimates store iv_nr

. 
. hausman iv_nr ols_nr, sigmamore

Note: the rank of the differenced variance matrix (1) does not equal the number of coefficients being tested (12); be sure this is what you expect, or there may be
        problems computing the test.  Examine the output of your estimators for anything unexpected and possibly consider scaling your variables so that the
        coefficients are on a similar scale.

                 ---- Coefficients ----
             |      (b)          (B)            (b-B)     sqrt(diag(V_b-V_B))
             |     iv_nr        ols_nr       Difference       Std. err.
-------------+----------------------------------------------------------------
        educ |    .0655891     .0710722       -.0054831        .0279778
        edad |   -.0015897    -.0015307        -.000059        .0003009
      edadTQ |   -.0000572    -.0000456       -.0000116        .0000592
    yob_1931 |   -.0128367     -.012397       -.0004397        .0022438
    yob_1932 |   -.0281634    -.0267606       -.0014027        .0071574
    yob_1933 |    -.037584    -.0353391       -.0022449        .0114547
    yob_1934 |   -.0477518    -.0445439       -.0032078        .0163683
    yob_1935 |     -.06603    -.0620688       -.0039612        .0202121
    yob_1936 |    -.071208    -.0664869       -.0047211        .0240897
    yob_1937 |   -.0823658    -.0769209       -.0054449        .0277832
    yob_1938 |   -.0884553    -.0824493        -.006006        .0306461
    yob_1939 |    -.105826    -.0990201       -.0068059        .0347279
------------------------------------------------------------------------------
                      b = Consistent under H0 and Ha; obtained from ivregress.
         B = Inconsistent under Ha, efficient under H0; obtained from regress.

Test of H0: Difference in coefficients not systematic

    chi2(1) = (b-B)'[(V_b-V_B)^(-1)](b-B)
            =   0.04
Prob > chi2 = 0.8446
(V_b-V_B is not positive definite)

. 
. * Lectura:
. * - p-valor chico  -> evidencia de endogeneidad -> preferir IV.
. * - p-valor grande -> no se rechaza exogeneidad -> MCO podria bastar.
. 
. * en este caso, MCO bastaría. (pero MCO no nos sirve para nuestra identificacion causal)
. 
. *------------------------------------------*
. * 7.2 Relevancia / fuerza de instrumentos  *
. *------------------------------------------*
. 
. * Diagnosticos integrados
. ivregress 2sls logSalSem edad edadTQ $yob_controls (educ = $z_yobqob) if $muestra, vce(robust) first
note: z_q1_1939 omitted because of collinearity.
note: z_q3_1939 omitted because of collinearity.

First-stage regressions
-----------------------

                                                       Number of obs = 329,509
                                                       F(39, 329469) =   27.75
                                                       Prob > F      =  0.0000
                                                       R-squared     =  0.0033
                                                       Adj R-squared =  0.0032
                                                       Root MSE      =  3.2760

------------------------------------------------------------------------------
             |               Robust
        educ | Coefficient  std. err.      t    P>|t|     [95% conf. interval]
-------------+----------------------------------------------------------------
        edad |   .2706321   .1206894     2.24   0.025     .0340843    .5071799
      edadTQ |  -.0063044   .0022603    -2.79   0.005    -.0107345   -.0018742
    yob_1931 |     -.3566   .1262377    -2.82   0.005    -.6040223   -.1091777
    yob_1932 |  -.5730433    .230227    -2.49   0.013    -1.024282    -.121805
    yob_1933 |  -.9267141   .3339266    -2.78   0.006    -1.581201   -.2722275
    yob_1934 |  -1.127331   .4341854    -2.60   0.009    -1.978322     -.27634
    yob_1935 |  -1.399169   .5309001    -2.64   0.008    -2.439718   -.3586203
    yob_1936 |  -1.571794   .6235916    -2.52   0.012    -2.794015   -.3495722
    yob_1937 |  -1.797219    .712318    -2.52   0.012    -3.193342    -.401096
    yob_1938 |  -1.993852     .79705    -2.50   0.012    -3.556047   -.4316566
    yob_1939 |  -2.150628   .8502001    -2.53   0.011    -3.816996   -.4842609
   z_q1_1930 |   -.145621   .0863784    -1.69   0.092    -.3149202    .0236782
   z_q1_1931 |   .1175078   .0852108     1.38   0.168    -.0495028    .2845185
   z_q1_1932 |   -.013444    .082314    -0.16   0.870     -.174777     .147889
   z_q1_1933 |   .1512025   .0808748     1.87   0.062    -.0073098    .3097148
   z_q1_1934 |   .0102178   .0777695     0.13   0.895    -.1422082    .1626439
   z_q1_1935 |  -.0173657   .0756725    -0.23   0.818    -.1656816    .1309502
   z_q1_1936 |  -.0430629   .0725785    -0.59   0.553    -.1853146    .0991888
   z_q1_1937 |  -.0062329   .0706387    -0.09   0.930    -.1446826    .1322168
   z_q1_1938 |   .0315425   .0683746     0.46   0.645    -.1024698    .1655548
   z_q2_1930 |   .1158092   .1240825     0.93   0.351    -.1273889    .3590073
   z_q2_1931 |   .2246878   .1226178     1.83   0.067    -.0156396    .4650151
   z_q2_1932 |   .1819448   .1204106     1.51   0.131    -.0540566    .4179462
   z_q2_1933 |   .2355926   .1183022     1.99   0.046     .0037237    .4674615
   z_q2_1934 |   .2169478   .1156178     1.88   0.061    -.0096598    .4435555
   z_q2_1935 |    .257831   .1130651     2.28   0.023     .0362267    .4794353
   z_q2_1936 |   .1573012   .1105113     1.42   0.155    -.0592977    .3739002
   z_q2_1937 |   .1410021   .1081143     1.30   0.192    -.0708988    .3529029
   z_q2_1938 |   .2391631   .1053992     2.27   0.023     .0325837    .4457424
   z_q2_1939 |   .1521966   .0791546     1.92   0.055    -.0029441    .3073373
   z_q3_1930 |   .0228233   .0766667     0.30   0.766    -.1274412    .1730879
   z_q3_1931 |   .2270842   .0768757     2.95   0.003     .0764101    .3777583
   z_q3_1932 |   .0826732   .0750712     1.10   0.271    -.0644642    .2298107
   z_q3_1933 |    .207867   .0750632     2.77   0.006     .0607453    .3549886
   z_q3_1934 |   .0532102   .0723989     0.73   0.462    -.0886896    .1951099
   z_q3_1935 |   .1815902    .070673     2.57   0.010     .0430731    .3201073
   z_q3_1936 |   .0949448    .069501     1.37   0.172    -.0412752    .2311648
   z_q3_1937 |   .1247644   .0669865     1.86   0.063    -.0065272    .2560559
   z_q3_1938 |   .0868443   .0658916     1.32   0.188    -.0423014      .21599
       _cons |   14.65535   1.983306     7.39   0.000     10.76813    18.54257
------------------------------------------------------------------------------


Instrumental-variables 2SLS regression            Number of obs   =    329,509
                                                  Wald chi2(12)   =      42.49
                                                  Prob > chi2     =     0.0000
                                                  R-squared       =     0.1171
                                                  Root MSE        =     .63786

------------------------------------------------------------------------------
             |               Robust
   logSalSem | Coefficient  std. err.      z    P>|z|     [95% conf. interval]
-------------+----------------------------------------------------------------
        educ |   .0655891   .0282022     2.33   0.020     .0103138    .1208644
        edad |  -.0015897   .0041277    -0.39   0.700    -.0096799    .0065005
      edadTQ |  -.0000572   .0000926    -0.62   0.537    -.0002387    .0001243
    yob_1931 |  -.0128367   .0072207    -1.78   0.075    -.0269891    .0013156
    yob_1932 |  -.0281634   .0125579    -2.24   0.025    -.0527764   -.0035503
    yob_1933 |   -.037584   .0183399    -2.05   0.040    -.0735295   -.0016385
    yob_1934 |  -.0477518   .0246266    -1.94   0.052    -.0960189    .0005154
    yob_1935 |    -.06603   .0301216    -2.19   0.028    -.1250673   -.0069927
    yob_1936 |   -.071208   .0356374    -2.00   0.046    -.1410561     -.00136
    yob_1937 |  -.0823658   .0409563    -2.01   0.044    -.1626387    -.002093
    yob_1938 |  -.0884553   .0456455    -1.94   0.053    -.1779188    .0010082
    yob_1939 |   -.105826   .0511088    -2.07   0.038    -.2059974   -.0056546
       _cons |   5.304931   .5285458    10.04   0.000        4.269    6.340861
------------------------------------------------------------------------------
Endogenous: educ
Exogenous:  edad edadTQ yob_1931 yob_1932 yob_1933 yob_1934 yob_1935
            yob_1936 yob_1937 yob_1938 yob_1939 z_q1_1930 z_q1_1931
            z_q1_1932 z_q1_1933 z_q1_1934 z_q1_1935 z_q1_1936 z_q1_1937
            z_q1_1938 z_q2_1930 z_q2_1931 z_q2_1932 z_q2_1933 z_q2_1934
            z_q2_1935 z_q2_1936 z_q2_1937 z_q2_1938 z_q2_1939 z_q3_1930
            z_q3_1931 z_q3_1932 z_q3_1933 z_q3_1934 z_q3_1935 z_q3_1936
            z_q3_1937 z_q3_1938

. estat firststage

  First-stage regression summary statistics
  --------------------------------------------------------------------------
               |            Adjusted      Partial       Robust
      Variable |   R-sq.       R-sq.        R-sq.   F(28,329469)  Prob > F
  -------------+------------------------------------------------------------
          educ |  0.0033      0.0032       0.0001       1.69871    0.0119
  --------------------------------------------------------------------------


. 
. * Primera etapa "a mano": test conjunto de instrumentos excluidos
. regress educ edad edadTQ $yob_controls $z_yobqob if $muestra, vce(robust)
note: yob_1939 omitted because of collinearity.

Linear regression                               Number of obs     =    329,509
                                                F(1, 329468)      =          .
                                                Prob > F          =          .
                                                R-squared         =     0.0033
                                                Root MSE          =      3.276

------------------------------------------------------------------------------
             |               Robust
        educ | Coefficient  std. err.      t    P>|t|     [95% conf. interval]
-------------+----------------------------------------------------------------
        edad |   .1328631   17565.74     0.00   1.000    -34428.21    34428.47
      edadTQ |  -.0020951   196.3837    -0.00   1.000    -384.9086    384.9044
    yob_1931 |  -.0839673   1570.694    -0.00   1.000    -3078.599    3078.432
    yob_1932 |  -.0361964   2747.959    -0.00   1.000    -5385.956    5385.884
    yob_1933 |  -.1340714   3533.538    -0.00   1.000    -6925.766    6925.498
    yob_1934 |  -.0873111   3928.855    -0.00   1.000     -7700.53    7700.355
    yob_1935 |  -.1201906   3927.229    -0.00   1.000    -7697.375    7697.135
    yob_1936 |   -.062275   3537.089    -0.00   1.000    -6932.656    6932.531
    yob_1937 |  -.0655783   2749.434    -0.00   1.000    -5388.878    5388.747
    yob_1938 |   -.048508   1570.983    -0.00   1.000     -3079.13    3079.033
    yob_1939 |          0  (omitted)
   z_q1_1930 |  -.3211779   2957.013    -0.00   1.000    -5795.981    5795.339
   z_q1_1931 |  -.0517352   3251.517    -0.00   1.000    -6372.932    6372.829
   z_q1_1932 |  -.1763732   3544.028    -0.00   1.000    -6946.368    6946.015
   z_q1_1933 |  -.0054128   3843.933    -0.00   1.000    -7534.003    7533.992
   z_q1_1934 |  -.1400836   4134.912    -0.00   1.000    -8104.447    8104.167
   z_q1_1935 |  -.1613533   4429.703    -0.00   1.000    -8682.252     8681.93
   z_q1_1936 |  -.1807366   4725.778    -0.00   1.000     -9262.57    9262.209
   z_q1_1937 |  -.1375927   5020.822    -0.00   1.000    -9840.803    9840.528
   z_q1_1938 |  -.0935034   5314.255    -0.00   1.000    -10415.88    10415.69
   z_q1_1939 |  -.1187321   5604.911    -0.00   1.000    -10985.58    10985.35
   z_q2_1930 |  -.0925486   9720.472    -0.00   1.000    -19051.94    19051.75
   z_q2_1931 |   .0205392   9520.383     0.00   1.000    -18659.66     18659.7
   z_q2_1932 |  -.0179945   9326.776    -0.00   1.000    -18280.23    18280.19
   z_q2_1933 |   .0398626    9129.18     0.00   1.000    -17892.89    17892.97
   z_q2_1934 |    .025427   8928.604     0.00   1.000    -17499.78    17499.83
   z_q2_1935 |   .0705194   8736.449     0.00   1.000    -17123.12    17123.26
   z_q2_1936 |  -.0258011   8537.716    -0.00   1.000     -16733.7    16733.65
   z_q2_1937 |   -.037891   8340.695    -0.00   1.000    -16347.56    16347.48
   z_q2_1938 |   .0644793    8144.73     0.00   1.000    -15963.37     15963.5
   z_q2_1939 |   -.018278   7955.799    -0.00   1.000    -15593.16    15593.12
   z_q3_1930 |  -.0810925   4841.748    -0.00   1.000    -9489.767    9489.605
   z_q3_1931 |    .125273    4750.46     0.00   1.000    -9310.639     9310.89
   z_q3_1932 |  -.0170333   4647.105    -0.00   1.000    -9108.209    9108.175
   z_q3_1933 |    .110265   4552.776     0.00   1.000      -8923.2     8923.42
   z_q3_1934 |  -.0422871   4454.258    -0.00   1.000     -8730.26    8730.176
   z_q3_1935 |   .0881975   4354.949     0.00   1.000    -8535.487    8535.664
   z_q3_1936 |   .0036567    4258.56     0.00   1.000    -8346.652    8346.659
   z_q3_1937 |   .0355809    4159.47     0.00   1.000    -8152.405    8152.476
   z_q3_1938 |  -.0002345   4062.433    -0.00   1.000    -7962.251    7962.251
   z_q3_1939 |  -.0849742   3961.713    -0.00   1.000    -7764.929    7764.759
       _cons |   11.19624   385039.2     0.00   1.000    -754654.6      754677
------------------------------------------------------------------------------

. test $z_yobqob

 ( 1)  z_q1_1930 = 0
 ( 2)  z_q1_1931 = 0
 ( 3)  z_q1_1932 = 0
 ( 4)  z_q1_1933 = 0
 ( 5)  z_q1_1934 = 0
 ( 6)  z_q1_1935 = 0
 ( 7)  z_q1_1936 = 0
 ( 8)  z_q1_1937 = 0
 ( 9)  z_q1_1938 = 0
 (10)  z_q1_1939 = 0
 (11)  z_q2_1930 = 0
 (12)  z_q2_1931 = 0
 (13)  z_q2_1932 = 0
 (14)  z_q2_1933 = 0
 (15)  z_q2_1934 = 0
 (16)  z_q2_1935 = 0
 (17)  z_q2_1936 = 0
 (18)  z_q2_1937 = 0
 (19)  z_q2_1938 = 0
 (20)  z_q2_1939 = 0
 (21)  z_q3_1930 = 0
 (22)  z_q3_1931 = 0
 (23)  z_q3_1932 = 0
 (24)  z_q3_1933 = 0
 (25)  z_q3_1934 = 0
 (26)  z_q3_1935 = 0
 (27)  z_q3_1936 = 0
 (28)  z_q3_1937 = 0
 (29)  z_q3_1938 = 0
 (30)  z_q3_1939 = 0
       Constraint 1 dropped
       Constraint 2 dropped
       Constraint 3 dropped
       Constraint 5 dropped
       Constraint 6 dropped
       Constraint 7 dropped
       Constraint 9 dropped
       Constraint 10 dropped
       Constraint 13 dropped
       Constraint 14 dropped
       Constraint 16 dropped
       Constraint 17 dropped
       Constraint 18 dropped
       Constraint 19 dropped
       Constraint 20 dropped
       Constraint 22 dropped
       Constraint 23 dropped
       Constraint 24 dropped
       Constraint 25 dropped
       Constraint 26 dropped
       Constraint 27 dropped
       Constraint 28 dropped
       Constraint 29 dropped
       Constraint 30 dropped

       F(  6,329468) =    0.00
            Prob > F =    1.0000

. 
. * Version mas completa con ivreg2
. ivreg2 logSalSem edad edadTQ $yob_controls (educ = $z_yobqob) if $muestra, robust first
Warning - collinearities detected
Vars dropped:       z_q1_1939 z_q3_1939

First-stage regressions
-----------------------


First-stage regression of educ:

Statistics robust to heteroskedasticity
Number of obs =                 329509
------------------------------------------------------------------------------
             |               Robust
        educ | Coefficient  std. err.      t    P>|t|     [95% conf. interval]
-------------+----------------------------------------------------------------
   z_q1_1930 |   -.145621   .0863784    -1.69   0.092    -.3149202    .0236782
   z_q1_1931 |   .1175079   .0852108     1.38   0.168    -.0495028    .2845185
   z_q1_1932 |   -.013444    .082314    -0.16   0.870     -.174777     .147889
   z_q1_1933 |   .1512025   .0808748     1.87   0.062    -.0073098    .3097148
   z_q1_1934 |   .0102178   .0777695     0.13   0.895    -.1422082    .1626439
   z_q1_1935 |  -.0173657   .0756725    -0.23   0.818    -.1656816    .1309502
   z_q1_1936 |  -.0430629   .0725785    -0.59   0.553    -.1853146    .0991888
   z_q1_1937 |  -.0062329   .0706387    -0.09   0.930    -.1446826    .1322169
   z_q1_1938 |   .0315425   .0683746     0.46   0.645    -.1024698    .1655548
   z_q1_1939 |          0  (omitted)
   z_q2_1930 |   .1158092   .1240825     0.93   0.351    -.1273889    .3590072
   z_q2_1931 |   .2246878   .1226177     1.83   0.067    -.0156395     .465015
   z_q2_1932 |   .1819448   .1204106     1.51   0.131    -.0540565    .4179462
   z_q2_1933 |   .2355926   .1183022     1.99   0.046     .0037238    .4674615
   z_q2_1934 |   .2169478   .1156178     1.88   0.061    -.0096597    .4435554
   z_q2_1935 |    .257831   .1130651     2.28   0.023     .0362267    .4794353
   z_q2_1936 |   .1573012   .1105113     1.42   0.155    -.0592977    .3739001
   z_q2_1937 |   .1410021   .1081142     1.30   0.192    -.0708987    .3529029
   z_q2_1938 |   .2391631   .1053992     2.27   0.023     .0325838    .4457424
   z_q2_1939 |   .1521966   .0791546     1.92   0.055    -.0029441    .3073373
   z_q3_1930 |   .0228233   .0766667     0.30   0.766    -.1274412    .1730879
   z_q3_1931 |   .2270842   .0768757     2.95   0.003     .0764101    .3777583
   z_q3_1932 |   .0826732   .0750712     1.10   0.271    -.0644642    .2298106
   z_q3_1933 |    .207867   .0750632     2.77   0.006     .0607454    .3549886
   z_q3_1934 |   .0532102   .0723989     0.73   0.462    -.0886896    .1951099
   z_q3_1935 |   .1815902    .070673     2.57   0.010     .0430731    .3201073
   z_q3_1936 |   .0949448    .069501     1.37   0.172    -.0412752    .2311648
   z_q3_1937 |   .1247644   .0669865     1.86   0.063    -.0065271    .2560559
   z_q3_1938 |   .0868443   .0658916     1.32   0.188    -.0423013      .21599
   z_q3_1939 |          0  (omitted)
        edad |   .2706321   .1206894     2.24   0.025     .0340844    .5071798
      edadTQ |  -.0063044   .0022603    -2.79   0.005    -.0107345   -.0018742
    yob_1931 |     -.3566   .1262377    -2.82   0.005    -.6040223   -.1091778
    yob_1932 |  -.5730433    .230227    -2.49   0.013    -1.024282    -.121805
    yob_1933 |  -.9267141   .3339266    -2.78   0.006    -1.581201   -.2722276
    yob_1934 |  -1.127331   .4341854    -2.60   0.009    -1.978322   -.2763401
    yob_1935 |  -1.399169   .5309001    -2.64   0.008    -2.439718   -.3586204
    yob_1936 |  -1.571794   .6235915    -2.52   0.012    -2.794015   -.3495723
    yob_1937 |  -1.797219    .712318    -2.52   0.012    -3.193342   -.4010962
    yob_1938 |  -1.993852     .79705    -2.50   0.012    -3.556047   -.4316568
    yob_1939 |  -2.150628      .8502    -2.53   0.011    -3.816996    -.484261
       _cons |   14.65535   1.983306     7.39   0.000     10.76813    18.54257
------------------------------------------------------------------------------
F test of excluded instruments:
  F( 28,329469) =     1.70
  Prob > F      =   0.0119
Sanderson-Windmeijer multivariate F test of excluded instruments:
  F( 28,329469) =     1.70
  Prob > F      =   0.0119



Summary results for first-stage regressions
-------------------------------------------

                                           (Underid)            (Weak id)
Variable     | F( 28,329469)  P-val | SW Chi-sq( 28) P-val | SW F( 28,329469)
educ         |       1.70    0.0119 |       47.57   0.0119 |        1.70

NB: first-stage test statistics heteroskedasticity-robust

Stock-Yogo weak ID F test critical values for single endogenous regressor:
                                    5% maximal IV relative bias    21.42
                                   10% maximal IV relative bias    11.34
                                   20% maximal IV relative bias     6.13
                                   30% maximal IV relative bias     4.32
                                   10% maximal IV size             81.40
                                   15% maximal IV size             42.37
                                   20% maximal IV size             29.12
                                   25% maximal IV size             22.43
Source: Stock-Yogo (2005).  Reproduced by permission.
NB: Critical values are for i.i.d. errors only.

Underidentification test
Ho: matrix of reduced form coefficients has rank=K1-1 (underidentified)
Ha: matrix has rank=K1 (identified)
Kleibergen-Paap rk LM statistic          Chi-sq(28)=47.55   P-val=0.0120

Weak identification test
Ho: equation is weakly identified
Cragg-Donald Wald F statistic                                       1.73
Kleibergen-Paap Wald rk F statistic                                 1.70

Stock-Yogo weak ID test critical values for K1=1 and L1=28:
                                    5% maximal IV relative bias    21.42
                                   10% maximal IV relative bias    11.34
                                   20% maximal IV relative bias     6.13
                                   30% maximal IV relative bias     4.32
                                   10% maximal IV size             81.40
                                   15% maximal IV size             42.37
                                   20% maximal IV size             29.12
                                   25% maximal IV size             22.43
Source: Stock-Yogo (2005).  Reproduced by permission.
NB: Critical values are for Cragg-Donald F statistic and i.i.d. errors.

Weak-instrument-robust inference
Tests of joint significance of endogenous regressors B1 in main equation
Ho: B1=0 and orthogonality conditions are valid
Anderson-Rubin Wald test           F(28,329469)=   0.94     P-val=0.5625
Anderson-Rubin Wald test           Chi-sq(28)=    26.19     P-val=0.5624
Stock-Wright LM S statistic        Chi-sq(28)=    26.22     P-val=0.5611

NB: Underidentification, weak identification and weak-identification-robust
    test statistics heteroskedasticity-robust

Number of observations               N  =     329509
Number of regressors                 K  =         13
Number of endogenous regressors      K1 =          1
Number of instruments                L  =         40
Number of excluded instruments       L1 =         28

IV (2SLS) estimation
--------------------

Estimates efficient for homoskedasticity only
Statistics robust to heteroskedasticity

                                                      Number of obs =   329509
                                                      F( 12,329496) =     3.54
                                                      Prob > F      =   0.0000
Total (centered) SS     =  151837.8708                Centered R2   =   0.1171
Total (uncentered) SS   =  11621827.82                Uncentered R2 =   0.9885
Residual SS             =   134065.072                Root MSE      =    .6379

------------------------------------------------------------------------------
             |               Robust
   logSalSem | Coefficient  std. err.      z    P>|z|     [95% conf. interval]
-------------+----------------------------------------------------------------
        educ |   .0655891   .0282022     2.33   0.020     .0103138    .1208644
        edad |  -.0015897   .0041277    -0.39   0.700    -.0096799    .0065005
      edadTQ |  -.0000572   .0000926    -0.62   0.537    -.0002387    .0001243
    yob_1931 |  -.0128367   .0072207    -1.78   0.075    -.0269891    .0013156
    yob_1932 |  -.0281634   .0125579    -2.24   0.025    -.0527764   -.0035503
    yob_1933 |   -.037584   .0183399    -2.05   0.040    -.0735295   -.0016385
    yob_1934 |  -.0477518   .0246266    -1.94   0.052    -.0960189    .0005154
    yob_1935 |    -.06603   .0301216    -2.19   0.028    -.1250673   -.0069927
    yob_1936 |   -.071208   .0356374    -2.00   0.046    -.1410561     -.00136
    yob_1937 |  -.0823658   .0409563    -2.01   0.044    -.1626387    -.002093
    yob_1938 |  -.0884553   .0456455    -1.94   0.053    -.1779188    .0010082
    yob_1939 |   -.105826   .0511088    -2.07   0.038    -.2059974   -.0056546
       _cons |   5.304931   .5285458    10.04   0.000        4.269    6.340861
------------------------------------------------------------------------------
Underidentification test (Kleibergen-Paap rk LM statistic):             47.553
                                                   Chi-sq(28) P-val =   0.0120
------------------------------------------------------------------------------
Weak identification test (Cragg-Donald Wald F statistic):                1.728
                         (Kleibergen-Paap rk Wald F statistic):          1.699
Stock-Yogo weak ID test critical values:  5% maximal IV relative bias    21.42
                                         10% maximal IV relative bias    11.34
                                         20% maximal IV relative bias     6.13
                                         30% maximal IV relative bias     4.32
                                         10% maximal IV size             81.40
                                         15% maximal IV size             42.37
                                         20% maximal IV size             29.12
                                         25% maximal IV size             22.43
Source: Stock-Yogo (2005).  Reproduced by permission.
NB: Critical values are for Cragg-Donald F statistic and i.i.d. errors.
------------------------------------------------------------------------------
Hansen J statistic (overidentification test of all instruments):        23.782
                                                   Chi-sq(27) P-val =   0.6424
------------------------------------------------------------------------------
Instrumented:         educ
Included instruments: edad edadTQ yob_1931 yob_1932 yob_1933 yob_1934 yob_1935
                      yob_1936 yob_1937 yob_1938 yob_1939
Excluded instruments: z_q1_1930 z_q1_1931 z_q1_1932 z_q1_1933 z_q1_1934
                      z_q1_1935 z_q1_1936 z_q1_1937 z_q1_1938 z_q2_1930
                      z_q2_1931 z_q2_1932 z_q2_1933 z_q2_1934 z_q2_1935
                      z_q2_1936 z_q2_1937 z_q2_1938 z_q2_1939 z_q3_1930
                      z_q3_1931 z_q3_1932 z_q3_1933 z_q3_1934 z_q3_1935
                      z_q3_1936 z_q3_1937 z_q3_1938
Dropped collinear:    z_q1_1939 z_q3_1939
------------------------------------------------------------------------------

. 
. * Comentario:
. * - Bajo homocedasticidad mirar Cragg-Donald y Stock-Yogo.
. * - Con robustez a heterocedasticidad mirar Kleibergen-Paap.
. * Si la primera etapa es debil, la inferencia IV convencional se vuelve fragil.
. 
. * en este caso, el instrumento es débil (Z mueve muy poco a X=educ).
. 
. *------------------------------------------*
. * 7.3 Sobreidentificacion / validez IV     *
. *------------------------------------------*
. 
. * Ahora SI tiene sentido porque estamos sobreidentificados:
. * hay una endogena y muchos instrumentos excluidos.
. ivregress 2sls logSalSem edad edadTQ $yob_controls (educ = $z_yobqob) if $muestra, vce(robust)
note: z_q1_1939 omitted because of collinearity.
note: z_q3_1939 omitted because of collinearity.

Instrumental-variables 2SLS regression            Number of obs   =    329,509
                                                  Wald chi2(12)   =      42.49
                                                  Prob > chi2     =     0.0000
                                                  R-squared       =     0.1171
                                                  Root MSE        =     .63786

------------------------------------------------------------------------------
             |               Robust
   logSalSem | Coefficient  std. err.      z    P>|z|     [95% conf. interval]
-------------+----------------------------------------------------------------
        educ |   .0655891   .0282022     2.33   0.020     .0103138    .1208644
        edad |  -.0015897   .0041277    -0.39   0.700    -.0096799    .0065005
      edadTQ |  -.0000572   .0000926    -0.62   0.537    -.0002387    .0001243
    yob_1931 |  -.0128367   .0072207    -1.78   0.075    -.0269891    .0013156
    yob_1932 |  -.0281634   .0125579    -2.24   0.025    -.0527764   -.0035503
    yob_1933 |   -.037584   .0183399    -2.05   0.040    -.0735295   -.0016385
    yob_1934 |  -.0477518   .0246266    -1.94   0.052    -.0960189    .0005154
    yob_1935 |    -.06603   .0301216    -2.19   0.028    -.1250673   -.0069927
    yob_1936 |   -.071208   .0356374    -2.00   0.046    -.1410561     -.00136
    yob_1937 |  -.0823658   .0409563    -2.01   0.044    -.1626387    -.002093
    yob_1938 |  -.0884553   .0456455    -1.94   0.053    -.1779188    .0010082
    yob_1939 |   -.105826   .0511088    -2.07   0.038    -.2059974   -.0056546
       _cons |   5.304931   .5285458    10.04   0.000        4.269    6.340861
------------------------------------------------------------------------------
Endogenous: educ
Exogenous:  edad edadTQ yob_1931 yob_1932 yob_1933 yob_1934 yob_1935
            yob_1936 yob_1937 yob_1938 yob_1939 z_q1_1930 z_q1_1931
            z_q1_1932 z_q1_1933 z_q1_1934 z_q1_1935 z_q1_1936 z_q1_1937
            z_q1_1938 z_q2_1930 z_q2_1931 z_q2_1932 z_q2_1933 z_q2_1934
            z_q2_1935 z_q2_1936 z_q2_1937 z_q2_1938 z_q2_1939 z_q3_1930
            z_q3_1931 z_q3_1932 z_q3_1933 z_q3_1934 z_q3_1935 z_q3_1936
            z_q3_1937 z_q3_1938

. estat overid

  Test of overidentifying restrictions:

  Score chi2(27)         =  23.7825  (p = 0.6424)

. 
. * Repeticion con ivreg2 + overid
. ivreg2 logSalSem edad edadTQ $yob_controls  (educ = $z_yobqob) if $muestra, robust
Warning - collinearities detected
Vars dropped:       z_q1_1939 z_q3_1939

IV (2SLS) estimation
--------------------

Estimates efficient for homoskedasticity only
Statistics robust to heteroskedasticity

                                                      Number of obs =   329509
                                                      F( 12,329496) =     3.54
                                                      Prob > F      =   0.0000
Total (centered) SS     =  151837.8708                Centered R2   =   0.1171
Total (uncentered) SS   =  11621827.82                Uncentered R2 =   0.9885
Residual SS             =   134065.072                Root MSE      =    .6379

------------------------------------------------------------------------------
             |               Robust
   logSalSem | Coefficient  std. err.      z    P>|z|     [95% conf. interval]
-------------+----------------------------------------------------------------
        educ |   .0655891   .0282022     2.33   0.020     .0103138    .1208644
        edad |  -.0015897   .0041277    -0.39   0.700    -.0096799    .0065005
      edadTQ |  -.0000572   .0000926    -0.62   0.537    -.0002387    .0001243
    yob_1931 |  -.0128367   .0072207    -1.78   0.075    -.0269891    .0013156
    yob_1932 |  -.0281634   .0125579    -2.24   0.025    -.0527764   -.0035503
    yob_1933 |   -.037584   .0183399    -2.05   0.040    -.0735295   -.0016385
    yob_1934 |  -.0477518   .0246266    -1.94   0.052    -.0960189    .0005154
    yob_1935 |    -.06603   .0301216    -2.19   0.028    -.1250673   -.0069927
    yob_1936 |   -.071208   .0356374    -2.00   0.046    -.1410561     -.00136
    yob_1937 |  -.0823658   .0409563    -2.01   0.044    -.1626387    -.002093
    yob_1938 |  -.0884553   .0456455    -1.94   0.053    -.1779188    .0010082
    yob_1939 |   -.105826   .0511088    -2.07   0.038    -.2059974   -.0056546
       _cons |   5.304931   .5285458    10.04   0.000        4.269    6.340861
------------------------------------------------------------------------------
Underidentification test (Kleibergen-Paap rk LM statistic):             47.553
                                                   Chi-sq(28) P-val =   0.0120
------------------------------------------------------------------------------
Weak identification test (Cragg-Donald Wald F statistic):                1.728
                         (Kleibergen-Paap rk Wald F statistic):          1.699
Stock-Yogo weak ID test critical values:  5% maximal IV relative bias    21.42
                                         10% maximal IV relative bias    11.34
                                         20% maximal IV relative bias     6.13
                                         30% maximal IV relative bias     4.32
                                         10% maximal IV size             81.40
                                         15% maximal IV size             42.37
                                         20% maximal IV size             29.12
                                         25% maximal IV size             22.43
Source: Stock-Yogo (2005).  Reproduced by permission.
NB: Critical values are for Cragg-Donald F statistic and i.i.d. errors.
------------------------------------------------------------------------------
Hansen J statistic (overidentification test of all instruments):        23.782
                                                   Chi-sq(27) P-val =   0.6424
------------------------------------------------------------------------------
Instrumented:         educ
Included instruments: edad edadTQ yob_1931 yob_1932 yob_1933 yob_1934 yob_1935
                      yob_1936 yob_1937 yob_1938 yob_1939
Excluded instruments: z_q1_1930 z_q1_1931 z_q1_1932 z_q1_1933 z_q1_1934
                      z_q1_1935 z_q1_1936 z_q1_1937 z_q1_1938 z_q2_1930
                      z_q2_1931 z_q2_1932 z_q2_1933 z_q2_1934 z_q2_1935
                      z_q2_1936 z_q2_1937 z_q2_1938 z_q2_1939 z_q3_1930
                      z_q3_1931 z_q3_1932 z_q3_1933 z_q3_1934 z_q3_1935
                      z_q3_1936 z_q3_1937 z_q3_1938
Dropped collinear:    z_q1_1939 z_q3_1939
------------------------------------------------------------------------------

. overid

collinearity check...
collinearities detected in [X Z] (right to left): z_q3_1939 z_q1_1939
warning: collinearities detected, reparameterization may be advisable

Overidentification test: 2-step-GMM-based (LM version)
  Test statistic robust to heteroskedasticity
j=   23.78  Chi-sq( 27) p-value=0.6424

. 
. * Lectura:
. * - p-valor grande -> no se rechaza la validez conjunta de los instrumentos excedentes.
. * - p-valor chico  -> al menos uno de los instrumentos excedentes parece problematico.
. 
. 
. *==================================================================================================*
. * 8. EXTRA: GMM EN DOS ETAPAS                                                                      *
. *==================================================================================================*
. 
. * Con heterocedasticidad, GMM2S puede ser mas eficiente asintoticamente que 2SLS.
. ivreg2 logSalSem edad edadTQ $yob_controls  (educ = $z_yobqob) if $muestra, robust
Warning - collinearities detected
Vars dropped:       z_q1_1939 z_q3_1939

IV (2SLS) estimation
--------------------

Estimates efficient for homoskedasticity only
Statistics robust to heteroskedasticity

                                                      Number of obs =   329509
                                                      F( 12,329496) =     3.54
                                                      Prob > F      =   0.0000
Total (centered) SS     =  151837.8708                Centered R2   =   0.1171
Total (uncentered) SS   =  11621827.82                Uncentered R2 =   0.9885
Residual SS             =   134065.072                Root MSE      =    .6379

------------------------------------------------------------------------------
             |               Robust
   logSalSem | Coefficient  std. err.      z    P>|z|     [95% conf. interval]
-------------+----------------------------------------------------------------
        educ |   .0655891   .0282022     2.33   0.020     .0103138    .1208644
        edad |  -.0015897   .0041277    -0.39   0.700    -.0096799    .0065005
      edadTQ |  -.0000572   .0000926    -0.62   0.537    -.0002387    .0001243
    yob_1931 |  -.0128367   .0072207    -1.78   0.075    -.0269891    .0013156
    yob_1932 |  -.0281634   .0125579    -2.24   0.025    -.0527764   -.0035503
    yob_1933 |   -.037584   .0183399    -2.05   0.040    -.0735295   -.0016385
    yob_1934 |  -.0477518   .0246266    -1.94   0.052    -.0960189    .0005154
    yob_1935 |    -.06603   .0301216    -2.19   0.028    -.1250673   -.0069927
    yob_1936 |   -.071208   .0356374    -2.00   0.046    -.1410561     -.00136
    yob_1937 |  -.0823658   .0409563    -2.01   0.044    -.1626387    -.002093
    yob_1938 |  -.0884553   .0456455    -1.94   0.053    -.1779188    .0010082
    yob_1939 |   -.105826   .0511088    -2.07   0.038    -.2059974   -.0056546
       _cons |   5.304931   .5285458    10.04   0.000        4.269    6.340861
------------------------------------------------------------------------------
Underidentification test (Kleibergen-Paap rk LM statistic):             47.553
                                                   Chi-sq(28) P-val =   0.0120
------------------------------------------------------------------------------
Weak identification test (Cragg-Donald Wald F statistic):                1.728
                         (Kleibergen-Paap rk Wald F statistic):          1.699
Stock-Yogo weak ID test critical values:  5% maximal IV relative bias    21.42
                                         10% maximal IV relative bias    11.34
                                         20% maximal IV relative bias     6.13
                                         30% maximal IV relative bias     4.32
                                         10% maximal IV size             81.40
                                         15% maximal IV size             42.37
                                         20% maximal IV size             29.12
                                         25% maximal IV size             22.43
Source: Stock-Yogo (2005).  Reproduced by permission.
NB: Critical values are for Cragg-Donald F statistic and i.i.d. errors.
------------------------------------------------------------------------------
Hansen J statistic (overidentification test of all instruments):        23.782
                                                   Chi-sq(27) P-val =   0.6424
------------------------------------------------------------------------------
Instrumented:         educ
Included instruments: edad edadTQ yob_1931 yob_1932 yob_1933 yob_1934 yob_1935
                      yob_1936 yob_1937 yob_1938 yob_1939
Excluded instruments: z_q1_1930 z_q1_1931 z_q1_1932 z_q1_1933 z_q1_1934
                      z_q1_1935 z_q1_1936 z_q1_1937 z_q1_1938 z_q2_1930
                      z_q2_1931 z_q2_1932 z_q2_1933 z_q2_1934 z_q2_1935
                      z_q2_1936 z_q2_1937 z_q2_1938 z_q2_1939 z_q3_1930
                      z_q3_1931 z_q3_1932 z_q3_1933 z_q3_1934 z_q3_1935
                      z_q3_1936 z_q3_1937 z_q3_1938
Dropped collinear:    z_q1_1939 z_q3_1939
------------------------------------------------------------------------------

. 
. ivreg2 logSalSem edad edadTQ $yob_controls (educ = $z_yobqob) if $muestra, robust gmm2s
Warning - collinearities detected
Vars dropped:       z_q1_1939 z_q3_1939

2-Step GMM estimation
---------------------

Estimates efficient for arbitrary heteroskedasticity
Statistics robust to heteroskedasticity

                                                      Number of obs =   329509
                                                      F( 12,329496) =     3.61
                                                      Prob > F      =   0.0000
Total (centered) SS     =  151837.8708                Centered R2   =   0.1174
Total (uncentered) SS   =  11621827.82                Uncentered R2 =   0.9885
Residual SS             =  134006.9116                Root MSE      =    .6377

------------------------------------------------------------------------------
             |               Robust
   logSalSem | Coefficient  std. err.      z    P>|z|     [95% conf. interval]
-------------+----------------------------------------------------------------
        educ |   .0673826   .0281819     2.39   0.017      .012147    .1226181
        edad |  -.0016427   .0041243    -0.40   0.690    -.0097261    .0064407
      edadTQ |  -.0000551   .0000925    -0.60   0.552    -.0002365    .0001263
    yob_1931 |  -.0128735   .0072156    -1.78   0.074    -.0270158    .0012689
    yob_1932 |  -.0276021   .0125508    -2.20   0.028    -.0522013    -.003003
    yob_1933 |   -.037374   .0183243    -2.04   0.041    -.0732889    -.001459
    yob_1934 |  -.0476131   .0246083    -1.93   0.053    -.0958443    .0006182
    yob_1935 |   -.065841   .0300994    -2.19   0.029    -.1248348   -.0068473
    yob_1936 |  -.0706989   .0356102    -1.99   0.047    -.1404936   -.0009041
    yob_1937 |   -.082102   .0409254    -2.01   0.045    -.1623144   -.0018896
    yob_1938 |  -.0882961    .045612    -1.94   0.053    -.1776939    .0011018
    yob_1939 |  -.1055372    .051071    -2.07   0.039    -.2056346   -.0054398
       _cons |   5.280038    .528175    10.00   0.000     4.244834    6.315242
------------------------------------------------------------------------------
Underidentification test (Kleibergen-Paap rk LM statistic):             47.553
                                                   Chi-sq(28) P-val =   0.0120
------------------------------------------------------------------------------
Weak identification test (Cragg-Donald Wald F statistic):                1.728
                         (Kleibergen-Paap rk Wald F statistic):          1.699
Stock-Yogo weak ID test critical values:  5% maximal IV relative bias    21.42
                                         10% maximal IV relative bias    11.34
                                         20% maximal IV relative bias     6.13
                                         30% maximal IV relative bias     4.32
                                         10% maximal IV size             81.40
                                         15% maximal IV size             42.37
                                         20% maximal IV size             29.12
                                         25% maximal IV size             22.43
Source: Stock-Yogo (2005).  Reproduced by permission.
NB: Critical values are for Cragg-Donald F statistic and i.i.d. errors.
------------------------------------------------------------------------------
Hansen J statistic (overidentification test of all instruments):        23.782
                                                   Chi-sq(27) P-val =   0.6424
------------------------------------------------------------------------------
Instrumented:         educ
Included instruments: edad edadTQ yob_1931 yob_1932 yob_1933 yob_1934 yob_1935
                      yob_1936 yob_1937 yob_1938 yob_1939
Excluded instruments: z_q1_1930 z_q1_1931 z_q1_1932 z_q1_1933 z_q1_1934
                      z_q1_1935 z_q1_1936 z_q1_1937 z_q1_1938 z_q2_1930
                      z_q2_1931 z_q2_1932 z_q2_1933 z_q2_1934 z_q2_1935
                      z_q2_1936 z_q2_1937 z_q2_1938 z_q2_1939 z_q3_1930
                      z_q3_1931 z_q3_1932 z_q3_1933 z_q3_1934 z_q3_1935
                      z_q3_1936 z_q3_1937 z_q3_1938
Dropped collinear:    z_q1_1939 z_q3_1939
------------------------------------------------------------------------------

. 
. * La comparacion interesante no es tanto del coeficiente puntual,
. * sino de los errores estandar y de la matriz de ponderacion utilizada.
. 
. *==================================================================================================*
. * 9. EXTRA: PRUEBAS DE HIPOTESIS SOBRE EL PARAMETRO IV                                             *
. *==================================================================================================*
. 
. ivreg2 logSalSem edad edadTQ $yob_controls  (educ = $z_yobqob) if $muestra, robust
Warning - collinearities detected
Vars dropped:       z_q1_1939 z_q3_1939

IV (2SLS) estimation
--------------------

Estimates efficient for homoskedasticity only
Statistics robust to heteroskedasticity

                                                      Number of obs =   329509
                                                      F( 12,329496) =     3.54
                                                      Prob > F      =   0.0000
Total (centered) SS     =  151837.8708                Centered R2   =   0.1171
Total (uncentered) SS   =  11621827.82                Uncentered R2 =   0.9885
Residual SS             =   134065.072                Root MSE      =    .6379

------------------------------------------------------------------------------
             |               Robust
   logSalSem | Coefficient  std. err.      z    P>|z|     [95% conf. interval]
-------------+----------------------------------------------------------------
        educ |   .0655891   .0282022     2.33   0.020     .0103138    .1208644
        edad |  -.0015897   .0041277    -0.39   0.700    -.0096799    .0065005
      edadTQ |  -.0000572   .0000926    -0.62   0.537    -.0002387    .0001243
    yob_1931 |  -.0128367   .0072207    -1.78   0.075    -.0269891    .0013156
    yob_1932 |  -.0281634   .0125579    -2.24   0.025    -.0527764   -.0035503
    yob_1933 |   -.037584   .0183399    -2.05   0.040    -.0735295   -.0016385
    yob_1934 |  -.0477518   .0246266    -1.94   0.052    -.0960189    .0005154
    yob_1935 |    -.06603   .0301216    -2.19   0.028    -.1250673   -.0069927
    yob_1936 |   -.071208   .0356374    -2.00   0.046    -.1410561     -.00136
    yob_1937 |  -.0823658   .0409563    -2.01   0.044    -.1626387    -.002093
    yob_1938 |  -.0884553   .0456455    -1.94   0.053    -.1779188    .0010082
    yob_1939 |   -.105826   .0511088    -2.07   0.038    -.2059974   -.0056546
       _cons |   5.304931   .5285458    10.04   0.000        4.269    6.340861
------------------------------------------------------------------------------
Underidentification test (Kleibergen-Paap rk LM statistic):             47.553
                                                   Chi-sq(28) P-val =   0.0120
------------------------------------------------------------------------------
Weak identification test (Cragg-Donald Wald F statistic):                1.728
                         (Kleibergen-Paap rk Wald F statistic):          1.699
Stock-Yogo weak ID test critical values:  5% maximal IV relative bias    21.42
                                         10% maximal IV relative bias    11.34
                                         20% maximal IV relative bias     6.13
                                         30% maximal IV relative bias     4.32
                                         10% maximal IV size             81.40
                                         15% maximal IV size             42.37
                                         20% maximal IV size             29.12
                                         25% maximal IV size             22.43
Source: Stock-Yogo (2005).  Reproduced by permission.
NB: Critical values are for Cragg-Donald F statistic and i.i.d. errors.
------------------------------------------------------------------------------
Hansen J statistic (overidentification test of all instruments):        23.782
                                                   Chi-sq(27) P-val =   0.6424
------------------------------------------------------------------------------
Instrumented:         educ
Included instruments: edad edadTQ yob_1931 yob_1932 yob_1933 yob_1934 yob_1935
                      yob_1936 yob_1937 yob_1938 yob_1939
Excluded instruments: z_q1_1930 z_q1_1931 z_q1_1932 z_q1_1933 z_q1_1934
                      z_q1_1935 z_q1_1936 z_q1_1937 z_q1_1938 z_q2_1930
                      z_q2_1931 z_q2_1932 z_q2_1933 z_q2_1934 z_q2_1935
                      z_q2_1936 z_q2_1937 z_q2_1938 z_q2_1939 z_q3_1930
                      z_q3_1931 z_q3_1932 z_q3_1933 z_q3_1934 z_q3_1935
                      z_q3_1936 z_q3_1937 z_q3_1938
Dropped collinear:    z_q1_1939 z_q3_1939
------------------------------------------------------------------------------

. 
. * H0: el retorno de un anio adicional de educacion es 0
. test educ = 0

 ( 1)  educ = 0

           chi2(  1) =    5.41
         Prob > chi2 =    0.0200

. 
. * H0: el retorno es, por ejemplo, 10%
. test educ = 0.10

 ( 1)  educ = .1

           chi2(  1) =    1.49
         Prob > chi2 =    0.2224

. 
. * H0: el retorno es, por ejemplo, 7%
. test educ = 0.07

 ( 1)  educ = .07

           chi2(  1) =    0.02
         Prob > chi2 =    0.8757

. 
. * Intervalo de confianza y lectura puntual del parametro
. lincom educ

 ( 1)  educ = 0

------------------------------------------------------------------------------
   logSalSem | Coefficient  Std. err.      z    P>|z|     [95% conf. interval]
-------------+----------------------------------------------------------------
         (1) |   .0655891   .0282022     2.33   0.020     .0103138    .1208644
------------------------------------------------------------------------------

. 
. *==================================================================================================*
. * 10. EXTRA: PUENTE CON PANEL IV                                                                   *
. *==================================================================================================*
. 
. /****************************************************************************************************
> Este taller es de corte transversal, pero varias ideas se trasladan casi uno a uno al contexto panel.
> 
> 1) Si la variable es endogena en panel, se puede usar FE-IV o RE-IV:
>        xtivreg y x (d = z), fe vce(cluster id)
>        xtivreg y x (d = z), re vce(cluster id)
> 
> 2) La logica econometrica no cambia:
>        - endogeneidad de d,
>        - relevancia de z,
>        - validez de instrumentos excedentes.
> 
> 3) Lo que si cambia es el estimador:
>        - en FE-IV la identificacion usa la variacion within;
>        - en RE-IV entra una transformacion quasi-demeaned.
> 
> 4) Una estrategia muy util en panel, cuando queres mas diagnosticos,
>    es transformar los datos (within o quasi-demeaning) y luego correr ivreg2
>    sobre las variables transformadas. Eso permite recuperar pruebas de primera etapa,
>    overid, KP, etc., de manera mas transparente.
> 
> Esto recoge la intuicion central del taller de panel IV, sin romper el flujo
> de este taller de causalidad en seccion cruzada.
> ****************************************************************************************************/
. 
. * FIN DEL DO-FILE
. 
end of do-file

. log close
      name:  <unnamed>
       log:  C:\Users\Equipo\Downloads\8_VI.log
  log type:  text
 closed on:  28 Mar 2026, 11:02:15
---------------------------------------------------------------------------------------------------------------------------------------------------------------------
